"NBa7we src","d4r55","RfnDt","rsqaWe","wiI7pd","dSlJg","Hzvxle","pkWtMe","dSlJg 2","znYl0","znYl0 2"
"https://lh3.googleusercontent.com/a-/ALV-UjU8Tqk_BkRiDNkeLVC9NNS8DKG8KZkgcsauRvNJGOshV4ehO26p=w45-h45-p-rp-mo-ba3-br100","Erick Zapata Benalcázar","Local Guide · 59 opiniones · 21 fotos","Hace 5 meses","El servicio de emergencia es una burla.
Desorden y perdonal desorganizado.... El msp debe hacer algo con este centro de salud. Un médico para emergencias siendo un tipo c","","Me gusta","2","","Compartir",""
"https://lh3.googleusercontent.com/a-/ALV-UjWzl6lbIyrhipIYkutj_e4WddvI3QwtJDknhkI8eqmKnwZvnAEd=w45-h45-p-rp-mo-br100","Samantha Giselle Vasco","2 opiniones","Hace 4 meses","Por fabor agregar un numero verdadero, se llama para coger citas pero el numero es equivocado","","","","","Compartir","Me gusta"
"https://lh3.googleusercontent.com/a-/ALV-UjVliAijpRs2goYH6dhKFm2SfAn1cqRiT_c56GgOzSQ3tNcrYmWx=w45-h45-p-rp-mo-ba3-br100","Alejandro Carrasco","Local Guide · 12 opiniones · 24 fotos","Hace un año","Hoy 18 de Julio del 2022 estuvimos esperando como 6 personas 3 horas para que nos atendieran por sisntomas de gripe y tos.
Los que atendían resulto ser pasantes  atendiendo con demora ... reclamos a la…","","Me gusta","2","","Compartir",""
"https://lh3.googleusercontent.com/a-/ALV-UjUp0OkarHEVwg4SI8AY9Pa70rYVAlRNcxDgzNZYzXofpyCb38dakQ=w45-h45-p-rp-mo-br100","Mayfer","8 opiniones","Hace un año","Acabo de ir a varios. Llegan los supuestos ""médicos"" y preguntan los síntomas riéndose cómo si se burlan. Me hacen esperar para luego decirme que no me van atender. ¡Riéndose! También pertenezco al sistema de salud y me parece de lo peor este servicio.","","Me gusta","2","","Compartir",""
"https://lh3.googleusercontent.com/a-/ALV-UjVj6wB02KpWnXqFqtlL5nvg1jbZwknoP8CqzANMY38VzfvZ_XCu=w45-h45-p-rp-mo-ba2-br100","Mauricio Córdova","Local Guide · 19 opiniones · 3 fotos","Hace un año","Poca educación del guardia y además se prioriza amistades para el ingreso a los servicios. Falta de seriedad en los horarios de atención. El médico tenía que atender a las 4 y salió 4y40 y nadie informa nada.","","Me gusta","2","","Compartir",""
"https://lh3.googleusercontent.com/a-/ALV-UjUAwYmz-wwJ8SGDBjSmsxxj7rb3LSHKPx1wDTPqs7hSiyLPoEE-=w45-h45-p-rp-mo-ba5-br100","Davicho Chiryacu","Local Guide · 141 opiniones · 117 fotos","Hace 3 años","Como todo el sistema de salud, es ineficiente, para cojer un turno por el call center, te programan para después de un mes o más, cuando toca hacer exámenes te programan mínimo después de dos meses y si se solicita un turno por ventanilla por la premura de los exámenes, nunca hay, que todo por call center","","Me gusta","1","","Compartir",""
"https://lh3.googleusercontent.com/a-/ALV-UjUxPXnch7L2ALATbIymgYje9q9k7YnnnHYyCChv0JE6TZRuoNj4=w45-h45-p-rp-mo-br100","danny tabango","1 opinión","Hace 2 años","Pésima atención. Tiempo de espera más de 4 horas solo para una simple consulta. Hay varios pacientes que esperan con dolor. Muy pesima coordinación.","","Me gusta","1","","Compartir",""
"https://lh3.googleusercontent.com/a/ACg8ocJ4Lrq8YyYOoQq44XGi_iz6WDsUBJxZ_N1LrwOZYWTWOKv9jg=w45-h45-p-rp-mo-br100","Brayan Herrera","9 opiniones","Hace un año","Fue una buena atención en cuanto al personal para el usuario para agenda de turno hay 3 ventanillas pero atiende 1 ventanilla como sugerencia deben tener solo 1 ventanilla sólo para atención a call center","","Me gusta","1","","Compartir",""
"https://lh3.googleusercontent.com/a-/ALV-UjW-Ee2xfxNq3IfAj18OnAxgxZCVNPKYnujajO6UQsAxXF25sPyT=w45-h45-p-rp-mo-ba3-br100","David Hernandez","Local Guide · 37 opiniones · 2 fotos","Hace un año","Para una simple consulta estuve esperando como 2 horas. Al personal no le interesa en nada el bienestar del paciente puesto que te tienen esperando inclusive afuera del edificio.","","Me gusta","1","","Compartir",""
"https://lh3.googleusercontent.com/a-/ALV-UjUExp1BNHZiv2JgBzho2bQXQvuFW8onxx6pYNcHLHe0lLpY0Ebo=w45-h45-p-rp-mo-ba3-br100","Mario","Local Guide · 8 opiniones · 6 fotos","Hace 2 años","Pésima organización para la atención de emergencias, un centro tipo C que parece de última los pacientes que les Deán turno igual pasan en la calle sin atención,","","Me gusta","1","","Compartir",""
"https://lh3.googleusercontent.com/a-/ALV-UjWDl4W5Eg2c-Pd1CH0u6Geq2TUja2ydU0eghcCt_N2g6O6wQfgU=w45-h45-p-rp-mo-ba3-br100","Marco Almeida","Local Guide · 20 opiniones · 9 fotos","Hace 6 años","La verdad es que es un buen centro medico, ademas de contar con servicio de rx y atencion toda la noche la verdad si desean, una atención les recomiendo, como todo lugar publico tienen que esperar su turno","","Me gusta","3","","Compartir",""
"https://lh3.googleusercontent.com/a-/ALV-UjVZY4tFeEy06ZSVNXxuBh-fKzbDnkzqBYAmd9ltoJnr1Zhmwtpg=w45-h45-p-rp-mo-ba3-br100","Kevin Alpusig","Local Guide · 57 opiniones · 21 fotos","Hace un año","Más de 10 personas esperando en emergencias y no hay nadie que atienda y si se pregunta responden NO ES ASUNTO MIO","","","","","Compartir","Me gusta"
"https://lh3.googleusercontent.com/a-/ALV-UjU7tDzo71uChJuGK4_JF_jR1gFT0dm2greEz4gCoZK1MkeJ7nqi=w45-h45-p-rp-mo-ba5-br100","Fabricio García","Local Guide · 210 opiniones · 48 fotos","Hace 2 años","Horas sin atención, el guardia hace pasar a sus conocidos .
Pésimo mejor dirigirse a otro centro","","","","","Compartir","Me gusta"
"https://lh3.googleusercontent.com/a-/ALV-UjWQ5ClEJukelFMzMgb2a1NRT--Dhdwr3dRhkQWuc7-2OxX_Bgx6gw=w45-h45-p-rp-mo-ba4-br100","Jorge Almeida","Local Guide · 111 opiniones · 93 fotos","Hace 2 años","Mala no hay médicos para atender Los turnos posponen","","Me gusta","1","","Compartir",""
"https://lh3.googleusercontent.com/a-/ALV-UjWwNjkUKVTSGe3L52Q7KGJUjybdLlk6Oa7M1hLtY7_2IadjJQ8A=w45-h45-p-rp-mo-ba3-br100","Edgar Betancourt","Local Guide · 33 opiniones · 17 fotos","Hace un año","Al momento atendiendo solo Consulta externa en en Centro Comercial Chiriyacu segunda planta por motivo de remodelación","","Me gusta","1","","Compartir",""
"https://lh3.googleusercontent.com/a-/ALV-UjWe6mk6FsNsa2dJuYyIZPRpMiMsBCzgCScwAclseHjHc3FIwmvd=w45-h45-p-rp-mo-ba4-br100","Gabriel Vela (Gabu)","Local Guide · 102 opiniones · 458 fotos","Hace 4 años","La atencion es buena pero la cita para la atencion con los especialistas es muy demorosa es necesario mejorar en ese aspecto","","Me gusta","1","","Compartir",""
"https://lh3.googleusercontent.com/a-/ALV-UjVFAB7PXKqrlwSuNf5So9OfWbOYsIqdAzp6Ul6TLfQgX7bCZuMI=w45-h45-p-rp-mo-br100","Juan Carlos Buitrago","7 opiniones · 20 fotos","Hace 2 años","Centro de Salud con profesionales que brindan atención de calidad. Espacios limpios y personal preocupado por brindar soluciones a los usuarios.","","","","","Compartir","Me gusta"
"https://lh3.googleusercontent.com/a-/ALV-UjVuXBxdHype7H6dcv7hnueQNrguxZJCpiPOSimiJiwSbP5bl2A=w45-h45-p-rp-mo-br100","Cadena Sánchez Diego","3 opiniones","Hace 3 años","Pesima atención tanto de las personas que te atienden en ventanilla como el personal médico.
La atención es realmente mala.","","Me gusta","2","","Compartir",""
"https://lh3.googleusercontent.com/a-/ALV-UjWZhK5utuVySU-lPUUWDrYCUUlQEfElxADT8KZnIQvXXSUNM4kd=w45-h45-p-rp-mo-br100","Paola Vence","1 opinión","Hace 4 años","Terrible atención al menos 4 personas se fueron porque pasaron 4 horas y no se les hacía la revisión, no les importa la emergencia del paciente, pésimo servicio","","Me gusta","1","","Compartir",""
"https://lh3.googleusercontent.com/a/ACg8ocK0tk-pHHZXUfeXuWMiMe2WPb5p-9zY_TgKQ6rr6PVDT0-Wvw=w45-h45-p-rp-mo-ba4-br100","Paul León","Local Guide · 57 opiniones · 234 fotos","Hace 4 años","La atención es muy demorada, en la noche hay más doctores paseando por el lugar que brindando atención","","","","","Compartir","Me gusta"
"https://lh3.googleusercontent.com/a-/ALV-UjXN7js5sL63nvxuS4iMML30H0-j9eNKQBgfRvn64v3lqhx_7_EFVQ=w45-h45-p-rp-mo-br100","Belén Almachi","7 opiniones","Hace 4 años","Muy pero muy mal servicio por parte de la enfermera de emergencia una persona venezolana muy grosera, los médicos son otra cosa muy delicados y minuciosos excelentes profesionales","","","","","Compartir","Me gusta"
"https://lh3.googleusercontent.com/a-/ALV-UjV6cXPb8WsqOuOTBc_Rz-VIolb2VyYCfJDck4wWucCf_wI-qFJI=w45-h45-p-rp-mo-br100","Herrera Gabriela","4 opiniones","Hace 3 años","Algunos ""doctores"" de emergencia son muy déspotas con los pacientes y gritan y atienden de mala gana.","","Me gusta","5","","Compartir",""
"https://lh3.googleusercontent.com/a-/ALV-UjVqikxmFThW3YYP3DBBvC_Oa9jLFNmSbBN1MBl28SDF83-6phhq=w45-h45-p-rp-mo-ba3-br100","Alejandra Echeverría","Local Guide · 43 opiniones · 13 fotos","Hace 5 años","Sus instalaciones fueron remodeladas y expandidas para poder brindar servicio médico a más personas.","","Me gusta","1","","Compartir",""
"https://lh3.googleusercontent.com/a-/ALV-UjXUSEyrbxiDwC1dlQQLKQzMoErtjnuuZQ1F_90aShIYIP4tzkY=w45-h45-p-rp-mo-ba3-br100","Sebastian Egas","Local Guide · 98 opiniones · 21 fotos","Hace 4 años","No hay médico y lleno de Venezolanos Lenin Moreno","","","","","Compartir","Me gusta"
"https://lh3.googleusercontent.com/a-/ALV-UjXSZSWzXc9USduita0tBy0-YMdgV0OTd16ipKcTYfxPUcnESZQl=w45-h45-p-rp-mo-ba3-br100","OSCAR MUÑOZ","Local Guide · 36 opiniones","Hace 10 meses","revisan de manera muy basica","","","","","Compartir","Me gusta"
"https://lh3.googleusercontent.com/a-/ALV-UjVwPHR1BdtPH3oEz2_xZXJE6bYOe1k3g0Uxjm1VesKXz3zJl8VUjw=w45-h45-p-rp-mo-ba6-br100","Ramiro Garnica","Local Guide · 506 opiniones · 24 fotos","Hace un año","No existe medicinas","","Me gusta","1","","Compartir",""
"https://lh3.googleusercontent.com/a-/ALV-UjVGeaeOxv8hPMwRKO3ki9x3LB-Hz4_h-CilhN7_aCxsoiSb4tQj=w45-h45-p-rp-mo-ba2-br100","percy yanac","Local Guide · 10 opiniones · 10 fotos","Hace 8 meses","Buena atencion","","","","","Compartir","Me gusta"
"https://lh3.googleusercontent.com/a-/ALV-UjUkTuR2pq_I84QneZ2khaXDHuZ5txrC2QY2eVgR8TSRwwqOY1rt=w45-h45-p-rp-mo-br100","Israel Muquinche","1 opinión","Hace 7 años","Quiero atenderme ai","","","","","Compartir","Me gusta"
"https://lh3.googleusercontent.com/a-/ALV-UjVJZY_AODl9yrRTzVg5MDuIWN2SoctBj8cR77dcR5F0gsuhXLjU=w45-h45-p-rp-mo-ba4-br100","leslie josseth","Local Guide · 58 opiniones · 112 fotos","Hace un año","🙂…","","","","","Compartir","Me gusta"
"https://lh3.googleusercontent.com/a-/ALV-UjURrrHmq6LhMmey1ycr2wD3O_9Grp2JqyTlrVp22Gqg1UsldQLz=w45-h45-p-rp-mo-ba2-br100","Diany Proano","Local Guide · 28 opiniones","Hace 5 años","Bueno","","","","","Compartir","Me gusta"
"https://lh3.googleusercontent.com/a-/ALV-UjWmTs6twtbAQgq55Zornss8031kJNbP1XHnCtQiHp1-D20jrhVT_w=w45-h45-p-rp-mo-ba4-br100","Rogelio arboleda martinez","Local Guide · 67 opiniones · 25 fotos","Hace un año","Excelente establecimiento","","","","","Compartir","Me gusta"
"https://lh3.googleusercontent.com/a-/ALV-UjXhNqfrWor78m0yey7JWXMks_vlWq3aqan6FKRY5U-VApbb1ws=w45-h45-p-rp-mo-ba2-br100","Fernando Xavier","Local Guide · 17 opiniones · 17 fotos","Hace 5 años","Exelente atención","","","","","Compartir","Me gusta"
"https://lh3.googleusercontent.com/a-/ALV-UjWTfUkIkdFDmVOcIDc25xtnDP_Lnw_LYhHHKywVWikUA5ioZy8=w45-h45-p-rp-mo-ba3-br100","EFRAIN EDUARDO SORIA TOPA","Local Guide · 23 opiniones","3 semanas atrás","Bien","","","","","Compartir","Me gusta"
"https://lh3.googleusercontent.com/a/ACg8ocL3D0smmElAKoei2ilBVmOfi_6CruzCF6DUVBA2NtzL_06rip4b=w45-h45-p-rp-mo-ba6-br100","Ortiz Javier","Local Guide · 728 opiniones · 73 fotos","Hace 5 meses","Súper","","","","","Compartir","Me gusta"
"https://lh3.googleusercontent.com/a-/ALV-UjVudps8PufAvlYwc76f9fI8vpRyffS1GKag-BVC3bCcmSzHMZuTPQ=w45-h45-p-rp-mo-ba5-br100","Christian xCarvajal","Local Guide · 303 opiniones · 357 fotos","Hace 11 meses","no sé","","","","","Compartir","Me gusta"
"https://lh3.googleusercontent.com/a/ACg8ocLKVfu2HKRZSXju4-SSw4d1FQn8XTWVQiwNHuFwFHKKsxNwc5vk=w45-h45-p-rp-mo-br100","Betty Ninabanda","1 opinión","3 semanas atrás","","","","","","",""
"https://lh3.googleusercontent.com/a-/ALV-UjUVzDqFOBQoQoZbFUvr-EmNrbduuK8lDBg3mrcW-Gpyk3kG-cBP4w=w45-h45-p-rp-mo-br100","Cristina Simbaña","","Hace 4 meses","","","","","","",""
"https://lh3.googleusercontent.com/a/ACg8ocJxnGNi1zA90P37jOZ--vvKPg8raxnhRNg5H-7jtRy4Xqr5Zw=w45-h45-p-rp-mo-br100","Juanita Perez","2 opiniones","Hace un año","","","","","","",""
"https://lh3.googleusercontent.com/a-/ALV-UjUnptTpwkFinflDL_EbR82EefQD6lw6bB08kFpQQfix91OETBOesQ=w45-h45-p-rp-mo-br100","Jimmy M","","Hace un año","","","","","","",""
"https://lh3.googleusercontent.com/a-/ALV-UjWNZDCOXRi4JD0nCZWC5fuqZaBfxAox4X4RifTxT53-jzrLkRc=w45-h45-p-rp-mo-ba4-br100","Vicente Ovando","Local Guide · 41 opiniones · 26 fotos","Hace un año","","","","","","",""
"https://lh3.googleusercontent.com/a-/ALV-UjW-6lxtXbjST_VdaZLeKu21Kk-86auEeVPqt1ji-PFumS_JOSrY8A=w45-h45-p-rp-mo-br100","Alison BAJAÑA","","Hace 2 años","","","","","","",""
"https://lh3.googleusercontent.com/a-/ALV-UjWpXbZjVNSt7EN4K9q1dM7Mxqxv_0CuX0J2pz-EqlZLcC2bKLQ8=w45-h45-p-rp-mo-ba5-br100","Geli ZC","Local Guide · 92 opiniones · 519 fotos","Hace 2 años","","","","","","",""
"https://lh3.googleusercontent.com/a-/ALV-UjX08SQUFAkWoXsCYVX2xkrcyPcK2jGRsa8mJp2uGQadc9zp2En8=w45-h45-p-rp-mo-ba4-br100","Gabriel Vega","Local Guide · 163 opiniones · 148 fotos","Hace 2 años","","","","","","",""
"https://lh3.googleusercontent.com/a-/ALV-UjX5Fm6LhxRJPDoHu8jPZjhBq7lR0bcNpDTVnG92bMzW87W6KaV4=w45-h45-p-rp-mo-br100","Yudenia Herrera","2 opiniones","Hace 2 años","","","","","","",""
"https://lh3.googleusercontent.com/a-/ALV-UjWaja7yK6vUE0564a8vSIIqNbBc45Fuunc00ozv9ug5sdfO2o0=w45-h45-p-rp-mo-ba2-br100","David Rambay","Local Guide · 7 opiniones · 6 fotos","Hace 3 años","","","","","","",""
"https://lh3.googleusercontent.com/a-/ALV-UjVSxZEdZ8gvKFZwbgd6l0bmD-Qp4214Wm5YHb9zn5mpeIqJQHTj=w45-h45-p-rp-mo-br100","Gissela Villa","","Hace 4 años","","","","","","",""
"https://lh3.googleusercontent.com/a-/ALV-UjVYPGWleVjSKromkJiVu5KBgCjyEdLLjko2DrE0MvXYg5o_L-i0AA=w45-h45-p-rp-mo-br100","Evelyn Andrango","","Hace 5 años","","","","","","",""
"https://lh3.googleusercontent.com/a-/ALV-UjUJn9TVqizrMEwFlEoim_FhtM1iHLQuBOjIsFJH9_j0mhnqKNpFFA=w45-h45-p-rp-mo-br100","Fernando Castillo","22 fotos","Hace 5 años","","","","","","",""
"https://lh3.googleusercontent.com/a-/ALV-UjUNXn9uxr21MYnK2E-xsb3OVEgMUkzBOh7L2OU4L6cCA0Ns-F6U=w45-h45-p-rp-mo-ba3-br100","Luis Macias","Local Guide · 5 opiniones · 18 fotos","Hace 6 años","","","","","","",""
"https://lh3.googleusercontent.com/a-/ALV-UjUjV5Q0aWy3HL06NvPVlB18Vn46FkU2VBesa_mz9JDomhorabeX=w45-h45-p-rp-mo-ba2-br100","Dallmir Rios","Local Guide","Hace 6 años","","","","","","",""
"https://lh3.googleusercontent.com/a/ACg8ocJ5UhNH_hAKnjtrw-Uem-4bdn9mI3hzhQlPBWQD0JsLlq0iqg=w45-h45-p-rp-mo-br100","Darwin Prado","","Hace 8 años","","","","","","",""