"NBa7we src","d4r55","RfnDt","rsqaWe","wiI7pd","dSlJg","znYl0","dSlJg 2","znYl0 2","Hzvxle","pkWtMe"
"https://lh3.googleusercontent.com/a-/ALV-UjU9mByNmcJXCJRSa2FcuywORk4B-aG-4lE3FuxUeUh2zmO-MyN1hQ=w45-h45-p-rp-mo-br100","sofia rodriguez","1 opinión","2 semanas atrás","Pésima atención,el sistema registra como atención 24 horas pero no quieren atender una emergencia a la hora de la tarde, para ellos es muy fácil decir que vayan al hospital del sur cuando se vive en la Marta Bucaram y aveces no hay recursos para tomar un taxi.","","Me gusta","","Compartir","",""
"https://lh3.googleusercontent.com/a/ACg8ocJZs0ThHe7sFyG3zZbg3qnW6H_KeS5fxuleJmo4aTsAeAVyQA=w45-h45-p-rp-mo-br100","Nicol Ramos","1 opinión","Hace 3 meses","Pésimo servicio, los funcionarios súper groseros, las instalaciones deterioradas y la manera en que se manejan muy burocrática, voluntariamente no volvería a ese dispensario","","Me gusta","","Compartir","",""
"https://lh3.googleusercontent.com/a-/ALV-UjXN9rd_I_m6MguV6Cdkke53rscMGnuxnJR3ZgQ7FdG_p7WeFjBr=w45-h45-p-rp-mo-ba5-br100","Alex Campaña Jijon","Local Guide · 433 opiniones · 641 fotos","Hace un año","Lastima que la actitud de la sección enfermería es pésima, aunque traten de ayudar y uno trata de decir algo porque no tiene tiempo por su trabajo,  es allí  cuando se encrespan y  la pésima actitud aparezca. Después uno trata de decir algo…","","","","Compartir","Me gusta","1"
"https://lh3.googleusercontent.com/a/ACg8ocKkdy18Tsh6kgK5Qan76QM7utIcYCWzNznisL4WX_O-xiB8Wg=w45-h45-p-rp-mo-ba6-br100","Javier Ice Ortiz","Local Guide · 639 opiniones · 37 fotos","Hace 9 meses","Lamentablemente la persona especial que atiende en ventanilla es muy poco amable casi cae en despota","","","","Compartir","Me gusta","1"
"https://lh3.googleusercontent.com/a-/ALV-UjXARMQlNZvt2QtkKX_5A-50wLQMMPr28a7vkRA3n4tZDL6-9as=w45-h45-p-rp-mo-ba3-br100","Hugo Wladimir Pozo","Local Guide · 35 opiniones · 40 fotos","Hace un año","Espacio físico muy reducido, necesita mejoramiento tanto para el personal como para los afiliados","","Me gusta","","Compartir","",""
"https://lh3.googleusercontent.com/a/ACg8ocLdUcN7NN-aZDk9jznk8Y1SLKqS455PAMW7s9K1bMUlpwSc=w45-h45-p-rp-mo-ba3-br100","Oscar Molina","Local Guide · 46 opiniones · 15 fotos","Hace 3 años","Mucho trámite para validar los certificados de maternidad, te mandan a cambiar a cada momento","","","","Compartir","Me gusta","1"
"https://lh3.googleusercontent.com/a-/ALV-UjV9Luqc_Qr0ndU8VcTB1O49qzbLJfPjAV0NtRDog6M9kava3f2b=w45-h45-p-rp-mo-ba4-br100","Juan Carlos Velasco","Local Guide · 114 opiniones · 30 fotos","Hace 2 años","Excelente atención, el médico familiar es un excelente médico.","","","","Compartir","Me gusta","1"
"https://lh3.googleusercontent.com/a-/ALV-UjXxH7k1IUWf1TMhWPaINwuV78G8bVVNczqar4ws9GOaKTPHrq3D=w45-h45-p-rp-mo-ba4-br100","leonardo llerena","Local Guide · 51 opiniones · 67 fotos","Hace 3 años","Atención buena ,pero no tienen todos los  medicamentos","","","","Compartir","Me gusta","1"
"https://lh3.googleusercontent.com/a/ACg8ocJEySFFwcZ6cT6cRC9g7UhVk0luXV8_VDyqempPIcB8mB0L=w45-h45-p-rp-mo-br100","Yesenia Castro","1 opinión","Hace un año","Imposible comunicarse. El número está mal !!","","","","Compartir","Me gusta","1"
"https://lh3.googleusercontent.com/a-/ALV-UjUImgaZddzq9UAVuzTdnIS_37izhPhd9d4nNP8r31Uh9gAXRTSZ=w45-h45-p-rp-mo-ba4-br100","Freddy Velasquez","Local Guide · 132 opiniones · 31 fotos","Hace un año","Centro de servicios médicos del iess","","Me gusta","","Compartir","",""
"https://lh3.googleusercontent.com/a/ACg8ocL3D0smmElAKoei2ilBVmOfi_6CruzCF6DUVBA2NtzL_06rip4b=w45-h45-p-rp-mo-ba6-br100","Ortiz Javier","Local Guide · 728 opiniones · 73 fotos","Hace 2 años","Muy bien","","Me gusta","","Compartir","",""
"https://lh3.googleusercontent.com/a-/ALV-UjXodXiTP64INZdOy8BHHG6tcD2xyC2WZQMXnFESUuZZXPxw1r9-=w45-h45-p-rp-mo-ba3-br100","Patricio Aguilar","Local Guide · 10 opiniones · 15 fotos","Hace un año","Atención oportuna pero lenta","","Me gusta","","Compartir","",""
"https://lh3.googleusercontent.com/a-/ALV-UjXZPkKBnmSjJR5Uhw84SybrGewwX-MlTFf9Tv3K3DJI7mg08Bc84g=w45-h45-p-rp-mo-ba5-br100","Lourdes Pozo","Local Guide · 173 opiniones · 208 fotos","Hace 2 años","Hospital de atención a afiliados del iess en el sur de Quito","","Me gusta","","Compartir","",""
"https://lh3.googleusercontent.com/a-/ALV-UjWUMwkZj3R4lpTSzo2O1y-H6vaPzRZ2a67xz20HKozXqqXAXpyV=w45-h45-p-rp-mo-ba4-br100","Veronica Tipan","Local Guide · 136 opiniones · 18 fotos","Hace 2 años","Centro de atención médica del IESS","","Me gusta","","Compartir","",""
"https://lh3.googleusercontent.com/a-/ALV-UjW5ZIIML3f2ZhlKXLnPkMC5bB7W0B9q2aXlq_cfE37AQ6v-bQqq=w45-h45-p-rp-mo-ba5-br100","m7 fairy","Local Guide · 156 opiniones · 8 fotos","Hace 2 años","Mucha gente!!!","","Me gusta","","Compartir","",""
"https://lh3.googleusercontent.com/a-/ALV-UjW1EzFrx8CZhGxNkn5tj2HOsIsDfaJsq16FBbCuT_hfHowW2w4Spw=w45-h45-p-rp-mo-ba6-br100","Luis Alberto Reyes","Local Guide · 199 opiniones · 5,062 fotos","Hace un año","","","","","","",""
"https://lh3.googleusercontent.com/a-/ALV-UjUGiyS3MndEaDn-1BAKP-mf37kxCIaCGJtfAfcQSdl4dQl2VoAJ=w45-h45-p-rp-mo-br100","Evelyn Villenas","12 opiniones","Hace 2 años","","","","","","",""
"https://lh3.googleusercontent.com/a-/ALV-UjVlCmnyXn5qCS4MPLKNPyHJ1DUvtFBE824phZn4wrDC5AihaGA1tw=w45-h45-p-rp-mo-ba6-br100","E.FULLPOWER ELECTRONICA","Local Guide · 108 opiniones · 5,142 fotos","Hace 3 años","","","","","","",""
"https://lh3.googleusercontent.com/a/ACg8ocItRM65lYqgLCWfwrU-me2CXL1p0pUdURev1O_RneoqGv-QlA=w45-h45-p-rp-mo-br100","Sofia Arza","1 opinión","Hace 3 años","","","","","","",""
"https://lh3.googleusercontent.com/a-/ALV-UjXqqZ4KhTlNxlWjKrMPU2vmdqWVcD_sfwar1E3gWXpQ0E7sS2ygug=w45-h45-p-rp-mo-br100","John Gales","4 opiniones","Hace 5 años","","","","","","",""
"https://lh3.googleusercontent.com/a/ACg8ocLQFU1-_6xLAsP4v2ZS7127GzDl068KtGtHAPMpsLb2kx9apA=w45-h45-p-rp-mo-br100","Juan Marin","35 opiniones · 3 fotos","Hace 5 años","","","","","","",""