"NBa7we src","d4r55","RfnDt","rsqaWe","wiI7pd","dSlJg","znYl0","dSlJg 2","znYl0 2","Hzvxle","pkWtMe"
"https://lh3.googleusercontent.com/a/ACg8ocLmU1XdNBp9561sBme1iuUWGTsokVjcmqcLKf8hnOd-JD6Lfg=w45-h45-p-rp-mo-br100","Ruben Cueva","2 opiniones","Hace un año","Saludos cordiales estimados Srs. IESS. Favor indicar que paso con el Centro de Especialidades Sur Occidental que esta cerrado y no hay atención, y que se puede hacer con las citas para laboratorio y citas medicas. Sobre todo para personas ancianas y con difícultad para la movilidad. gracias.","","Me gusta","","Compartir","",""
"https://lh3.googleusercontent.com/a-/ALV-UjVdDZGJb_TemThpmse0eHKD9ap4ifm6e6RcDlAv_b9MCNKFH8Et=w45-h45-p-rp-mo-br100","Jenny Clavijo","1 opinión","Hace 2 años","Pésima atención sobre todo del área de admisión que reciben los pedidos de los pacientes de 8h00 a 9h00 y el doctor recién envía el pedido 9h30. Y ellos no toman en cuenta el tiempo y lo lejos que resulta trasladarse de norte de la ciudad…","","","","Compartir","Me gusta","1"
"https://lh3.googleusercontent.com/a-/ALV-UjVYFgp3MKWc7iejAcPiaIfq-ishaHMRxpPuXxHUeZmcTnZNVEiY=w45-h45-p-rp-mo-br100","BLen","3 opiniones","Hace 11 meses","Atención eficiente y rápida 👍🏿 muy buen trato a los afiliados, comprensivos y empáticos. Pasantes de RX muy inteligentes, integras, presentables, educadas y guapas.…","","Me gusta","","Compartir","",""
"https://lh3.googleusercontent.com/a-/ALV-UjVrBv3_kk93-IzcvAnrxU00WGMH-BgwIa-UaVmwhoJ9prr2JY-d=w45-h45-p-rp-mo-ba2-br100","Camilo Gabriel","Local Guide · 35 opiniones","Hace un año","Pésimo el trato a los afiliados, si eres joven sal corriendo de allí y paga un seguro particular, no hay donde dejar la bici y obligan a usar mascarilla menos los funcionarios que se pasean como modelos si eres joven no pagues este servicio..","","Me gusta","","Compartir","",""
"https://lh3.googleusercontent.com/a-/ALV-UjU7zKl7JNh5EjkXGLNuvp0n9lGSMhrmCdcXpzQbH6CONI07GxxR=w45-h45-p-rp-mo-br100","Fernando Tito","32 opiniones · 1 foto","Hace un año","Pésimo servicio desde la señora de la ventanilla y demás trabajadores de la salud con sus excepciones desde luego mal mal de mal en peor el Iess,tratan al afiliado como si nos estuvieran haciendo un favor cuando nosotros aportamos mensualmente","","Me gusta","","Compartir","",""
"https://lh3.googleusercontent.com/a-/ALV-UjWyTImfYbleJllr1hHXguKqNKT1Da2EzZUoFjnGWjxCoao06xEgAg=w45-h45-p-rp-mo-ba2-br100","Sylvana Lara","Local Guide · 19 opiniones","Hace 3 años","Hoy fuimos a la vacunación contra el COVID19. Todos los errores iniciales superados. Una excelente atención. Eso es como debe ser el servicio público. Felicitaciones y sigan así","","Me gusta","","Compartir","",""
"https://lh3.googleusercontent.com/a/ACg8ocI9GXadkY0VP1KMZUGNUXjAYAQFpvYSCH-1rf8lWKhg5whT-g=w45-h45-p-rp-mo-br100","Olmedo Vela","1 opinión","Hace 3 años","Acabo de vacunarme, el servicio profesional de los servidores del I.E
S.S excelente, pero la viveza criolla y la falta de respeto daña todo.","","","","Compartir","Me gusta","2"
"https://lh3.googleusercontent.com/a-/ALV-UjXuiaaeU2EaiaC2-mzgIOOVDqw7oN0e54Zm-TOUJpa21R4uAu8=w45-h45-p-rp-mo-br100","Tips & Tips","1 opinión","Hace 3 años","Muy buena la atención al cliente, una infraestructura elegante, además de ofrecer buenos servicios.","","Me gusta","","Compartir","",""
"https://lh3.googleusercontent.com/a-/ALV-UjVJg973aRjpr82Swl-gBLbs-FZ4h2L1KUAz2LP-hMnV6XIQqF6u=w45-h45-p-rp-mo-br100","Erick Jaramillo","5 opiniones","Hace un año","Alguien que me pueda decir si hoy domingo hay atención en este cetro de salud","","Me gusta","","Compartir","",""
"https://lh3.googleusercontent.com/a-/ALV-UjXqtdaUqrPUU-bavtdsYtg9zL7WBWuXYYnqucd-muqBlCxyXrET=w45-h45-p-rp-mo-br100","HEY! IT ́S THALIA","5 opiniones · 6 fotos","Hace 2 años","No ponen los nombres de los doctores en la puerta y la chica de signos vitales no te dice dónde ir","","","","Compartir","Me gusta","2"
"https://lh3.googleusercontent.com/a-/ALV-UjUih_7XHL4PEZPWZ4byTbZE4hyM-W-V9v7VewDNhKodlga3p7TU8g=w45-h45-p-rp-mo-ba4-br100","Maria Elena Rosero","Local Guide · 19 opiniones · 75 fotos","Hace 3 años","Pésimo  servicio y atención al usuario. Demasiado tiempo de espera para  un solo trámite","","","","Compartir","Me gusta","1"
"https://lh3.googleusercontent.com/a-/ALV-UjUsQVTSn7_EK0x80CqzaMSlykZYf2XR2k7VmnyOQv_EIYVgwmg=w45-h45-p-rp-mo-br100","jorge paez","1 opinión","Hace 6 años","porque no ponen un numero de telefono para mayor información","","","","Compartir","Me gusta","5"
"https://lh3.googleusercontent.com/a-/ALV-UjU9y3fhsioSAHn0CG6MSzxRwK85Y7HFm62N0fMM1z7uDadjiVd10A=w45-h45-p-rp-mo-ba6-br100","Julio Rodriguez Lopez","Local Guide · 647 opiniones · 3,044 fotos","Hace 5 años","Buena atención con cita previa.","","","","Compartir","Me gusta","1"
"https://lh3.googleusercontent.com/a-/ALV-UjUY6PBrlbmyBqiaRgYj2bb3Esqk_RFzLcDV1snXtCaxq_QBFmQ-=w45-h45-p-rp-mo-ba4-br100","Hugo Vique","Local Guide · 130 opiniones · 56 fotos","Hace 5 años","Atención con calidad y calidez","","","","Compartir","Me gusta","1"
"https://lh3.googleusercontent.com/a-/ALV-UjVkIA_USsSYqIk00D-ezH3jWr4FHe0ZfGMZvwO9_F3spt3kNXOU2A=w45-h45-p-rp-mo-ba5-br100","Luis Pacheco Rentería","Local Guide · 240 opiniones · 137 fotos","Hace 7 años","subcentro","","","","Compartir","Me gusta","3"
"https://lh3.googleusercontent.com/a/ACg8ocKC0fR_aEcMmBfSDPiqXmegp7E2iQHydY_x90f4iVGruihsNQ=w45-h45-p-rp-mo-br100","HOMERO SALAZAR","1 opinión","Hace un año","","","","","","",""
"https://lh3.googleusercontent.com/a-/ALV-UjVTN13wLL1rBNscv-YwHCWwM-te-udx0t2RdedBGOsj4pw36TetQA=w45-h45-p-rp-mo-ba4-br100","andres guaman","Local Guide · 4 opiniones · 238 fotos","Hace un año","","","","","","",""
"https://lh3.googleusercontent.com/a-/ALV-UjXeXJ2UvPtm-_ONVGI1HycTWX6b5pf1Rrdhe3twIwXhoymBU-J3Ew=w45-h45-p-rp-mo-br100","Mariana Largacha","6 opiniones","Hace 2 años","","","","","","",""
"https://lh3.googleusercontent.com/a/ACg8ocJ5KyCISJcjnrLs24wBGm2tvW5JPZTVDITZ7XFNF8Yr6PUIO2zy=w45-h45-p-rp-mo-br100","Cristian Hinojoza","","Hace 3 años","","","","","","",""
"https://lh3.googleusercontent.com/a-/ALV-UjUTQEaGcELPJe7sqgGB7z4FduZjllbYTezDoVQdnyBMsGXALIk=w45-h45-p-rp-mo-ba3-br100","miguel aulestia","Local Guide · 12 opiniones · 26 fotos","Hace 3 años","","","","","","",""
"https://lh3.googleusercontent.com/a-/ALV-UjXjNRD84IlYr7Us-bkTeaijLCdleZy20yIR6VuxtqaUUK4Fx1I=w45-h45-p-rp-mo-ba4-br100","JOSE ORELLANA","Local Guide · 64 opiniones · 76 fotos","Hace 3 años","","","","","","",""
"https://lh3.googleusercontent.com/a-/ALV-UjXKZ3SvJKK7BTK42JalbghICgZQ8alJdovbfZSc7dx9yO9Ga6Ep=w45-h45-p-rp-mo-br100","Jacinto Arteaga","16 opiniones · 1 foto","Hace 3 años","","","","","","",""
"https://lh3.googleusercontent.com/a-/ALV-UjV5CIcLdXZg4aWHYocnPZtRjwvRB4uMReNNGTiu4wbB_LYMNXYolA=w45-h45-p-rp-mo-br100","Oreana Batrouni","1 opinión","Hace 5 años","","","","","","",""
"https://lh3.googleusercontent.com/a-/ALV-UjXqV8t92xjc3qOdb2O7ciRZP34J3B7h4ZMxAoAzAAYXfoxnuCGcnQ=w45-h45-p-rp-mo-ba4-br100","Daniel Tapia","Local Guide · 11 opiniones · 442 fotos","Hace 5 años","","","","","","",""
"https://lh3.googleusercontent.com/a/ACg8ocJc-JGUkqYMw4nfypB9Vup45jQmCFZK01D57PgQ8hZI0Ky7Bw=w45-h45-p-rp-mo-br100","Saul Maldonado","","Hace 6 años","","","","","","",""
"https://lh3.googleusercontent.com/a-/ALV-UjV8-rybaZynMrbQSyZamvI1VLz5SPGAnAvfPRd5vAGXhlK4tuJv=w45-h45-p-rp-mo-br100","Jhony Jhon","","Hace 6 años","","","","","","",""
"https://lh3.googleusercontent.com/a-/ALV-UjUdahtm6VonAujETB4ekvn1QOVX3y_JSU_AEEnVlRgjc0yCsumx=w45-h45-p-rp-mo-br100","mykel leonel","","Hace 6 años","","","","","","",""
"https://lh3.googleusercontent.com/a-/ALV-UjU3p9lIpwehSsqpURzjoQhqoisLfp0DEdwFoVFBdRIZBq91yD4=w45-h45-p-rp-mo-br100","Iván Sojos","","Hace 6 años","","","","","","",""
"https://lh3.googleusercontent.com/a-/ALV-UjX1rJbYRqDaY8sd-ACtqVF9JMB-UMa3WFSzHZQOCuZsHP4kuw4=w45-h45-p-rp-mo-br100","Andrés Patricio Chiriboga Naranjo","","Hace 6 años","","","","","","",""
"https://lh3.googleusercontent.com/a-/ALV-UjXYE3GqSeAXWlzWglM-YM7yW0ppRvGm40G0TO7NasTEeTI2Xig=w45-h45-p-rp-mo-ba5-br100","Christian Andrade","Local Guide · 69 opiniones · 247 fotos","Hace 6 años","","","","","","",""
"https://lh3.googleusercontent.com/a-/ALV-UjUg9NXxZhShp2zyGLfGZwDMsTDNxKP3GSqrPSnL2pW9WPR5hxQAQQ=w45-h45-p-rp-mo-br100","Marce Sarango","2 opiniones · 5 fotos","Hace 6 años","","","","","","",""
"https://lh3.googleusercontent.com/a-/ALV-UjU9lZJqlIXCQgeZdnFc215dBIGCa6tBgAd8N-Gq0NfnkDhsaD4t=w45-h45-p-rp-mo-br100","Delia Atupaña (Delsus)","","Hace 7 años","","","","","","",""