"NBa7we src","d4r55","RfnDt","rsqaWe","wiI7pd","dSlJg","znYl0","dSlJg 2","znYl0 2","Hzvxle","pkWtMe"
"https://lh3.googleusercontent.com/a/ACg8ocIAtBzm6w_YmToZT4bIDJQzIJyw-AmG2v5qsFNJZ8gJIcgz_w=w45-h45-p-rp-mo-br100","Belén Cisneros","3 opiniones","Hace 6 días","Tengo 28 semanas de embarazo con un diagnóstico de embarazo de alto riesgo, vine hacer validar un certificado porque me dieron reposo médico y llevo aquí 3 horas esperando q el señor “guardia” q hace todo menos cuidar la integridad y…","","Me gusta","","Compartir","",""
"https://lh3.googleusercontent.com/a-/ALV-UjUbLJmWt2-VO_1upaPDiYuAnUExmaWpJQGkWYXhlttnBhsPwSL_=w45-h45-p-rp-mo-br100","Bryan Vinueza","2 opiniones · 1 foto","Hace 6 días","Todo empieza a las 06:30am en la fila de entrega de turnos para la validación de certificados que por la grandiosa atención que brinda el iess uno tiene que ir al servicio privado…","","Me gusta","","Compartir","",""
"https://lh3.googleusercontent.com/a-/ALV-UjX5jSaLyb_H7H-SbwVxIrGV79k9vGNmGcFegIx8a5yRMs--IHj2ow=w45-h45-p-rp-mo-ba2-br100","sthif andrade","Local Guide · 8 opiniones · 2 fotos","Hace un mes","Muchas felicidades a la atención que nos prestaron luego de la cirugía que tuvo mi mamá. Deberían de seguir todos los centros medicos hospitales y demás públicos tomar como ejemplo dicha atención. Por parte de este Hospital desde las enfermeras hasta los doctores, sigan así","","Me gusta","","Compartir","",""
"https://lh3.googleusercontent.com/a-/ALV-UjV2HI3UHRJD4VVVi18c3d8mAqNxYokTHgDMHA-EwzS88J-ISQEw3g=w45-h45-p-rp-mo-ba4-br100","Manualidades Rosita","Local Guide · 86 opiniones · 7 fotos","3 semanas atrás","En plena lluvia, los guardias no se organizan bien y dejan a los pacientes afuera 🥶…","","Me gusta","","Compartir","",""
"https://lh3.googleusercontent.com/a-/ALV-UjWq2n--4Kkp4aaIfwIeotcp2oy9E-PULoOIYoGZhenh4o9_fCjo=w45-h45-p-rp-mo-ba5-br100","Adolfo Moreno","Local Guide · 285 opiniones · 377 fotos","Hace un año","Debe asistir con tiempo para citas médicas más hacer fila para laboratorio, agendar en ventanilla antes. Revisar con ventanilla para concretar citas. Seguro, ordenado pero si toma su tiempo mucha paciencia","","","","Compartir","Me gusta","2"
"https://lh3.googleusercontent.com/a-/ALV-UjXi_GrS4f5udDQQtVgxHBXnDpaF7cJlII7MNIiD59ma6qkQpaPH=w45-h45-p-rp-mo-ba5-br100","Eliza238","Local Guide · 348 opiniones · 742 fotos","Hace 3 años","Muy mala atención... Se demoran en atender... Yo creo que esta bien un tiempo para almorzar, pero por qué dejar desatendido el puesto de trabajo??? Para un trámite me demoré casi 2 horas, espero mejoren en su atención y que no se estén…","","","","Compartir","Me gusta","5"
"https://lh3.googleusercontent.com/a-/ALV-UjWUiTun22nmAut-aH2FAO6le_lU0NAMLfZke6QncKTykX71izLi=w45-h45-p-rp-mo-ba3-br100","Jorge Luis Yaguana","Local Guide · 62 opiniones · 31 fotos","Hace 2 años","Deberían mejorar el área de odontología pésimo servicio ya va ser 1 hora desde que tenía la cita y aun no han llamado cuando se tiene otras gestiones que hacer no se puede esperar tanto tiempo.
Ese profesionalismo no vale","","","","Compartir","Me gusta","1"
"https://lh3.googleusercontent.com/a-/ALV-UjXgQVXm9dZi_xfGkvGArQRr2i9RD0itaTBjAnf2kA_QDa5N5i5jKw=w45-h45-p-rp-mo-ba2-br100","MC *","Local Guide · 20 opiniones · 2 fotos","Hace 11 meses","Por favor atiendan los teléfonos!!!, sino para q los tienen.  Tengo una cita médica en el Dispensario Central, y estoy tratando de comunicarme a informar q no voy a poder asistir desde hace una semana, y para que asignen a otra persona,…","","","","Compartir","Me gusta","3"
"https://lh3.googleusercontent.com/a-/ALV-UjUw0ENdHD6kjGXcaO3j1fAUAfS23LTeJkEleac1l-eXHzSyT7D-=w45-h45-p-rp-mo-br100","Alejandro Herrera","1 opinión","Hace un año","Señor director del centro medico central quito
Muy buenos  días.  Por pedirte un favor
No se que  pasa en la distribución  de turnos para los metabólicos , ya estamos…","","","","Compartir","Me gusta","1"
"https://lh3.googleusercontent.com/a/ACg8ocIwQDFBkhj2UkAda-9XOY2mcZDXi54sdCWfoUu6DRpzRt1KeQ=w45-h45-p-rp-mo-br100","Plataformas Compartidas","1 opinión","Hace 9 meses","muy mala atención , tiene buzon de quejas y sugerencias que le mismo personal no sabe ni como es el manejo, y aparte no saben  tratar al paciente, que lastima que nuestros recursos sean mal utilizados en estos malos ""profesionales"", porque no es que nos regalan nada.","","","","Compartir","Me gusta","3"
"https://lh3.googleusercontent.com/a-/ALV-UjVHJtXJRNq6k9ptlvwh0WpftO-C2ufH5H-NxU9Xh-3ZNXuajM1Z=w45-h45-p-rp-mo-ba3-br100","Alexei Carvajal Guarderas","Local Guide · 8 opiniones · 4 fotos","Hace 2 años","Muy agradecido con el área de urgencias. Esta mañana tuve que acudir al laboratorio para una prueba rutinaria y, en el lapso entre toma de muestras, sufrí un accidente. Acudí de inmediato a urgencias, en donde explique que tenía muy poco…","","","","Compartir","Me gusta","1"
"https://lh3.googleusercontent.com/a/ACg8ocJPhixTmYOlpSqo3oTEA2fae2YQ_28lprZqLum8br0iy9--Ww=w45-h45-p-rp-mo-br100","Daniela Sabando","8 opiniones · 5 fotos","Hace 9 meses","Pésimo servicio. Tenía una cita y al momento en que me acerco el doctor no había asistido, ni siquiera me informaron para no asistir y además no me reagendaron la cita","","","","Compartir","Me gusta","1"
"https://lh3.googleusercontent.com/a/ACg8ocLqP1U-yMRC1bamscWyJXeXTk4wSGOuJ8svgqxoEqfLjDshKQ=w45-h45-p-rp-mo-ba4-br100","Hugo Novoa","Local Guide · 70 opiniones · 41 fotos","Hace un año","Siempre hará falta mejorar... y más todavía si se trata de la salud de todos nosotros los que aportamos hay turnos que son muy simples... pero dan con mucho tiempo de distancia es imperdonable obtener un turno después de 4... o 5 meses","","","","Compartir","Me gusta","1"
"https://lh3.googleusercontent.com/a-/ALV-UjUkwFF_D1s1OYlDtlFVrTqJ_ym_eIGmmXw_D_SvKq8_2JuNg6hKrQ=w45-h45-p-rp-mo-br100","Dani Pildav","5 opiniones","Hace un año","La atención de la psiquiatra es pésima. No hay mas médicos de esa área no nos dan medicina. Que impotencia #@%$&#%# de lo peor","","","","Compartir","Me gusta","1"
"https://lh3.googleusercontent.com/a-/ALV-UjU-5l57meKGtKrPTx_Rkztnu4S1l3c4zABE8O1OaYb4xI6cHINR=w45-h45-p-rp-mo-br100","JOSÉ BUITRÓN","10 opiniones · 1 foto","Hace 9 meses","Pésimo servicio, dicen que hay 3 doctores y brillan por su ausencia…no se conduelen de nadie","","","","Compartir","Me gusta","1"
"https://lh3.googleusercontent.com/a-/ALV-UjVjEevWaZRaXGQ-vHmahtAwa0HYmC_g4CfmWdilIE9H0901f1CPcQ=w45-h45-p-rp-mo-ba4-br100","Silvia Brito","Local Guide · 29 opiniones · 286 fotos","Hace 4 años","Llevo 4 días tratando de comunicarme y jamás contestan. Siempre dice que están ocupados.
Hoy que estamos en emergencia sanitaria sucede esto, que será cuando todo es…","","","","Compartir","Me gusta","2"
"https://lh3.googleusercontent.com/a-/ALV-UjXHfgxm94X1qllycq2K_1Qw_ZpXz1vP1kg_t484GSTadHPgBZwq=w45-h45-p-rp-mo-br100","Guillermo Tell","112 opiniones · 4 fotos","Hace un año","Sí hay buena atención, lo malo es que hay exceso de pacientes llega la mamá con sus 5 hijos atenderse y es un caos total.","","Me gusta","","Compartir","",""
"https://lh3.googleusercontent.com/a-/ALV-UjXgO2sp2wm8hT-WulVz5UlxsZcrYXuzwJ_Itxeb_7Q3X69OIIQ=w45-h45-p-rp-mo-ba6-br100","Miguel Teran","Local Guide · 386 opiniones · 530 fotos","Hace un año","Excelente el medico general para la tercera edad. Pero no hubo la medicina para el colesterol.","","Me gusta","","Compartir","",""
"https://lh3.googleusercontent.com/a/ACg8ocLh7RgDexxVcPrw-q5qjUrmmvX7clZpFyifBzLCCB4iz9DvbNU=w45-h45-p-rp-mo-br100","NANCY BEATRIZ ANDRADE OCAMPO","1 opinión","Hace 6 años","La atencíon en el Dispensario Central del Iess es muy buena sobre todo en el area de pacientes cronicos. Pero en este momento me encuentro con problemas en mi corazón tengo una cita  en la Clinica de Cronicos para el día 15 de Agosto del…","","","","Compartir","Me gusta","1"
"https://lh3.googleusercontent.com/a-/ALV-UjUE9WWTmNaXKeUgp5Ow-0IcgUiBj6GJYD8M70t1O1fqCW_5q9zm=w45-h45-p-rp-mo-br100","Eleonor Tobar","5 opiniones","Hace 3 años","Es el mejor hospital siempre mi mamá me ha llevado a este hospital yo tengo rinitis y sinusitis y siempre me daba mis alergias y me enfermava muy seguido entonces mi mamá me llevava allí y lo mejor esque me atendían de inmediato siquiera…","","","","Compartir","Me gusta","1"
"https://lh3.googleusercontent.com/a-/ALV-UjWpOkT6mtGaFtv4kYyMlZcHYhLODcgkL40ntk-Yyf5nqOQ8QRYf8w=w45-h45-p-rp-mo-br100","Armando Rosero","2 opiniones","Hace 2 años","Es fatal quererse comunicar con este dispensario nadie contesta tienen el número de la operadora q es es el 0 q supuestamente ahí le atiende una tal srta. Monica Vallejo pero nunca esta a ninguna hora no se para q tienen gente trabajando ahí ganando un sueldo en vano ya q nunca contestan ni dan un buen servicio","","","","Compartir","Me gusta","2"
"https://lh3.googleusercontent.com/a-/ALV-UjWDAAewxDUc4FHiOZgDG6vieGrbT2jO-zNN6hZjmUZYXRd7cABudQ=w45-h45-p-rp-mo-br100","Pablo Regalado","2 opiniones","Hace un año","Más lo que hacen esperar para que el médico pediatra diga no hay medicina toca comprar afuera de bolsillo de uno mientras tanto cada mes nos descuentan de nuestros salarios las aportaciones el dinero .pésimo servicio 👎…","","","","Compartir","Me gusta","1"
"https://lh3.googleusercontent.com/a-/ALV-UjXWPqpjPexms-IV107yVOQCshzNgeaIFDyja-yLIW0UOTT-NCTX=w45-h45-p-rp-mo-br100","Bodega Sisa","4 opiniones","Hace 10 meses","Horas de espera para que a la final no atiendan, ni un doctor en emergencia y los guardias groseros","","Me gusta","","Compartir","",""
"https://lh3.googleusercontent.com/a-/ALV-UjUpCZG-2Hxyg2qR_OXcRIShmZFfBvvt7B0AaKdldV2MJcwiCRfr=w45-h45-p-rp-mo-ba4-br100","mauricio bladimir espinosa","Local Guide · 98 opiniones · 14 fotos","Hace 7 meses","Fue rápida la atención ojalá siempre sea así","","Me gusta","","Compartir","",""
"https://lh3.googleusercontent.com/a-/ALV-UjWvthXVEDgaju_fVx3BeElCcWolTg-wB6Lc7h9r80KvS97Eo97f=w45-h45-p-rp-mo-br100","Ximena Landazuri","1 opinión","Hace 3 años","No  contestan el telefono hay un solo numero y estoy que llamo y nada se va a una grabadora. Es el colmo . Mal servicio. No se puede averiguar sobre turnos dados o cualquier consulta.  Mejoren el servicio de atencion al publico. Estamos mal asi .","","","","Compartir","Me gusta","2"
"https://lh3.googleusercontent.com/a-/ALV-UjXQeQEJqHlH34cVRY0mVIKqVsb63dQ2hR4MPkxdLP1uGPymrOQ=w45-h45-p-rp-mo-br100","Warner Carlitos","1 opinión","Hace 4 años","En casos que tengan turno con esta Sra Rosa sotamba p, es mejor que cambien de turno o hagacen tratar aparte, ojala no tenga hijas o sobrinas esta
persona, porque con lo mismo sera pagada asta peor.","","Me gusta","","Compartir","",""
"https://lh3.googleusercontent.com/a-/ALV-UjWGIMBGz3ytKgLwbXjrU63HY8Vzbvq6PoWMTJxfrP6c_ZrenL3hgA=w45-h45-p-rp-mo-ba5-br100","Leidy Cisneros","Local Guide · 58 opiniones · 35 fotos","Hace un año","En cuestión a limpieza y seguridad de sus instalaciones, muy buenas, lo que molesta es la tardanza en la atención al usuario , por lo demás, es aceptable 👍…","","","","Compartir","Me gusta","1"
"https://lh3.googleusercontent.com/a-/ALV-UjVoAAjQG9VkZ8UARKNFfeeJ7RG0g_eHbqEKbCTWkC4r_37mS291=w45-h45-p-rp-mo-ba6-br100","Marjorie A.","Local Guide · 358 opiniones · 194 fotos","Hace 2 años","Mucha gente para citas medicas. Para certificados llevar original y copia del certificado del medico y luego de validar se debe descargar","","Me gusta","","Compartir","",""
"https://lh3.googleusercontent.com/a/ACg8ocKkdy18Tsh6kgK5Qan76QM7utIcYCWzNznisL4WX_O-xiB8Wg=w45-h45-p-rp-mo-ba6-br100","Javier Ice Ortiz","Local Guide · 639 opiniones · 37 fotos","Hace 8 meses","Falta más información y mejor atención hacia el paciente","","Me gusta","","Compartir","",""
"https://lh3.googleusercontent.com/a-/ALV-UjV-kQ-8w7ozBZddxuRuDk6sptgU1EkQWIU1U7iVrUb9yz00jQIA=w45-h45-p-rp-mo-br100","Santiago Guerrero","1 opinión","Hace 3 años","la atención pésima en validación de certificado no te ayudan solo ponen trabas, la persona que se supone revisa los certificados antes de ingresar no tiene conocimiento de lo que se debe hacer y para colmo les hace falta educación","","","","Compartir","Me gusta","1"
"https://lh3.googleusercontent.com/a-/ALV-UjXVccnd2oIAu3tOmM6Cw9Rx64S7J5CjXKW8PxuUT75LpUMlAQvL=w45-h45-p-rp-mo-br100","Bélgica Lara","5 opiniones","Hace 3 años","Me parece que el servicio del iess a mejorado, pero lo que si falta es medicaciòn ya que solo hay ibuprofeno y paracetamol.","","Me gusta","","Compartir","",""
"https://lh3.googleusercontent.com/a-/ALV-UjU3YXN3lCBZA0vfGc6GENqMrGccVA5y8_YRM6fmahEOnIay8sFw8g=w45-h45-p-rp-mo-ba5-br100","José Vicente Calderón","Local Guide · 65 opiniones · 462 fotos","Hace 6 años","El pleno centro histórico y en un restaurado edificio de carácter patrimonial donde funcionaba la Ex-Caja de Pensiones y posteriormente  el Monte de Piedad se establece el hospital del Día del IESS en el centro de Quito, donde su…","","","","Compartir","Me gusta","1"
"https://lh3.googleusercontent.com/a-/ALV-UjXAYlcmCnECuqNFPE5IH9XXHUEb3cJ-J10UlV56fZ16qGPlxXyphw=w45-h45-p-rp-mo-ba5-br100","Milton F. Chicaiza G.","Local Guide · 681 opiniones · 37 fotos","Hace 2 años","Pésimo, cambian las citas a su gusto y antojo y uno se entera ya cuando llega al sitio , mal muy mal , diría que:  definitivamente no sirve","","","","Compartir","Me gusta","1"
"https://lh3.googleusercontent.com/a-/ALV-UjV9Luqc_Qr0ndU8VcTB1O49qzbLJfPjAV0NtRDog6M9kava3f2b=w45-h45-p-rp-mo-ba4-br100","Juan Carlos Velasco","Local Guide · 114 opiniones · 30 fotos","Hace 2 años","No hay turnos, el personal de atención al cliente sin voluntad de atender son personas de mayores que no saben dar una instrucción.","","Me gusta","","Compartir","",""
"https://lh3.googleusercontent.com/a-/ALV-UjVkAfQMhIsCCoa-KIvuuzc8L-wt3ciuBNFF3yK2B42_L4A2eFWh=w45-h45-p-rp-mo-ba5-br100","D GS","Local Guide · 240 opiniones · 96 fotos","Hace un año","Buena experiencia sin demoras innecesarias... me atendieron de buena manera","","","","Compartir","Me gusta","1"
"https://lh3.googleusercontent.com/a-/ALV-UjWD8Vt4BQ2kJGPu9RiFCdu9rC5tQbhZbqTtYBSHVJ50vyArrUun=w45-h45-p-rp-mo-ba3-br100","MARCO PERALTA","Local Guide · 23 opiniones · 23 fotos","Hace un año","Lenta la atención por emergencia,, desavastecida la farmacia,ya llevo 4 horas en emergencia","","Me gusta","","Compartir","",""
"https://lh3.googleusercontent.com/a/ACg8ocLEs3yI7Yk0KTCHkXxvD9vl1DU_mJmzDfWTU7TLXedccDWN-g=w45-h45-p-rp-mo-ba4-br100","Sara Pastora Aguilera Acosta","Local Guide · 72 opiniones · 30 fotos","Hace 3 años","Excelente trato de la Doctora Ventura, muy limpio todo y con extremo cuidado para que no haya contagios.","","","","Compartir","Me gusta","1"
"https://lh3.googleusercontent.com/a-/ALV-UjVtZo3DnU2nREz3-6QRdnAYmw4y6Nq2nWEn3IkhNq1FOeM4mziI=w45-h45-p-rp-mo-ba4-br100","Fdy Vivero","Local Guide · 42 opiniones · 101 fotos","Hace 5 años","Muy buena atención, es importante llegar media hora antes del turno para la preparación y así evitar problemas, si llegas tarde no te quejes.","","","","Compartir","Me gusta","1"
"https://lh3.googleusercontent.com/a/ACg8ocJuQErtZnU1QJZM99Lul9Q-GVQXAohdhvRHNnZH1eE6PzBhYIw=w45-h45-p-rp-mo-ba4-br100","G OC","Local Guide · 268 opiniones · 65 fotos","Hace 8 meses","Hospital del iess, ya se sabe como son.","","","","Compartir","Me gusta","1"
"https://lh3.googleusercontent.com/a/ACg8ocJbtRry5F-Zbz0TDDLe4g5NaAGUIRMlL-AgUBGRIO1ub8IWUQ=w45-h45-p-rp-mo-ba4-br100","Lucy C","Local Guide · 108 opiniones","Hace 8 meses","Muy poco carisma de los médicos","","","","Compartir","Me gusta","1"
"https://lh3.googleusercontent.com/a-/ALV-UjUclJ9pAokIUaK6VHETa4ArV93Fh7pgxhMOgoPG_ekXJ9sTkf8=w45-h45-p-rp-mo-br100","Eliz M.","2 opiniones","Hace 6 años","Terrible atención perdí mi tiempo en ese lugar, me hicieron esperara 6 meses para atención de ecografía y cuando llega la fecha no me atienden...","","Me gusta","","Compartir","",""
"https://lh3.googleusercontent.com/a-/ALV-UjV09JqUgtxdNP8clhpJO50K92IWuQRkMlbNFV10MU_g3pdWaisocg=w45-h45-p-rp-mo-ba6-br100","Eduardo Yaguar","Local Guide · 638 opiniones · 1,139 fotos","Hace un año","Un concurrido centro médico , con una atención médica medianamente buena.","","","","Compartir","Me gusta","2"
"https://lh3.googleusercontent.com/a-/ALV-UjVDJk5kx8XAZY6C3xBofbxabDZcwXY34lvyhliFQG9dOkuYsWq6=w45-h45-p-rp-mo-br100","Jaime De la Cruz","14 opiniones · 9 fotos","Hace 4 años","Después de agenda ya el turno es lo más rápido para un tratamiento de parálisis","","Me gusta","","Compartir","",""
"https://lh3.googleusercontent.com/a-/ALV-UjW661ItvWfRIAD3ZBbPceK5chXWN9-VR7GmZhQYpLGbMJepi13UuQ=w45-h45-p-rp-mo-ba4-br100","CARLOS OSWALDO ARIZAGA MUÑOZ","Local Guide · 81 opiniones · 84 fotos","Hace 6 años","Fui a agendar una cita para odontologia. En JUNIO y me dieron para noviembre","","Me gusta","","Compartir","",""
"https://lh3.googleusercontent.com/a/ACg8ocIORSXRl64dZtyD6NGJUolsTY_TBUKuhgpMPjlCHf9EGd202A=w45-h45-p-rp-mo-ba6-br100","Juan Martin Barba Rivadeneira","Local Guide · 298 opiniones · 15 fotos","Hace un año","Excelente atención y buen servicio a los afiliados.","","Me gusta","","Compartir","",""
"https://lh3.googleusercontent.com/a-/ALV-UjU9oOlANPDzfjIbjntUvqgwbBdHqcrMJt_t7Pirq4XIcSmFt0UzZQ=w45-h45-p-rp-mo-ba4-br100","Josue Quijano","Local Guide · 86 opiniones · 193 fotos","Hace 4 años","Mala atención, lenta y descordial, aquí se ve el sistema que tiene el país con su pueblo.","","Me gusta","","Compartir","",""
"https://lh3.googleusercontent.com/a-/ALV-UjW2uWheEMz2FevnVL7LltqjgsqxzGXnl8rBKl_7OWIn_enIEhM=w45-h45-p-rp-mo-ba4-br100","JORGE ANIBAL CARVAJAL TUFIÑO","Local Guide · 97 opiniones · 9 fotos","Hace 3 años","Esta equipado con sistema de inseguridad por la emergencia sanitaria","","Me gusta","","Compartir","",""
"https://lh3.googleusercontent.com/a-/ALV-UjVT_0LNt-xG6-COb4xo8l64YMN2KmUJp5HDvGGHdl_3RBXftx_E=w45-h45-p-rp-mo-br100","Tatiana Rea","5 opiniones · 1 foto","Hace 6 años","Por q es muy facil y la información fue inmediata","","Me gusta","","Compartir","",""
"https://lh3.googleusercontent.com/a-/ALV-UjVFqP9ehHhGJfO3acowht-4RiLw2jTMDC9QXd4Yvz49PS9LgJU=w45-h45-p-rp-mo-br100","Carlos Guananga","1 opinión","Hace 3 años","sele llama al telefono y no estan daponibles nadie","","Me gusta","","Compartir","",""
"https://lh3.googleusercontent.com/a/ACg8ocL3D0smmElAKoei2ilBVmOfi_6CruzCF6DUVBA2NtzL_06rip4b=w45-h45-p-rp-mo-ba6-br100","Ortiz Javier","Local Guide · 728 opiniones · 73 fotos","Hace 8 meses","Falta más organización","","Me gusta","","Compartir","",""
"https://lh3.googleusercontent.com/a-/ALV-UjVLA1VhYwDYsqqwOdqr3X4UUkmjPejp8ovJYiPH3iYO86rxXfue=w45-h45-p-rp-mo-br100","Jose Salazar","18 opiniones","Hace 2 años","muchas gente amable","","Me gusta","","Compartir","",""
"https://lh3.googleusercontent.com/a/ACg8ocIT4PyXnzEVlK33gT8Bc7272E5I5lKM4JBD-q558-l6loFopw=w45-h45-p-rp-mo-ba3-br100","Alejandro León","Local Guide · 12 opiniones · 124 fotos","Hace 5 años","Buen trato, pero falta más información","","Me gusta","","Compartir","",""
"https://lh3.googleusercontent.com/a/ACg8ocJF93XUl3qH8tfvu-ZeC31jp-HVeAA_zqZCwikS5QGcK5g59g=w45-h45-p-rp-mo-br100","Ivonne Barronuevo","1 opinión","Hace 6 años","Lindo lugar amplio","","Me gusta","","Compartir","",""
"https://lh3.googleusercontent.com/a-/ALV-UjVVeI-Bt-OCxpj-COq7mSaEBag4Vu_gekj9OcgYCcpIX0S5Pla-9A=w45-h45-p-rp-mo-ba4-br100","Ismael Romero","Local Guide · 180 opiniones · 28 fotos","Hace 7 años","Muy buen lugar.","","Me gusta","","Compartir","",""
"https://lh3.googleusercontent.com/a-/ALV-UjX56qgh6eV-KHmLszW6xV1WR0f4P7uQFUGCH5RYWtBS2VrcF4Y=w45-h45-p-rp-mo-ba6-br100","Pedro Cordova","Local Guide · 709 opiniones · 680 fotos","Hace 7 años","Es excelente tiene buena atención","","","","Compartir","Me gusta","1"
"https://lh3.googleusercontent.com/a-/ALV-UjW_Iq11XronvmjbLAPUoScNW27SbEngz34waOjTj-HxlvCQKjgsHg=w45-h45-p-rp-mo-ba4-br100","ERNESTO YEPEZ YEROVI","Local Guide · 35 opiniones · 111 fotos","Hace un año","Atención médica","","Me gusta","","Compartir","",""
"https://lh3.googleusercontent.com/a-/ALV-UjVxSzYQxVCl1y3Q-jQCWI8SKDSkJsd1YaM1HWwQFtlukjIpl0Rz=w45-h45-p-rp-mo-ba4-br100","PG AC “Eagle”","Local Guide · 207 opiniones · 70 fotos","Hace 2 años","Bonito","","Me gusta","","Compartir","",""
"https://lh3.googleusercontent.com/a-/ALV-UjW3UmgiQ3eFJO1FrO_qPceXXA6IwZs-vS3xOhmcJczbO-XiczUl4g=w45-h45-p-rp-mo-ba3-br100","Leonardo Pavón","Local Guide · 43 opiniones · 11 fotos","Hace 6 años","Excelente","","Me gusta","","Compartir","",""
"https://lh3.googleusercontent.com/a/ACg8ocJGK-n2-Qcq4kval2PAAYTuG5A7wmhGOVs9mKEypb4aRg7C=w45-h45-p-rp-mo-br100","Francisco José Gabela","2 opiniones","Hace 4 años","Los teléfonos son deficientes","","","","Compartir","Me gusta","2"
"https://lh3.googleusercontent.com/a-/ALV-UjXvrefOvqug2RqDBNTNj2dKhossInQlPFLghSfQ4gi46cYpI2RSqQ=w45-h45-p-rp-mo-ba4-br100","Sombreros López","Local Guide · 54 opiniones · 65 fotos","Hace 5 años","Buena atención","","","","Compartir","Me gusta","1"
"https://lh3.googleusercontent.com/a/ACg8ocKJIYpivsb8uhxur_8XOx_2NXW44aF0F7lg9zYpJ6E2xJAPLQ=w45-h45-p-rp-mo-br100","jacinto rolando","1 opinión","Hace 8 años","Sita médica","","","","Compartir","Me gusta","1"
"https://lh3.googleusercontent.com/a-/ALV-UjWz16GWxBE8eZ9V0XmBF7-Y_-1Ls7eibdJv9xgQ6VWs9jSEBJZb=w45-h45-p-rp-mo-br100","Andre Teran","11 opiniones","Hace 8 meses","Otros.Teren","","Me gusta","","Compartir","",""
"https://lh3.googleusercontent.com/a-/ALV-UjXaTgGY-Coifsxh0SC4n_86Kquv4KDq7axIB2m4YAdFfrqehG2GmA=w45-h45-p-rp-mo-ba5-br100","Jose Taipe.","Local Guide · 216 opiniones · 109 fotos","Hace 7 años","Bien","","Me gusta","","Compartir","",""
"https://lh3.googleusercontent.com/a-/ALV-UjVGeyzqT5iH1JL8OiGz01si9B7YwbixFZGdRlKD-mbzfjFuwCM=w45-h45-p-rp-mo-br100","faifer negrita","1 opinión","Hace 8 años","Cita Médica","","Me gusta","","Compartir","",""
"https://lh3.googleusercontent.com/a/ACg8ocKFtNkn4qoxQb0dwGVenpOkG8JOJ8xbLZ7WgOCOZo0magSmBA=w45-h45-p-rp-mo-ba4-br100","Martha Coba","Local Guide · 3 opiniones · 3 fotos","Hace 2 meses","","","","","","",""
"https://lh3.googleusercontent.com/a-/ALV-UjVfWlHXW33RN9DtbMEKjLESoxO0VNED7RWUjH0BKXbvcmvVCIPZdg=w45-h45-p-rp-mo-ba3-br100","Luis Antonio Diaz","Local Guide · 32 opiniones · 113 fotos","Hace 3 meses","","","","","","",""
"https://lh3.googleusercontent.com/a-/ALV-UjVbYzYd0TEFW5e3rkfQaSUUk-A7B9tEO26vbmZgU1tiuBTItKc=w45-h45-p-rp-mo-br100","MediSthetic","4 fotos","Hace 6 meses","","","","","","",""
"https://lh3.googleusercontent.com/a-/ALV-UjXQYhbGhhQjH4AMSAULfRdtx3i339sdpyZ__jUJf0NHGFfHIG-D=w45-h45-p-rp-mo-ba3-br100","Lore Beta","Local Guide · 2 opiniones · 33 fotos","Hace 6 meses","","","","","","",""
"https://lh3.googleusercontent.com/a-/ALV-UjUyIGkT4gCg7r3l-wWlcjcM53zA4Fcc8GErFrexrcBEggJxQkg=w45-h45-p-rp-mo-br100","Cervantes Conexión","2 opiniones","Hace 9 meses","","","","","","",""
"https://lh3.googleusercontent.com/a/ACg8ocJR01rryaVrZxsu8RqvSW-RRtgsWWzQWZ90SyPEX8XMESwh=w45-h45-p-rp-mo-ba3-br100","Byron Salazar","Local Guide · 30 opiniones · 2 fotos","Hace un año","","","","","","",""
"https://lh3.googleusercontent.com/a-/ALV-UjVlRf4fbgz1kVLH15v8FxKiE2_S_a-5BJ54GXWxtYIRUvqXfeCgHg=w45-h45-p-rp-mo-ba4-br100","MIGUEL MUQUINCHO","Local Guide · 4 opiniones · 76 fotos","Hace un año","","","","","","",""
"https://lh3.googleusercontent.com/a-/ALV-UjUvHk7xTClubKIwRjzSo7obL0egvX_JLAwmR_quzaElGbzl8HXcbA=w45-h45-p-rp-mo-ba3-br100","Luci Calapaqui","Local Guide · 33 opiniones · 17 fotos","Hace un año","","","","","","",""
"https://lh3.googleusercontent.com/a-/ALV-UjW2Ia0JfWzor-Rsak8HGLi6Vs6KiPsBF4Vakz_Td9S4q1nVydcj=w45-h45-p-rp-mo-ba3-br100","Angeles Chacon","Local Guide · 41 opiniones · 41 fotos","Hace un año","","","","","","",""
"https://lh3.googleusercontent.com/a/ACg8ocKXQc3rjy7VOrdXyL1ewgKPYOlcOJjKZ42_-JCh25wjfuu4ow=w45-h45-p-rp-mo-br100","Oswaldo Toapaxi","38 opiniones · 37 fotos","Hace un año","","","","","","",""
"https://lh3.googleusercontent.com/a/ACg8ocIWBIVEU_FzScS1im8k8E-Y4F56OmZrxIOznrFyrpgQfdIKHg=w45-h45-p-rp-mo-br100","Prueba Telefono","1 foto","Hace un año","","","","","","",""
"https://lh3.googleusercontent.com/a-/ALV-UjURqHd2iSf9JBiF6XUZOYnd03A2uNeQXEvY5byviaDCtlg6l_Rl=w45-h45-p-rp-mo-br100","Monica Morera","8 opiniones","Hace 2 años","","","","","","",""
"https://lh3.googleusercontent.com/a-/ALV-UjVKj08BOvDJM4WdRXR6taCsKxVNHKdEynMyk-j2I0NzfVPSt5w=w45-h45-p-rp-mo-ba5-br100","Malincita Villagrán","Local Guide · 21 opiniones · 264 fotos","Hace 2 años","","","","","","",""
"https://lh3.googleusercontent.com/a-/ALV-UjWgetFcCAcSao-8aPe1C6rmLzDdH-60pt4ky3bjW_0EZBfnXWqh1g=w45-h45-p-rp-mo-ba2-br100","Xavier Alarcon","Local Guide · 5 opiniones · 13 fotos","Hace 2 años","","","","","","",""
"https://lh3.googleusercontent.com/a-/ALV-UjVfkVCBXCAlrBi2l8CnrErzo-jGj6mZbP8qTBep_4l4HrZOsYHl=w45-h45-p-rp-mo-ba3-br100","Rocio Ordoñez","Local Guide · 28 opiniones · 89 fotos","Hace 3 años","","","","","","",""
"https://lh3.googleusercontent.com/a-/ALV-UjUAgBIfa5lO3kM5GeeyQSOZMGwzIP7EQHwbFU07bzSGb11zrsp3=w45-h45-p-rp-mo-ba2-br100","juan carlos aldaz","Local Guide · 6 opiniones · 2 fotos","Hace 3 años","","","","","","",""
"https://lh3.googleusercontent.com/a/ACg8ocJNWZL2nxX02ZQ0u24BWNjAntqmZoCPEadtBwx-KGUjQjkmXD7R=w45-h45-p-rp-mo-br100","Mayra","1 opinión","Hace 3 años","","","","","","",""
"https://lh3.googleusercontent.com/a-/ALV-UjXsiVPxG5D4oU5TPx5BO4r4fcZw_GSQ-eC2tN58S3KSoaxhNuM=w45-h45-p-rp-mo-br100","GERMANIA TUBON BENAVIDES","","Hace 4 años","","","","","","",""
"https://lh3.googleusercontent.com/a-/ALV-UjXBj2Wc_FQtKPDVmvqKJr2tRuSATF0mtitPEKLdZeqepelKYWwmrA=w45-h45-p-rp-mo-ba6-br100","Guillermo Barreiro","Local Guide · 187 opiniones · 4,587 fotos","Hace 4 años","","","","","","",""
"https://lh3.googleusercontent.com/a-/ALV-UjWviGY6Lu1X-p2llDNgqYsfWzHwPbz4Th81wEtL_M6QMq1dc2w=w45-h45-p-rp-mo-ba3-br100","Johys Rosero","Local Guide · 21 opiniones · 9 fotos","Hace 4 años","","","","","","",""
"https://lh3.googleusercontent.com/a/ACg8ocLgfGDPEbTtsQscCEp07Z-CmCNx-sJompjE36nfp09Q4yAM4iKA=w45-h45-p-rp-mo-br100","Carlos Castelo","","Hace 5 años","","","","","","",""
"https://lh3.googleusercontent.com/a-/ALV-UjWxPj7QxapT_5GqoUCfS9a7_1_nhNRX5FlXUf7Qna5HNi0aZgQ=w45-h45-p-rp-mo-br100","Ruben Cuzme","","Hace 5 años","","","","","","",""
"https://lh3.googleusercontent.com/a/ACg8ocITemcYipmZVOVBGsJLsJG8HvpwVKc-SViRaejUkz8wpFCXaQ=w45-h45-p-rp-mo-br100","JESSICA TRUJILLO","","Hace 5 años","","","","","","",""
"https://lh3.googleusercontent.com/a-/ALV-UjWr23s2QpTTAMU0_AMSzLrx1xlzzyUHskWacrDpnHybEs-pjOGq=w45-h45-p-rp-mo-ba3-br100","Felipe Cabrera Andi","Local Guide · 25 opiniones · 33 fotos","Hace 5 años","","","","","","",""
"https://lh3.googleusercontent.com/a-/ALV-UjUxU7grRL_2UMhH7Xqn3eiU6Rrvgopj4YyQZlMahJeKFwC-Rfy1hQ=w45-h45-p-rp-mo-br100","Santos Calderon","","Hace 6 años","","","","","","",""
"https://lh3.googleusercontent.com/a/ACg8ocIFniRWSzPEJ9P_GCGuhR_wck2BzPjTQKtfTzBg4ezdLifjuw=w45-h45-p-rp-mo-br100","Jefferson Cedeño","","Hace 6 años","","","","","","",""
"https://lh3.googleusercontent.com/a-/ALV-UjWSE7IXR-qOeDBCxY0aBjs0TU5uVoKsU_x50ADkw6i6nkvzze0ieA=w45-h45-p-rp-mo-ba4-br100","Edith Balseca","Local Guide · 137 opiniones · 95 fotos","Hace 6 años","","","","","","",""
"https://lh3.googleusercontent.com/a-/ALV-UjXv9PeHVRkuVr2tRJL6O-xjK2pszxMDXm8IyUqTRu2vYd6yCpCB2w=w45-h45-p-rp-mo-br100","CRISTHIAN BUSTAMANTE","11 fotos","Hace 6 años","","","","","","",""
"https://lh3.googleusercontent.com/a/ACg8ocIKIzLUNJ6vjZlZOPAifn028uhZzqHdxAUxgFuGKGCxnZ6htw=w45-h45-p-rp-mo-ba2-br100","Ivan Chacon","Local Guide · 16 opiniones · 16 fotos","Hace 6 años","","","","","","",""
"https://lh3.googleusercontent.com/a/ACg8ocI-AVGY2ezZggiVSVuF8Uy6FRf66QYJHiKzKLK4tYDWKE-C0w=w45-h45-p-rp-mo-br100","Cristian Rafael Montenegro Rodriguez","","Hace 6 años","","","","","","",""
"https://lh3.googleusercontent.com/a-/ALV-UjWFj9QpD9hBCb7s4LFPDUJzvGEHP0LpfgAFxo4Wtst6hYO-FJw=w45-h45-p-rp-mo-br100","Alex Vela Maila","1 opinión","Hace 6 años","","","","","","",""
"https://lh3.googleusercontent.com/a-/ALV-UjXICKbQfmg6uZSEmkRJux83OXg1JQbm84ybbNeljmCX5QiWwy3Y=w45-h45-p-rp-mo-ba3-br100","Joel Carrillo","Local Guide · 22 opiniones · 3 fotos","Hace 7 años","","","","","","",""
"https://lh3.googleusercontent.com/a-/ALV-UjXaFki-9sk016SplpGm4XuZX2hPTYH80KxHIn9oIy05ZA1K2hc=w45-h45-p-rp-mo-br100","inversiones globalven","5 opiniones","Hace 7 años","","","","","","",""
"https://lh3.googleusercontent.com/a/ACg8ocJPT51f8-eG_VotGjMEOzzGZnvsavZwc1mUGjw1mI-LxubACA=w45-h45-p-rp-mo-br100","Darwin Puerchambu","","Hace 7 años","","","","","","",""
"https://lh3.googleusercontent.com/a-/ALV-UjUjrJwptqYKXfnn0KgB7cSdC1t3kLwf8wYow7uNPJBNgp3eaNI=w45-h45-p-rp-mo-br100","Cristina Tapia","","Hace 7 años","","","","","","",""
"https://lh3.googleusercontent.com/a/ACg8ocIwDl67iyHtXoO3zAdweDXsW30m1nw8vIsuWE10I5K1Vc8W2B8=w45-h45-p-rp-mo-ba3-br100","Diego Roldan","Local Guide · 29 opiniones · 29 fotos","Hace 7 años","","","","","","",""