"NBa7we src","d4r55","RfnDt","rsqaWe","wiI7pd","dSlJg","Hzvxle","pkWtMe","dSlJg 2","znYl0","znYl0 2"
"https://lh3.googleusercontent.com/a/ACg8ocJV3sbo_vu40TIRToudTPjl5uRvHnwLiiIAy4ysOEaMr31lhA=w45-h45-p-rp-mo-br100","Patricio Zavala","2 opiniones","3 semanas atrás","Es la segunda vez que acudo hacerme exámenes de laboratorio, después de conseguir una cita desde hace 3 meses, para llegar hacer una fila enorme a la madrugada y que me den la agradable noticia de que solamente podían hacerme un exámen de 4…","","Me gusta","1","","Compartir",""
"https://lh3.googleusercontent.com/a-/ALV-UjV0TMOp7OXpigUOoffJYKzXJsHfj34HtNdETLWNZAUhUXE_4qwf=w45-h45-p-rp-mo-br100","Byron Morales","2 opiniones","3 semanas atrás","Fuí a la 1 de mañana con un dolor intenso y vomitando por la vesícula, lo único que me dijeron fué, no hay sistema vaya al hospital iess del sur,  el personal es negligente","","Me gusta","1","","Compartir",""
"https://lh3.googleusercontent.com/a-/ALV-UjWjyQfv4C5Prs4h4oVwv-kAzOHV0zf4_-1U4VLsKddu1WjaixY=w45-h45-p-rp-mo-ba3-br100","Diego Vasquez Padilla","Local Guide · 51 opiniones · 4 fotos","Hace 2 meses","La recepcion a los pacientes es demasiado robotizada, por favor señores guardias aprendan relaciones humanas, y señores y señoras recepcionistas a un hospital no se viene por deporte sino por necesidad…","","Me gusta","1","","Compartir",""
"https://lh3.googleusercontent.com/a-/ALV-UjW5l_T_Z3XT80VbP1ZEwHbQLlGiSsYiSbjARMwfAp1muJN__jnq=w45-h45-p-rp-mo-br100","Gabriela Carrera Talavera","1 opinión","Hace 6 meses","El guardia que entrega turnos es  desorganizado y estafador, entrega turnos a su conveniencia sin respetar ni hora de llegada, ni edad de los pacientes, ni nada. A las personas de la tercera edad les tratan como animales. Ponen un guardia…","","Me gusta","2","","Compartir",""
"https://lh3.googleusercontent.com/a-/ALV-UjVT4Gtgk64Iur6rQRMSCxlVrDD6Htynu7gJQ7v66sfHi9s23JF7aw=w45-h45-p-rp-mo-ba3-br100","Silvia Fonseca","Local Guide · 38 opiniones · 1 foto","Hace 2 meses","No tienen una sala de espera adecuada, solo hay una carpa fuera, hace demasiado frío.
La atención es demorada, poco personal y los trabajadores no son muy amables.
No hay medicinas.","","","","","Compartir","Me gusta"
"https://lh3.googleusercontent.com/a/ACg8ocLItRCmEedfTfj-v41j3RHZLv9LlgIhcnFx4M6i6K1cGbRuVA=w45-h45-p-rp-mo-br100","Laura Chaves","4 opiniones","Hace 7 meses","Malo malo malooooo.
Cómo es posible que en un hospital hayan dos doctores para atender a todas las personas ?…","","Me gusta","3","","Compartir",""
"https://lh3.googleusercontent.com/a-/ALV-UjUOXzJ5V6cWYque02WFF9U4BFgnmj10qdblpKupbB3_Ux5o1Z4=w45-h45-p-rp-mo-ba3-br100","Sebastian Suarez","Local Guide · 39 opiniones","Hace 3 meses","Pésimo servicio en especial con los de UCI , una Evelyn Cevallos y creo que es el amante por qué aparte parece cabaret gracias al espectaculo tan deplorable de esta gentuza , deberían sacar de nomina a esos sinvergüenzas","","","","","Compartir","Me gusta"
"https://lh3.googleusercontent.com/a-/ALV-UjWT9_5ad-xsan_4qtnIwsI_K0v291-P10SpuEhxsOFS3-1yScIs=w45-h45-p-rp-mo-ba5-br100","Luis Ortiz","Local Guide · 218 opiniones · 357 fotos","Hace un año","Se debe mejorar el servicio, al menos en el área de validación de certificados es pésima la atención, la cantidad de personal o el horario no abastece a la demanda, solo se atienden 50 personas al día, las colas para alcanzar un turno son…","","Me gusta","7","","Compartir",""
"https://lh3.googleusercontent.com/a-/ALV-UjU-EG7zRAyaMGuz9c0yE2jiZercrE0YEeqH2LR8fSyIYZjgr251CA=w45-h45-p-rp-mo-br100","Edmundo Larco","6 opiniones","Hace 5 meses","Uno se acerca con tiempo para que le tomen los signos vitales a 7;20 de la mañana ya que se tiene vita medica a las 8:20
Va uno con tiempo para que no se aglomere los turnos y no le atiendan más tarde…","","","","","Compartir","Me gusta"
"https://lh3.googleusercontent.com/a/ACg8ocKxm3Gh-b3anvb87iMjDPy5XFeJgHxuUwPi3YmeP02TT0p-Ct-w=w45-h45-p-rp-mo-ba3-br100","Mixii La Rosa","Local Guide · 22 opiniones · 5 fotos","Hace 3 meses","La peor atención, los guardias ni que decir y si vas a la emergencia un fin de semana solo te atienden estudiantes sin experiencia, lamentablemente esto pagamos y es un servicio de pacotilla","","","","","Compartir","Me gusta"
"https://lh3.googleusercontent.com/a/ACg8ocK1QhsiW_COSgAaONajTljp8Pb6c_tn9F89-yG6C92pu3YFoA=w45-h45-p-rp-mo-br100","LAURA XIMENA CHAVES CESPEDES","1 opinión","Hace 7 meses","Hoy 20/10/23 mi esposo se encuentra desde las 4 de la tarde en este ""hospital"" si así se le puede llamar porque presenta inflamación en los ganglios linfaticos...pero para las ""enfermeras"" de este lugar eso no es una emergencia y por ende…","","Me gusta","5","","Compartir",""
"https://lh3.googleusercontent.com/a/ACg8ocK0OPa-UbWseMdNQvj_WIlEt3oHBxlQFDG_VOw2jUN4G0veQw=w45-h45-p-rp-mo-br100","José Arauz","1 opinión","Hace un año","La atención mala mi hija muy mal y no dan la prioridad a niños y adultos mayores están afuera padeciendo y nadie les atiende rápido","","Me gusta","3","","Compartir",""
"https://lh3.googleusercontent.com/a-/ALV-UjWZnAT_4Uioaj0tejCK7LP2D4q45Mmplfs82iJ66UpG9BNoALIK=w45-h45-p-rp-mo-br100","Xavier Casillas","1 opinión","Hace 3 meses","Un pésimo servicio parece que todo mundo está se vacaciones, nadie atiende todos en la cháchara","","","","","Compartir","Me gusta"
"https://lh3.googleusercontent.com/a/ACg8ocJnHGIt5908mteuG5X_uaw14DrZONbiCOnFWuNwZZdEHR-fWg=w45-h45-p-rp-mo-br100","Paulina Perez","4 opiniones","Hace 7 meses","Es pésimamente la atención a los pacientes ni siquiera entienden la palabra de urgencia médica hay pacientes como son de tercera edad q deberían ser la propiedad de atención tanto como los niños pero ni ha eso señores","","Me gusta","2","","Compartir",""
"https://lh3.googleusercontent.com/a/ACg8ocL37o4FP12goHV3QhMaNzB5KUsw7l4Xl1iYlEeTq5OlSHPIwg=w45-h45-p-rp-mo-ba4-br100","Patricio Andrade","Local Guide · 134 opiniones · 388 fotos","Hace 2 meses","Perifoneo constante de propaganda de ópticas por el sector","","","","","Compartir","Me gusta"
"https://lh3.googleusercontent.com/a-/ALV-UjV6tjnGUVX0RcTYiSFjHEA5-VoKlvvnGxz8w4NgX1hW8rPTJt5Uiw=w45-h45-p-rp-mo-ba3-br100","ines chamorro","Local Guide · 55 opiniones · 21 fotos","Hace 6 meses","Cuando llegue le atendieron a mi hija mejor que clínica privada salí muy satisfecha","","","","","Compartir","Me gusta"
"https://lh3.googleusercontent.com/a/ACg8ocK3IMM02LLYSLUcz5XZxXzCd4xmnTwf0Ohs9AzM7vXcG63X8Qk=w45-h45-p-rp-mo-br100","gustavo alquinga","2 opiniones · 2 fotos","Hace 9 meses","Es un desperdicio de dinero el seguro, se paga un seguro por ser bien atendido, llegué con temperatura alta en la madrugada 4:10am y nos hicieron esperar afuera en el frío casi dos horas, no sirve de nada tener seguro!!!","","Me gusta","1","","Compartir",""
"https://lh3.googleusercontent.com/a-/ALV-UjWFCZNH3x217d8xktN5I3W9KmT5Euz-Ctt8u1IpZsFSeePauCw=w45-h45-p-rp-mo-br100","terry fabri","2 opiniones","Hace 10 meses","La área de VALIDACION no tratan con amabilidad mejor diríjase a los doctores o enfermeras cuáles aún tienen algo de decencia y amor por ayudar al enfermo que es muy posible que les atiendan y no tengan que esperar meses en su cabio de turno","","Me gusta","2","","Compartir",""
"https://lh3.googleusercontent.com/a/ACg8ocLTY5508ltNAqiiqFYlO6Eh02X4dEJiXd_2K1uUtr6KopajpA=w45-h45-p-rp-mo-br100","benito_santillan@gmail.com Santillan","3 opiniones","Hace 9 meses","Me realice una cirugía, desde las cita previas excelente atención, puntualidad, aseo y personal muy prefesional","","Me gusta","1","","Compartir",""
"https://lh3.googleusercontent.com/a-/ALV-UjXtOpkOXzL_SNvl9DUGfITCPUau_4PciGq9LS4LeS6gLcI35iE=w45-h45-p-rp-mo-ba4-br100","Raul Flores","Local Guide · 167 opiniones · 64 fotos","Hace un año","Emergencias me atendió de inmediato por el estado en que me encontraba, no hubo TETANOL, salí de ahí y me tocó buscar en otros lugares, consiguiendo únicamente en Novaclinica quienes para administrar el medicamento me hicieron regresar al…","","","","","Compartir","Me gusta"
"https://lh3.googleusercontent.com/a-/ALV-UjUOZ3P0hEvjfX0CwiIlnsJVfrb9MUmwivAwfwTiUtbHTUJJ7A3e=w45-h45-p-rp-mo-ba3-br100","Carlos V Sánchez A.","Local Guide · 58 opiniones · 2 fotos","Hace 2 años","Pésima atención se demoran en hacer pasar los turnos, sí los usuarios que ya se encuentran ahí para el respectivo turno deberían hacerlos pasar si el que llegó atrasado que pena que aprenda a ser puntual al turno asignado y por impuntual no va perjudicar a los que si llegan puntuales,","","Me gusta","5","","Compartir",""
"https://lh3.googleusercontent.com/a-/ALV-UjVyS66KIiq1khPUMqSqL15246AEi6E7zfVoz9CnvnfypFmRo7k=w45-h45-p-rp-mo-ba3-br100","Bender C. Moriarti","Local Guide · 22 opiniones · 2 fotos","Hace 5 años","Los tiempos de espera en dias normales no son largos, son muy largos eso si los dias despues del feriado. Esos dias se llenan de gente buscando certificados. Hay carencia de especialistas en la emergencia, aunque la mayoria del tiempo hay…","","Me gusta","1","","Compartir",""
"https://lh3.googleusercontent.com/a-/ALV-UjUTC1t8BzAWR9gGJuDJ5k64301G1XBIrGXt8DKsRgkP4J9xn6Jd=w45-h45-p-rp-mo-br100","Angel Sislema","3 opiniones","Hace un año","El tiempo de espera es demasiado la atención es buena pero no hay medicinas toca salir a comprar fuera del hospital y eso está mal ya q estamos aportando","","","","","Compartir","Me gusta"
"https://lh3.googleusercontent.com/a-/ALV-UjXLwufNiEwLqy7GGASksl3hGzML95rRo8O3N8CBJy19PwST-iXW=w45-h45-p-rp-mo-br100","Alex Paredes","3 opiniones","Hace un año","Si pudiera poner 0 Estrellas lo hiciera. 5 horas en emergencia y nunca fue atentido mi hermano. NO ES GRATIS, es pagado. La peor atención. Que verguenza de servicio","","Me gusta","3","","Compartir",""
"https://lh3.googleusercontent.com/a-/ALV-UjUSdBc8UPN2EAP3e5QUcEzQkNJlb0f9k9pZuJsBV-RCgNgx1zfS=w45-h45-p-rp-mo-ba5-br100","Diego Aguilar","Local Guide · 102 opiniones · 666 fotos","Hace 5 años","Hospital del día sangolqui. Posee grandes y cómodas instalaciones adecuadas para los pacientes que acuden por.servicios médicos a sus instalaciones. Constituye uno de los hospitales que conforman la red de servicios médicos del.IEESS. La…","","Me gusta","2","","Compartir",""
"https://lh3.googleusercontent.com/a/ACg8ocJ8vdUjtky0ry88BnHZA-NiTDbP4JU8CoIv_cjaAtWvJUFsdw=w45-h45-p-rp-mo-ba3-br100","Pablo GONZALEZ","Local Guide · 27 opiniones","Hace un mes","Falta de atención con rapidez","","","","","Compartir","Me gusta"
"https://lh3.googleusercontent.com/a/ACg8ocKOXSYxwjkrL4_8KhR8Qq3wVeHEzyR4880DmrStWihGVjE6TA=w45-h45-p-rp-mo-br100","Nathaly Edith Tacovillacis","1 opinión","Hace 6 años","Es una pésima atención han pasado mas de una hora supuesta mente atendiendo un paciente y resulta q era familia del doctor se supone q Emergencias se las atiende como su nombre lo dice por emergencia me parece una falta de respeto de parte del Dr.Moncayo de medicina general 1","","Me gusta","3","","Compartir",""
"https://lh3.googleusercontent.com/a-/ALV-UjXi_GrS4f5udDQQtVgxHBXnDpaF7cJlII7MNIiD59ma6qkQpaPH=w45-h45-p-rp-mo-ba5-br100","Eliza238","Local Guide · 348 opiniones · 742 fotos","Hace 4 años","Este Hospital está abierto las 24 horas del día, pero la atención es muy mala, para una emergencia como mínimo hay que esperar 4 horas, aunque estés pagando por el servicio, la verdad es muy deficiente, creo que realmente no atienden…","","Me gusta","5","","Compartir",""
"https://lh3.googleusercontent.com/a/ACg8ocJYI-Cui00jRvmIezpI6ePPcXRHKNLMto2L2PCgBbjpBCemtA=w45-h45-p-rp-mo-ba3-br100","Ivan R C","Local Guide · 31 opiniones · 56 fotos","Hace 5 años","Es un hospital del Día, q presta atención 24/7, y cubre carias especialodades, ademas cuenta con área de emergencias, quirófano, fisiatria, consulta externa, imagenología y rx, atencion y club del adulto mayor y crónicos metábolicos y todos unos excelentes profesionales al servicio de los afiliados","","","","","Compartir","Me gusta"
"https://lh3.googleusercontent.com/a-/ALV-UjUFYF6CyDEPeqUV4c_uY-xecW_zzXEPOjBbj8kEFzwFPoPZJoFqCA=w45-h45-p-rp-mo-ba5-br100","GIRAMONDO","Local Guide · 270 opiniones · 321 fotos","Hace un año","Con el presidente Lasso todo empeoró... Que pena porque ella sistema de salud en Ecuador era un referente hace 10 años..","","Me gusta","4","","Compartir",""
"https://lh3.googleusercontent.com/a-/ALV-UjVOgD6jhZyX5LjIuuhJxaTAuaH_aH2NE2gZuoCfHiegFd7hzAM=w45-h45-p-rp-mo-br100","Nelly Elvira Llumiquinga Andrango","2 opiniones","Hace 8 años","pesimo servisio para comensar de entrada no hay una ventanilla done se pueda preguntar se le pregunta a alguna enfermera o doctora no saben nada bueno me puse en la fila donde deriban los examenes parada una hora en la fila llego a la…","","Me gusta","2","","Compartir",""
"https://lh3.googleusercontent.com/a-/ALV-UjWT_FvtTyMW5rW1CylEQpbcEQsOFKwtKd9wtY3ZRmPPwqMxF_Q=w45-h45-p-rp-mo-br100","Mashi Jorge","2 opiniones","Hace 9 años","Pésimo servicio  el servicio pésimo la atención  por mencionarle en el área de emergencias  la atención en el sector donde se dan los turnos  uhhh esa persona que atiende  me pregunto como hay gente así que esta en esos puestos  pésimo,parecía mudo  eso debe cambiar poner gente que verdaderamente sirva de algo","","Me gusta","2","","Compartir",""
"https://lh3.googleusercontent.com/a-/ALV-UjX4w8E4l_RsMhJoXzCTj14ex_MN6BEs0LB171ak6Z8JiD5f2mQ=w45-h45-p-rp-mo-ba4-br100","Eduardo Palacios","Local Guide · 62 opiniones · 39 fotos","Hace 2 años","La atención es un poco lenta y hay varias personas que atienden con mala actitud, por supuesto no son todos pero si deja bastante que desear","","Me gusta","3","","Compartir",""
"https://lh3.googleusercontent.com/a/ACg8ocLXkyGXAtb0PtFtW0RDP3n58zHNkaf_ofBbiQWyaoLXtKokdQ=w45-h45-p-rp-mo-ba3-br100","Wendy Marte","Local Guide · 43 opiniones · 4 fotos","Hace un año","Siempre hay que hacer filas larguísimas para sacar turnos y hay que hay que ir en días diferentes para sacarlas","","","","","Compartir","Me gusta"
"https://lh3.googleusercontent.com/a-/ALV-UjVoxzshms85U2JTT8KOPOYWYJKxg11gQpZ1dUzU7VXwCxfXC1GF=w45-h45-p-rp-mo-br100","Yessenia Emily","6 opiniones","Hace 5 años","Pesimo, los suministros de aseo no son los adecuados, usan la misma jeringa de la medicacion para nebulizaciones ""fines de semana""aparte q no una guantes ni mascarilla y no se protegen con gel antibacterial.
Pesimo pesimo pesimo","","Me gusta","1","","Compartir",""
"https://lh3.googleusercontent.com/a/ACg8ocK-hdTFVS4N3eg5b-kqhBq7kWe7iw2xtRC6jrF5yiqVGn01EuM=w45-h45-p-rp-mo-ba3-br100","Israel Marquez","Local Guide · 45 opiniones · 20 fotos","Hace 4 años","Pésima atención, el personal es lento e indolente además que no son capaces de atender cosas sencillas, asistí a emergencias con mi hija por una fractura de brazo y después de perder más de una hora me dijeron que vaya a otro hospital porque ellos no tienen traumatologo","","Me gusta","1","","Compartir",""
"https://lh3.googleusercontent.com/a-/ALV-UjXRFgry4sOufA9k-Tdhw6CiGeury7s156CGScS1-GPgsKkMQhNF=w45-h45-p-rp-mo-ba4-br100","Isabel Andrade (Isabellandzam)","Local Guide · 98 opiniones · 48 fotos","Hace 2 años","Dejan pasar a quien les dé gana por preferencias, si son amigos o familiares no les hacen esperar 4 horas por EMERGENCIA.","","Me gusta","4","","Compartir",""
"https://lh3.googleusercontent.com/a/ACg8ocLKMP_THg_6-529kSVlNmMzxlcET7_6yi9t4qgSz6KNMjKAAA=w45-h45-p-rp-mo-br100","Erwin Acosta","16 opiniones · 1 foto","Hace 4 años","Imposible una cita medicina general, las autoridades están ausentes no hay información. El call center demuestra la ineptitud de la atención. No se pude conseguir cita. Para cuándo?","","Me gusta","1","","Compartir",""
"https://lh3.googleusercontent.com/a-/ALV-UjV_D_cR2fJ2OmNBH0YTZV7qhw2mXnT-V20njUEfR-TZmPG_WpXs=w45-h45-p-rp-mo-ba3-br100","Hassan Betancourt","Local Guide · 66 opiniones · 7 fotos","Hace 2 años","Me he operado aqui, y me trataron muy bien,muy amables todos y muy profesionales sin duda una buena experiencia","","Me gusta","4","","Compartir",""
"https://lh3.googleusercontent.com/a-/ALV-UjUHTPkoi2iAuQ7-IbHdkbRibQDQuigl5z1_5RkKv2vE8t4EQwk=w45-h45-p-rp-mo-br100","Liliana Chiguano","1 opinión","Hace 5 años","Hola necesito ayuda por favor esq a mi hijo tienen q operarle de los testículos el tiene 2 años y medio pero no sé si le operen ahí mismo o le manden al vaca Ortiz alguien me puede ayudar","","","","","Compartir","Me gusta"
"https://lh3.googleusercontent.com/a-/ALV-UjVIMP8moZ62S6MZ7o0DA9KePkwk4NPUr6hwU8EAmNGU2TGkZ5kY=w45-h45-p-rp-mo-ba6-br100","Juan Arias Bermeo","Local Guide · 329 opiniones · 3,170 fotos","Hace 7 años","Tuve una buena atención en Odontología.","","","","","Compartir","Me gusta"
"https://lh3.googleusercontent.com/a-/ALV-UjXzu2mvNWJab5lkx7RbEcIIUTQ2X2N8nF8V-OAgMWfSDwoIWGpL=w45-h45-p-rp-mo-br100","Nathaly enriquez","1 opinión","Hace 3 años","Podrían mejorar la atención a los pacientes como tener más interés en la salud","","Me gusta","2","","Compartir",""
"https://lh3.googleusercontent.com/a/ACg8ocLcm3oQF-tsSPq94TqBxqvsv1S4rc-54pqt_HvnuQfXDEOwdg=w45-h45-p-rp-mo-ba5-br100","Francisco Tobar","Local Guide · 202 opiniones · 273 fotos","Hace 4 años","La atención como todo Hospital Público.. Para exámenes médicos, se recomienda ir a las 5:00 am mucha gente","","","","","Compartir","Me gusta"
"https://lh3.googleusercontent.com/a/ACg8ocIaoQHhY-JS5oUX-MoFbHAnaG9rxQDjUWmawFZZbmMoSMabyQ=w45-h45-p-rp-mo-br100","Yonny Palma","1 opinión","Hace 2 años","Mal muy mal 4 horas y no pueden atender a mi hijo de 6 años hasta cuando 😐…","","Me gusta","2","","Compartir",""
"https://lh3.googleusercontent.com/a-/ALV-UjWKXxodea3Z599BwrUxkDpKKZsO31JT_gW1vyocYkeRyNv72w54=w45-h45-p-rp-mo-ba5-br100","Marco Aguilar","Local Guide · 196 opiniones","Hace un año","Atención un poco lenta pero muy eficaz","","","","","Compartir","Me gusta"
"https://lh3.googleusercontent.com/a-/ALV-UjWi4gtgGszN3NWseyuSCVB4XZw0NDJgwz_olXE_ifRXJsuFTcYNXg=w45-h45-p-rp-mo-ba5-br100","Yom Fernando Ramirez Arias","Local Guide · 224 opiniones · 627 fotos","Hace un año","Es el lugar donde tu familiar  por negligencia médica puede morir","","","","","Compartir","Me gusta"
"https://lh3.googleusercontent.com/a-/ALV-UjUv34y1iNPRY6BBCLCfDW9ZnZMpYUrOpZn5JAEEteErYm1IAg=w45-h45-p-rp-mo-ba4-br100","FERNANDO MONTERO","Local Guide · 26 opiniones · 142 fotos","Hace 2 años","Buena atención, Dios bendiga a los prestadores de salud","","Me gusta","1","","Compartir",""
"https://lh3.googleusercontent.com/a-/ALV-UjUj-Q9EME1XaqS1iGL1ynPm6bCsdn5pG5CZ0_qyKZ8QqKRh5dw5=w45-h45-p-rp-mo-ba4-br100","Angelo Trujillo Muñoz","Local Guide · 103 opiniones · 11 fotos","Hace 4 años","Atención rápida y todo parece estar organizado. Se ve limpio y seguro.","","Me gusta","1","","Compartir",""
"https://lh3.googleusercontent.com/a-/ALV-UjX2KB2DfIcTfvAfCerklmRL6EnfVb2kgEkuCM0zqQ7Eybmxxmk6=w45-h45-p-rp-mo-ba2-br100","Cristhian Ulloa","Local Guide · 18 opiniones · 1 foto","Hace 11 meses","Es un buen lugar para el deporte","","","","","Compartir","Me gusta"
"https://lh3.googleusercontent.com/a-/ALV-UjX4u_jiL4H2Y39-G4biFbApECrYVG4490xEXMnRjPUfeZPCPE-c=w45-h45-p-rp-mo-ba2-br100","Gaby Estefi","Local Guide · 21 opiniones · 1 foto","Hace 2 años","Excelente atención de las señoritas de información gran agilidad y eficacia.","","Me gusta","1","","Compartir",""
"https://lh3.googleusercontent.com/a-/ALV-UjX8z9wVqZY9oex1ChV0qSfR0OoUwz7rWdHiI-LBsIHn48AxZ4MM=w45-h45-p-rp-mo-ba4-br100","Gabriel Garcia","Local Guide · 92 opiniones · 259 fotos","Hace un año","Lugar moderno y buena atención.","","","","","Compartir","Me gusta"
"https://lh3.googleusercontent.com/a-/ALV-UjWij-HgpiN181xTJyw7N-1UGWZffPfYU-SFa8znA4C7zbUWW1VC=w45-h45-p-rp-mo-ba4-br100","Marcelo Tello","Local Guide · 16 opiniones · 193 fotos","Hace un año","bueno si se tiene paciencia","","","","","Compartir","Me gusta"
"https://lh3.googleusercontent.com/a/ACg8ocJ1NnEodK5ZyBlbE9JaO_Pyto5WULDG1HChQb9ZQO-5YKAXjg=w45-h45-p-rp-mo-br100","Wilo Davalos","83 opiniones · 42 fotos","Hace 3 años","Buena atención, cuidan los procedimientos anti COVID","","","","","Compartir","Me gusta"
"https://lh3.googleusercontent.com/a-/ALV-UjXkMWvLtYoMuzTm_iEf6rs0Y0EDRlkDI1oT3YXdOSbVpqaNeEtW=w45-h45-p-rp-mo-ba4-br100","Fabian Proano","Local Guide · 118 opiniones","Hace 2 años","Excelente atención al cliente y lindo lugar","","","","","Compartir","Me gusta"
"https://lh3.googleusercontent.com/a-/ALV-UjW8zHO-1-2u5ymsziKhEDagvoDTSAou8W-X3a5I-70wNEqIW19i_g=w45-h45-p-rp-mo-br100","Angelica Vera","9 opiniones","Hace 2 años","La experiencia en el área de fisioterapia es excelente 👌…","","","","","Compartir","Me gusta"
"https://lh3.googleusercontent.com/a-/ALV-UjXbI5HZB-rbQk0L9cVhPM_qRcqPKD6NO7s-sXz5ZfVMPh6ropnOZQ=w45-h45-p-rp-mo-ba5-br100","Pablo Vélez Ibarra","Local Guide · 232 opiniones · 101 fotos","Hace 4 años","Muy buena atención y hasta en la noche","","","","","Compartir","Me gusta"
"https://lh3.googleusercontent.com/a-/ALV-UjWqgjyI6lXDdPU6UfI3RuAfS71B27TZdSow_hTTPKwSwWw2RJp0=w45-h45-p-rp-mo-ba2-br100","Rauledisonclavijo Clavijo Iza","Local Guide · 22 opiniones","Hace 8 meses","Todavia NO graciss..","","","","","Compartir","Me gusta"
"https://lh3.googleusercontent.com/a-/ALV-UjXqOf7bfuHSEwKHeGJumfWQiwaNNXk8LUNul9o4eO26k0ludKrMeA=w45-h45-p-rp-mo-ba3-br100","Mateo Quimuña","Local Guide · 30 opiniones · 5 fotos","Hace 7 años","bueno la atencion no es todo de lo mejor pero algo es algo","","","","","Compartir","Me gusta"
"https://lh3.googleusercontent.com/a/ACg8ocJuQErtZnU1QJZM99Lul9Q-GVQXAohdhvRHNnZH1eE6PzBhYIw=w45-h45-p-rp-mo-ba4-br100","G OC","Local Guide · 268 opiniones · 65 fotos","Hace 2 años","Seguro social, que podría decir?","","","","","Compartir","Me gusta"
"https://lh3.googleusercontent.com/a-/ALV-UjW4bf7ND_KdV1VpaEn1A6NOgHpMmNv9RJhGk89xTd-WuPXYLTcxzA=w45-h45-p-rp-mo-ba4-br100","Cristy Castillo","Local Guide · 73 opiniones · 332 fotos","Hace 6 años","Buen servcio de atención medical","","","","","Compartir","Me gusta"
"https://lh3.googleusercontent.com/a/ACg8ocKi2PUmRQcaEVTlhAlbet0ymUoEbidrCjUe9CrVf2pj6yerpg=w45-h45-p-rp-mo-br100","german rosero","1 opinión","Hace un año","Muy mala atencion 😡 😕 😑 😒…","","","","","Compartir","Me gusta"
"https://lh3.googleusercontent.com/a-/ALV-UjWT5BuyfvPH7ERjOmOl8Rsf0sEu3CWmtrWvQA9-FcjLV0XtE1Pf=w45-h45-p-rp-mo-ba3-br100","irmas1501","Local Guide · 54 opiniones · 59 fotos","Hace 7 meses","EXCELENTE LA ATENCIÓN.","","Me gusta","1","","Compartir",""
"https://lh3.googleusercontent.com/a/ACg8ocIDhOAngXXm0PiZP-IrByg0gz24QCl-XTeZabD5yOZ0f94Tnc8m=w45-h45-p-rp-mo-ba3-br100","Gerson Figueroa","Local Guide · 45 opiniones · 52 fotos","Hace 5 años","Buena atención","","","","","Compartir","Me gusta"
"https://lh3.googleusercontent.com/a-/ALV-UjUCWHhwcxhrIN4ZVJKw9Eiinwe09NwoTkjD-2YnZDPYITYYQdsDOA=w45-h45-p-rp-mo-ba3-br100","Yuri Cachago","Local Guide · 27 opiniones · 90 fotos","Hace 8 años","Muy util","","","","","Compartir","Me gusta"
"https://lh3.googleusercontent.com/a-/ALV-UjUXQmsFUfthtcEvPmrLXq88cb19CveCJSwON-4_5IP8-x6vTnQ=w45-h45-p-rp-mo-br100","Julian Jimenez ``Tops Views ́ ́","2 opiniones","Hace 7 años","Muy buena","","","","","Compartir","Me gusta"
"https://lh3.googleusercontent.com/a-/ALV-UjWvY3Ioy3W_tw94anyhV4vyHJekTxs5uHtWwLQrORfe22AR-Gr0OQ=w45-h45-p-rp-mo-ba3-br100","Wilson Angulo Cruz","Local Guide · 67 opiniones · 4 fotos","Hace un año","Atención a tiempo y cordial","","Me gusta","1","","Compartir",""
"https://lh3.googleusercontent.com/a/ACg8ocLESxJSlDTrnVBQjgjGdyzbHRNPWp-BiBsGCFPnSqlqBaFj8pkG=w45-h45-p-rp-mo-ba4-br100","Andrea Minango","Local Guide · 37 opiniones · 41 fotos","Hace un año","Pesima atención","","","","","Compartir","Me gusta"
"https://lh3.googleusercontent.com/a-/ALV-UjVNJE8KTwOtHAWROQ1KfTQnIE9XKhFWvVm2b5tIjCjNz-oY7cEJ=w45-h45-p-rp-mo-ba4-br100","Carlos Gonzales","Local Guide · 71 opiniones · 64 fotos","Hace 7 años","Gracias compañero por este hospital","","","","","Compartir","Me gusta"
"https://lh3.googleusercontent.com/a-/ALV-UjXu04Uw7NEABiZMp7g3fYudaWEQGs6ZcHzKXcguimHAttvqLTWd=w45-h45-p-rp-mo-ba4-br100","ERICK ARBOLEDA","Local Guide · 35 opiniones · 127 fotos","Hace 6 años","Un lugar muy limpio.","","Me gusta","2","","Compartir",""
"https://lh3.googleusercontent.com/a/ACg8ocLDROjyYVkJqvWJZSFmMWwRtTUJ0RLfgu---btJr8EoTxkqyQ=w45-h45-p-rp-mo-br100","Bertha Carrera","19 opiniones · 40 fotos","Hace un año","Pésimo servicio","","","","","Compartir","Me gusta"
"https://lh3.googleusercontent.com/a/ACg8ocKSJaEsXk6Ovt4UGZs9vDVX6Sq6J1iEtUSPFwN6wrkF1UcXTg=w45-h45-p-rp-mo-ba4-br100","ANTONIO NUÑEZ","Local Guide · 85 opiniones · 271 fotos","Hace 6 años","Hospital solo para asegurados al IESS","","","","","Compartir","Me gusta"
"https://lh3.googleusercontent.com/a-/ALV-UjVxSfpwc1I99hFX2PkkbG4_2L4cnYnmGTEECNI7Z6eJOjpI7W0=w45-h45-p-rp-mo-ba4-br100","Josee Yoss Cortez Zamora","Local Guide · 81 opiniones · 158 fotos","Hace 3 años","Excelente hospital","","Me gusta","2","","Compartir",""
"https://lh3.googleusercontent.com/a-/ALV-UjWu7dtbwtpTAyaNukZ_3m-p5cZV4bgl93LfKf6COV22xMAt64NVkw=w45-h45-p-rp-mo-ba5-br100","Oscar Perlaza","Local Guide · 521 opiniones · 141 fotos","Hace 3 años","Faltan parqueaderos","","","","","Compartir","Me gusta"
"https://lh3.googleusercontent.com/a-/ALV-UjU9rHUr1xiJwtxX3pkIpFTMrlESpughFdiCJOIeIpJG5ncraK9Q=w45-h45-p-rp-mo-ba4-br100","GEORGE ESPIN","Local Guide · 92 opiniones · 13 fotos","Hace un año","Falta estacionamientos","","","","","Compartir","Me gusta"
"https://lh3.googleusercontent.com/a-/ALV-UjUZenwawxT2z6D0EHasG0RMhZRHRiYq4fqgdU_Yx3UU-Z_dnRY=w45-h45-p-rp-mo-br100","SKINNY DJ","3 opiniones · 1 foto","Hace 8 años","Cómodo...","","","","","Compartir","Me gusta"
"https://lh3.googleusercontent.com/a/ACg8ocJ9wYzRF5h2bahNNR0h4f_8-yJkr65oJzofgZgUe6QKp8jPaQ=w45-h45-p-rp-mo-ba3-br100","cristian mantilla","Local Guide · 28 opiniones · 8 fotos","Hace 2 años","Pésimo","","","","","Compartir","Me gusta"
"https://lh3.googleusercontent.com/a-/ALV-UjXRRfTsQf467SxMFgdJuXr8Yl3aXMzpo4_JAO8vNEqD_11Ys6My=w45-h45-p-rp-mo-ba5-br100","DARWIN VELOSO","Local Guide · 69 opiniones · 688 fotos","Hace 2 años","Un poco demoroso","","","","","Compartir","Me gusta"
"https://lh3.googleusercontent.com/a-/ALV-UjV5Sb5XQxOM7GGbVCbcGYzlsbxAatPHAmIR5kjOFQll13PLAP5l=w45-h45-p-rp-mo-ba3-br100","Jairo Mor Def","Local Guide · 28 opiniones · 144 fotos","Hace 5 años","Atencion lenta","","","","","Compartir","Me gusta"
"https://lh3.googleusercontent.com/a/ACg8ocLnpSEcSZ5EcZOMe1yi_SDa07NU0prTasE4QxmSvP_faB5s3w=w45-h45-p-rp-mo-br100","luiiis verde","6 opiniones","Hace 4 años","No son tan ágiles","","","","","Compartir","Me gusta"
"https://lh3.googleusercontent.com/a-/ALV-UjVeYcE-1Ej8j3rH_ktQWUNnWpBH2zzhrSp9mmc9H47Nv4f7DzXt=w45-h45-p-rp-mo-br100","MERCEDES LEONOR RUIZ CUEVA","7 opiniones · 12 fotos","Hace 6 años","Excelente","","Me gusta","1","","Compartir",""
"https://lh3.googleusercontent.com/a-/ALV-UjVbYMgsZMxx7w_frSXT7CTvhg5AoQdlAnZwpY3hBA77K15JjpKt=w45-h45-p-rp-mo-br100","CESAR VASQUEZ","4 opiniones","Hace 6 años","Ecelente atención","","","","","Compartir","Me gusta"
"https://lh3.googleusercontent.com/a-/ALV-UjUEp2TlCu5RG0b0RpMB5ufDJR_VdSzS1vN6bKWM6IIklKSoZnOh=w45-h45-p-rp-mo-ba5-br100","Xime Martínez R.","Local Guide · 371 opiniones · 150 fotos","Hace 11 meses","Lejos lejos","","","","","Compartir","Me gusta"
"https://lh3.googleusercontent.com/a-/ALV-UjWL4dQ06wR-LHVZ6nuJM1g8BphrlbTBCKUMwUAH690N4LKcIqKa=w45-h45-p-rp-mo-br100","Cytrus1101","5 opiniones","Hace 2 años","Pésima atención","","","","","Compartir","Me gusta"
"https://lh3.googleusercontent.com/a-/ALV-UjU2cj5QUfrG7JFETHEQYax8oO2qUnG3G5dmqOmeqCUJm-xTibE=w45-h45-p-rp-mo-br100","Pol Narvaez","1 opinión","Hace 9 años","Exito","","","","","Compartir","Me gusta"
"https://lh3.googleusercontent.com/a-/ALV-UjU-uMEPrZsy_knHYCPPXcP7ocfZfPgJnQ9jlV0zjjLpqI7p7Ts=w45-h45-p-rp-mo-br100","Dr. Galo Vidal Rosero Diaz","2 opiniones","Hace 8 años","Buenos profesionales","","Me gusta","1","","Compartir",""
"https://lh3.googleusercontent.com/a/ACg8ocKEs0EZYbdYpKYLVjGdLK_FZzC3WqV9yhpWKY2g2gXwoNmeeA=w45-h45-p-rp-mo-ba4-br100","Inmobiliaria La Coruña","Local Guide · 40 opiniones · 172 fotos","Hace 6 años","La atencion es buena","","","","","Compartir","Me gusta"
"https://lh3.googleusercontent.com/a-/ALV-UjWFY8IDwcqxJPmFocAFCNSAUX1TXXTxn2t-60QasrmqT4f0Aik=w45-h45-p-rp-mo-br100","Jéssica Villarreal","5 opiniones · 4 fotos","una semana atrás","Muy buen hospital","","","","","Compartir","Me gusta"
"https://lh3.googleusercontent.com/a-/ALV-UjXiStO_asO-AsIXDz8UGynB9mvTBMMqLrwiX6GFPYSV38izZBgaiA=w45-h45-p-rp-mo-ba5-br100","Jimmy Fabien Brito Cortez","Local Guide · 438 opiniones · 737 fotos","Hace 8 meses","Lleno de gente sin plazas de aparcamiento","","","","","Compartir","Me gusta"
"https://lh3.googleusercontent.com/a/ACg8ocLYGzI9j2qXP2Cohv3Qsuu2cXI6qBlqcIH0xbqlFp0Bpz_Xxg=w45-h45-p-rp-mo-ba3-br100","locotebo locotebo","Local Guide · 20 opiniones · 1 foto","Hace un año","Reducir","","","","","Compartir","Me gusta"
"https://lh3.googleusercontent.com/a-/ALV-UjVLsVTvzog7cVLEOi8mMZmhzuPVLSEB1KdRUBwoKkkx8FBpkzK0jg=w45-h45-p-rp-mo-ba3-br100","Maria Jose Luna","Local Guide · 6 opiniones · 16 fotos","Hace un mes","","","","","","",""
"https://lh3.googleusercontent.com/a-/ALV-UjUR1H6_8iTJmHNLL3K5R8RNP035Zc-OEjapGfnNQTdlRY06q8Hx=w45-h45-p-rp-mo-ba4-br100","Nathy López","Local Guide · 26 opiniones · 162 fotos","Hace 5 meses","","","","","","",""
"https://lh3.googleusercontent.com/a-/ALV-UjUAJQLrEZCH1jMP5ZTpNXIdvePy5QmTLJR8OEBar-Rc8Ub4crJPpg=w45-h45-p-rp-mo-ba3-br100","Maria Fernanda Garcia Vera","Local Guide · 20 opiniones · 1 foto","Hace 6 meses","","","","","","",""
"https://lh3.googleusercontent.com/a-/ALV-UjWMp8EHdEzlj9C8CkmM-6YhNY_sSKRza00vTUCDLuLpk9JxL6FB=w45-h45-p-rp-mo-ba4-br100","Francisco Parra","Local Guide · 80 opiniones · 22 fotos","Hace 7 meses","","","","","","",""
"https://lh3.googleusercontent.com/a/ACg8ocLGaxWRIinUMgclWgymbvkgQ53NuGmhlnvqFItuRRywIsbZcw=w45-h45-p-rp-mo-br100","Wilson Tulcan","","Hace 7 meses","","","","","","",""
"https://lh3.googleusercontent.com/a-/ALV-UjUFTv-CYrz4PpDzY_s_gYvugYCceoe6tcrnaiVJ6k569V1-feA=w45-h45-p-rp-mo-br100","Isabel Lojan","2 opiniones","Hace 8 meses","","","","","","",""
"https://lh3.googleusercontent.com/a-/ALV-UjVdk8zM8sek2HV-ciJlCQoXC5X1cBn1fcHgz05vBeEWsLEGbF3Vcg=w45-h45-p-rp-mo-ba5-br100","Angel Acosta","Local Guide · 64 opiniones · 1,206 fotos","Hace 8 meses","","","","","","",""
"https://lh3.googleusercontent.com/a-/ALV-UjUNTFB0of03Q0HmOyCSvJX8hmXNdXHeb9XBMyHaflsNTDq71Fc=w45-h45-p-rp-mo-br100","Rol_ Purple","","Hace 11 meses","","","","","","",""
"https://lh3.googleusercontent.com/a-/ALV-UjVfMqQekoDWlc2VNksaGMI3oiod2OjjpkbE20hcIjUEjiozHYsU2A=w45-h45-p-rp-mo-ba5-br100","David Antonio Ayala Tipan","Local Guide · 119 opiniones · 443 fotos","Hace un año","","","","","","",""
"https://lh3.googleusercontent.com/a-/ALV-UjXz5XUcaGybCvi2mHmEe7zbbOkIEepD_lWYgMLy4lnRkMJuPpwAQg=w45-h45-p-rp-mo-ba4-br100","Nicole Garcés","Local Guide · 5 opiniones","Hace un año","","","","","","",""
"https://lh3.googleusercontent.com/a-/ALV-UjX_F40gLvH1BI_NpnVPIojiIjXSM08l7hN4iRQ6xV6HTl0leJE=w45-h45-p-rp-mo-ba2-br100","Carolina Arias","Local Guide · 5 opiniones · 6 fotos","Hace un año","","","","","","",""
"https://lh3.googleusercontent.com/a-/ALV-UjW2Ia0JfWzor-Rsak8HGLi6Vs6KiPsBF4Vakz_Td9S4q1nVydcj=w45-h45-p-rp-mo-ba3-br100","Angeles Chacon","Local Guide · 41 opiniones · 41 fotos","Hace un año","","","","","","",""
"https://lh3.googleusercontent.com/a/ACg8ocJlcWuFnoMfaquHzVpQh25kgfox3mwoZtOb9oQ8kDY3CGcIhg=w45-h45-p-rp-mo-br100","Carlos Enrique Lopez Alvarez","","Hace un año","","","","","","",""
"https://lh3.googleusercontent.com/a-/ALV-UjWwAM5m8k932pHsbZhF1iD01eXIkcpQTvAuRiZj6vpvazW9oOY=w45-h45-p-rp-mo-ba3-br100","Patricio Avilez","Local Guide · 48 opiniones · 2 fotos","Hace un año","","","","","","",""
"https://lh3.googleusercontent.com/a-/ALV-UjXG2X5MH9mZwUj50zET_jIf3fBEK0Q76FjNe09U18fqDDkbjo7A=w45-h45-p-rp-mo-br100","Cristóbal Castillo","4 opiniones","Hace un año","","","","","","",""
"https://lh3.googleusercontent.com/a-/ALV-UjXzMuWcemq7oKD6Tu1JrTV21axT3huq75IIM6h7S8foS8-jbjTyFw=w45-h45-p-rp-mo-br100","Angelita Chicaiza","","Hace 2 años","","","","","","",""
"https://lh3.googleusercontent.com/a-/ALV-UjV5SHt7w4cRoWtEBYrrt5Nkn_SXimpLkM8lzekNfWtySviF6cY=w45-h45-p-rp-mo-br100","Juan Coba","11 opiniones · 2 fotos","Hace 2 años","","","","","","",""
"https://lh3.googleusercontent.com/a-/ALV-UjUhWCHUngu00JyDVDrG2lDsmjFpPrFXpbBwYmxCULy6i9TNOUqt=w45-h45-p-rp-mo-br100","Daniela Romero Calvache","2 opiniones","Hace 2 años","","","","","","",""
"https://lh3.googleusercontent.com/a-/ALV-UjUuFs8w7ZRoDHxbBIeluTupANuv51IHRufJilII7DALtg6mLlWWJg=w45-h45-p-rp-mo-ba4-br100","Ariana Orellana","Local Guide · 33 fotos","Hace 2 años","","","","","","",""
"https://lh3.googleusercontent.com/a-/ALV-UjUzmIsk7BOBMVwDLUPHoH7c0ooB2DmaT2d49rBnsciDlG4CfSZH=w45-h45-p-rp-mo-br100","Luis Ushiña","","Hace 2 años","","","","","","",""
"https://lh3.googleusercontent.com/a/ACg8ocJ82DBT_e4tlbLOjxRaG8bgYXe36HMPukN17ba1KkIaFsC8sA=w45-h45-p-rp-mo-br100","Rolando Chulco","","Hace 2 años","","","","","","",""
"https://lh3.googleusercontent.com/a-/ALV-UjXqbf8I7MN6BJVzgOBX_hl5wM35phe9O9dU0TKBmtHLtNHNnDu2=w45-h45-p-rp-mo-br100","Mikė Lėon","2 opiniones","Hace 3 años","","","","","","",""
"https://lh3.googleusercontent.com/a-/ALV-UjX6joPwAIHfJK8fpfU6T-ThXU8SoRsSL15V11fqGmaQ4tcWkV8N=w45-h45-p-rp-mo-ba3-br100","Jaqy Sampedro","Local Guide · 1 opinión · 1 foto","Hace 3 años","","","","","","",""
"https://lh3.googleusercontent.com/a/ACg8ocIMyN_wh1unInN9PMG7U4sYvhBUTDbbVvjxr4DZDI6vqT83XLg=w45-h45-p-rp-mo-br100","Pereira Lopez Camila Valentina","2 opiniones","Hace 3 años","","","","","","",""
"https://lh3.googleusercontent.com/a/ACg8ocKp1I5TSrPc3JicX6H-4EOVoiw7K31u0e320dD5HB4Cj1Ol8g=w45-h45-p-rp-mo-br100","AlKa AmD","","Hace 3 años","","","","","","",""
"https://lh3.googleusercontent.com/a-/ALV-UjX5QDumgBwCmz7_2f6tTlWyxcaEoxD6GHjUEZ-rGv9DTfEK7UL9VA=w45-h45-p-rp-mo-ba3-br100","Alexandra Quiñonez","Local Guide · 28 opiniones · 4 fotos","Hace 3 años","","","","","","",""
"https://lh3.googleusercontent.com/a-/ALV-UjXiKNUEU0Z5Q0V17M2fD8k41HLBYZT76g9N4d3TDmp9WjIQwYw=w45-h45-p-rp-mo-ba4-br100","Adriana Trujillo-Ortega","Local Guide · 55 opiniones · 282 fotos","Hace 3 años","","","","","","",""
"https://lh3.googleusercontent.com/a-/ALV-UjXGMJ8uyt7w_6SEWQ317TBe-d53zShCzVVCW0YOy11WZg0MM4vx=w45-h45-p-rp-mo-br100","David Curillo","6 opiniones · 8 fotos","Hace 3 años","","","","","","",""
"https://lh3.googleusercontent.com/a/ACg8ocITTvS3VUVtrIV2oZLxxEJGA3nS8AI7Pi1xW4n9rnvKQiM9OQ=w45-h45-p-rp-mo-br100","Alex Vallejo","","Hace 5 años","","","","","","",""
"https://lh3.googleusercontent.com/a-/ALV-UjVhOPKNudHWrfTwoRM37LTIJzvkW_Z-o9nTWWfCcrgbZ32oqgI=w45-h45-p-rp-mo-ba3-br100","Fabian Armijos","Local Guide · 21 opiniones · 65 fotos","Hace 5 años","","","","","","",""
"https://lh3.googleusercontent.com/a-/ALV-UjWk06z_3l0ZQEPcf6x4b8QaB_a_0B6b31sF8Qg03doQ_B2DMxU=w45-h45-p-rp-mo-br100","Sara Andino","8 opiniones","Hace 5 años","","","","","","",""
"https://lh3.googleusercontent.com/a-/ALV-UjUkYQHYgGEYEoNU-NFAr5aI42Dxc1cfMySqXvhZ_RQx_viIIm7K=w45-h45-p-rp-mo-br100","Luis Calan","8 opiniones · 13 fotos","Hace 6 años","","","","","","",""
"https://lh3.googleusercontent.com/a-/ALV-UjVr-ZdGga43Ss8WWCoYH0_swjyVa6DsmlORqSKr9i5f5GRp9RZFMw=w45-h45-p-rp-mo-ba3-br100","Joffre Fernandez","Local Guide · 24 opiniones · 20 fotos","Hace 6 años","","","","","","",""
"https://lh3.googleusercontent.com/a-/ALV-UjWABegfimpeuxK3E-89NStdpDmusoBnaLHaflxU19H6Q9SjISE=w45-h45-p-rp-mo-br100","Patricia Nuñez","","Hace 6 años","","","","","","",""
"https://lh3.googleusercontent.com/a/ACg8ocJeuQfiZbsPCrldxGn4VCqhW9_DkC31d6jWa8uzFTqQ-wi38g=w45-h45-p-rp-mo-br100","Enrique Lopez","","Hace 6 años","","","","","","",""
"https://lh3.googleusercontent.com/a-/ALV-UjX-IJZGpSe7m_tkyLQOtfSSaGMFSswvL3u3MobeSmj7Fh3Ecawe=w45-h45-p-rp-mo-ba4-br100","Mauro Ludeña","Local Guide · 114 opiniones · 5 fotos","Hace 6 años","","","","","","",""
"https://lh3.googleusercontent.com/a-/ALV-UjW_6rq_5nF7zbmn3ZYOjelI_CEY_EXLDXY4CuyTmQKRUjTdoe0J=w45-h45-p-rp-mo-br100","milton garcia","7 opiniones","Hace 6 años","","","","","","",""
"https://lh3.googleusercontent.com/a/ACg8ocLpPZqZ_0JfcWJKveWKLqkeqEsVPGogHv3VaOhie22Kte_8Nw=w45-h45-p-rp-mo-br100","Patricia Vacahmpop","","Hace 6 años","","","","","","",""
"https://lh3.googleusercontent.com/a/ACg8ocKyfyU3iK8tjqPX1puAAfnGSFbgNk8h7U8IZJ05pwszzvZ62g=w45-h45-p-rp-mo-br100","Edwin Quimbiulco","","Hace 7 años","","","","","","",""