"NBa7we src","d4r55","RfnDt","rsqaWe","wiI7pd","dSlJg","Hzvxle","pkWtMe","dSlJg 2","znYl0","znYl0 2"
"https://lh3.googleusercontent.com/a-/ALV-UjVeNnNByevfMJJEKUoX3LY3EpWFN611A483uDXBslsZL2suyz3d7A=w45-h45-p-rp-mo-br100","rebeca villavicencio","1 opinión","Hace un mes","El día de hoy mi hija tenía cita cita médica, pero la pediatra no quiso atenderle, ahí nadie hacia nada más que conversar y estar en el celular, hasta la dra déspota, prefirió no atender a mi hija que le dije que está enferma, con fiebre y…","","Me gusta","2","","Compartir",""
"https://lh3.googleusercontent.com/a/ACg8ocLzf-sr0V7cxGzZKorCDv5uQDpHJDT1EuFHdsOvXRqv4JlGxQ=w45-h45-p-rp-mo-br100","Bertulfo Aron Zambrano Gonzalez","1 opinión","Hace 6 días","Pésima la atención la señorita de agendamiento de turnos atiende a los pacientes sin amabilidad y es una patada grosera diciendome de manera grosera y alzandote la voz que ella no da informaciónes y que me valla a otro lado !! Primo pésimo pésimo el personal","","","","","Compartir","Me gusta"
"https://lh3.googleusercontent.com/a/ACg8ocJvcESJh-LNb71XYwvwEHrSEjCP4zW_9rPBg4f55ahAq8wz8w=w45-h45-p-rp-mo-br100","Sara Hurtado","2 opiniones","2 semanas atrás","No hay derivaciones, ni tampoco para examen de control y la pediatra que atendió a mi hijo que actitud tan fea y cuando uno va a sacar cita solo hay en ese lugar 😡 tampoco me dieron medicina ni nada. Pésimo servicio ir desde lejos para que lo traten así…","","","","","Compartir","Me gusta"
"https://lh3.googleusercontent.com/a-/ALV-UjXl5TP7Rzn-z3dLVGJqLekD1Ep2JPrn5vHYtl0vUYjEQnext9g=w45-h45-p-rp-mo-ba4-br100","Verónica Laje","Local Guide · 69 opiniones · 58 fotos","Hace 3 meses","Fui a una revisión, te atienden con las puertas abiertas. No hay privacidad, el médico que me atendió no me preguntó absolutamente nada, me dijo a qué viene ?
Tuve que esperar 1:30 para retirar medicina de la farmacia, no había nada.…","","Me gusta","5","","Compartir",""
"https://lh3.googleusercontent.com/a-/ALV-UjWCkSN6XwZ43HyHYyEbsY7p9C0nFIDDrgQRtvuEKOStUr6N5Mvv=w45-h45-p-rp-mo-br100","Jessica Lupercio","1 opinión","Hace 3 meses","Mi hija tuvo cita con una pediatra, pero ella muy arrogante, ni siquiera me escuchó cuando trate de explicar la situación de mi hija, me interrumpía y de mala gana me dijo que ya me iban a llamar para que mi hija pueda ser intervenida, ya…","","Me gusta","2","","Compartir",""
"https://lh3.googleusercontent.com/a-/ALV-UjXUpWDcLVxGHEVQHmk2qwXPysTxc5eq1URk0dWQa-PMPg0zBJg3Lg=w45-h45-p-rp-mo-ba4-br100","Edu Maldonado","Local Guide · 87 opiniones · 127 fotos","Hace un mes","No hay turnos por internet, no hay medicinas, no atienden en el laboratorio para el agendamiento de citas en la tarde, no hay reactivos para exámenes de laboratorio por ende no dan cita para exámenes de laboratorio, dan citas para exámenes de imagen después de 4 meses. Todo un desastre con este gobierno.","","Me gusta","1","","Compartir",""
"https://lh3.googleusercontent.com/a-/ALV-UjX60XpDTTuGkpkdPlYI7yYfigdG0MYOv57Y5lDAJaPIIpWD4xcUwg=w45-h45-p-rp-mo-ba4-br100","Lya Rog","Local Guide · 130 opiniones · 43 fotos","2 semanas atrás","Se puede mejorar la atención a los pacientes en las áreas en dónde se toma de turnos para los exámenes y también en farmacia","","","","","Compartir","Me gusta"
"https://lh3.googleusercontent.com/a-/ALV-UjV721ivc1dp_VHmQD85-YB6zWn1RnBYoHsSp5bdTWWOnCUE5r10Dg=w45-h45-p-rp-mo-ba5-br100","PAOLA CABEZAS","Local Guide · 319 opiniones · 188 fotos","Hace 6 meses","No sé para que se asigna citas si los médicos no atienden a tiempo... Se llega con tiempo respetando lo que indican pero no atienden.
Las enfermeras no dan información y se pasan conversando en lugar de ayudar
Este servicio no es gratuito, mensualmente pagamos por el. Se debe mejorar!","","Me gusta","7","","Compartir",""
"https://lh3.googleusercontent.com/a-/ALV-UjWz5X923QUeAFvHsRiW17UrvODAbl4thApdsF8_KerbDmXyupSq=w45-h45-p-rp-mo-br100","Narcisa Pozo","1 opinión","Hace 3 meses","Excelente y oportuna atención. Llegue antes de la hora indicada y me atendieron inmediatamente, la Dra. Lina Guamaní ENDOCRINÓLOGA muy profesional y atenta. Felicidades de los pocos hospitales del IESS donde tratan bien al paciente...","","Me gusta","1","","Compartir",""
"https://lh3.googleusercontent.com/a-/ALV-UjUMB_SDmk60BdSwzxZlpMHRgUfgQMw8s7ngLpXxXp7IzNRZOm01=w45-h45-p-rp-mo-ba4-br100","Gustavo Rafa Vallejo","Local Guide · 42 opiniones · 72 fotos","Hace 6 meses","Terrible , la peor atención de las enfermeras ayudantes que orden la cédula, peso etc y un médico déspota no piden de favor ni saben preguntar, sin modales algunos fue en el 3er piso y el peor servicio.…","","Me gusta","3","","Compartir",""
"https://lh3.googleusercontent.com/a-/ALV-UjWZcfu18og_FtSWiemMZKlyuUWLtMLGWUFpglR7hHcDCJTrGcH0=w45-h45-p-rp-mo-ba2-br100","Leo YZ","Local Guide · 7 opiniones · 7 fotos","Hace 9 meses","Atendieron muy bien a mi novia, además nos ayudaron agendando otra cita en el mismo lugar sigan así. 👌👏…","","Me gusta","1","","Compartir",""
"https://lh3.googleusercontent.com/a/ACg8ocKOywmXfXLanC5hSKG-5b1TJ95yyf7TtUsetmCLQpfMKR7m-g=w45-h45-p-rp-mo-br100","Patty Rivadeneira","11 opiniones","Hace 9 meses","La primera vez la grosera fue una enfermera, ahora una doctora apellido Rengel Nereida de pediatría,  que debería tener tino al decir algo o dar un diagnóstico, que imposible que lo de en unos minutos y decirle autista a mi hijo de nuevas a…","","Me gusta","7","","Compartir",""
"https://lh3.googleusercontent.com/a-/ALV-UjWnWULP2L-9U-H4BLurJc3ehV8WVTxuB9ssauYbZ66WO1bOoKU=w45-h45-p-rp-mo-ba5-br100","Roberto Vega","Local Guide · 196 opiniones · 176 fotos","Hace 3 meses","Un edificio muy grande  de especialidades para informar que  los laboratorios no sirven","","Me gusta","2","","Compartir",""
"https://lh3.googleusercontent.com/a-/ALV-UjXplYJ5Izj3v6NqE4H-lsVctDwMZFLOa__4-kR1Z5jyX-R3Opl0tQ=w45-h45-p-rp-mo-ba4-br100","Cristian RM","Local Guide · 76 opiniones · 21 fotos","3 semanas atrás","No buscan curar a los afiliados, nadie controla la mala atención de los médicos.","","","","","Compartir","Me gusta"
"https://lh3.googleusercontent.com/a-/ALV-UjW_v-wqm3Vt-sWZGN6yQyCKSCMAMMq3p-VXugSiujzcRfBd9FHH=w45-h45-p-rp-mo-br100","Cristopher Argüello","1 opinión","Hace 8 meses","Terrible hospital, las enfermeras tienen el ego tan alto, que alguien les diga que no son médicas y son simples enfermeras. Que irás, te tratan con desprecio. Pides información, señalan y se van, de verdad, que ineficiente este hospital.","","Me gusta","4","","Compartir",""
"https://lh3.googleusercontent.com/a-/ALV-UjXld-0ytgxPCJfmxQ1zGVcOT8uVmklWBMbm82cffq-cRvHaagGFCQ=w45-h45-p-rp-mo-ba5-br100","Vanesa Vergara","Local Guide · 323 opiniones · 783 fotos","Hace 4 meses","Buena atención, pero no hay medicinas ni turnos cercanos","","","","","Compartir","Me gusta"
"https://lh3.googleusercontent.com/a-/ALV-UjWT7VATe6OWl9i23uA0D2_-OrkaSoPc09iNVE1VzRJ3z_Nb6lw=w45-h45-p-rp-mo-br100","Alisson Puentes","7 opiniones · 2 fotos","Hace 9 meses","A ultimo momento me llamaron a cancelar mi cita para la cual espere 2 meses y me reagendan para dentro de 1 mes mas. No es la clínica es el Iess en general es el colmo el mal servicio que dan a los ecuatorianos.","","Me gusta","4","","Compartir",""
"https://lh3.googleusercontent.com/a-/ALV-UjVt_SaaYZZUHydYShKV0O7ORnOeEYdQtAa1EmNx6BqM5Tn9noxR=w45-h45-p-rp-mo-ba3-br100","Claudia Espinosa","Local Guide · 26 opiniones · 5 fotos","2 semanas atrás","Excelente servicio, cuando se llega a tiempo.","","","","","Compartir","Me gusta"
"https://lh3.googleusercontent.com/a-/ALV-UjU48BTd8Xv9yqg8EC5JY6ut9XTJRI82r6Whe1NPrf9qc3kEadbPLQ=w45-h45-p-rp-mo-ba5-br100","Gabriel Moreta Ramírez","Local Guide · 82 opiniones · 777 fotos","Hace 6 años","Hospital que queda en el Norte de la ciudad, buena atención con gran variedad de especialidades.","","Me gusta","3","","Compartir",""
"https://lh3.googleusercontent.com/a/ACg8ocJqq1ZPmx2VSLMPjWZ7L_UGp0kpoUJHMQKwvpCDTKeyDRxeiRs=w45-h45-p-rp-mo-ba3-br100","C Torres","Local Guide · 32 opiniones · 9 fotos","Hace un año","Pésima atención y coordinación. Se tiene una cita específica después de meses y dicen que se cambia la fecha nuevamente por qué el dr no está o simplemente algo surgió. El tiempo que damos a cada actividad realizada no me devuelve el tiempo…","","Me gusta","4","","Compartir",""
"https://lh3.googleusercontent.com/a/ACg8ocJVUC4SLSxATfA1Vs36O9YUNyHpwAdkASiN5V8PWXr4kdBB=w45-h45-p-rp-mo-br100","María Molina","4 opiniones","Hace 10 meses","Soy paciente crónica, de que sirve que me atiendan y me hagan exámenes si por lo general nunca recibo la medicina, dice llame a tal número para que pregunte si ya llega la medicina y de que sirve si igual nunca de los nuncas contestan, son una baina","","Me gusta","2","","Compartir",""
"https://lh3.googleusercontent.com/a-/ALV-UjV5Wz522RM1KyJimnsXJFuJZLqW5-PBQdy6uFtITvDcreoLMP4=w45-h45-p-rp-mo-ba4-br100","Beatriz Peñaloza","Local Guide · 230 opiniones · 30 fotos","Hace un año","El Centro de Especialidades Comité del Pueblo - Ponceano, es limpio, amplio y organizado.…","","Me gusta","1","","Compartir",""
"https://lh3.googleusercontent.com/a-/ALV-UjWKl_93RDD8l9zS3Jsvf3AVgyjHPHvUWnooMtjt6MJ7OLms0S7g=w45-h45-p-rp-mo-ba3-br100","Pablo Baquero","Local Guide · 27 opiniones · 11 fotos","Hace 2 años","Fui a odontología a una profilaxis , la profesional se tardó 4 minutos en el procedimiento ( en otros establecimientos filiales ,es muchisimo mejor realizan el procedimiento completo ).…","","Me gusta","8","","Compartir",""
"https://lh3.googleusercontent.com/a/ACg8ocIpsOHeV5bDfYHvYSHUtD_W1Ow6C1v_pQW8slinlFnrOrjmDQ=w45-h45-p-rp-mo-br100","Lucila Amaguaña","18 opiniones","Hace 2 años","El pediatra que atendio a mi niña, fue demaciado parco, nada profecional, le lleve a mi niña  de 1 año 3 meses de ead con malestar estomacal, este medico dijo que solo esta tratando afecciones respiratorias, extendio la receta para comprar…","","Me gusta","6","","Compartir",""
"https://lh3.googleusercontent.com/a/ACg8ocL0X22vEOboXJJef29Q2bMry6Oh-XSDMZkyhT1dLqxJQTGhXQ=w45-h45-p-rp-mo-br100","Zandra Velez","2 opiniones","Hace 2 años","Pésimo nadie da una buena atencion no guían al paciente te indican mal a dónde es que se tiene que acercarse y por eso  se pierden los turnos pésima atención la Dra.Guerrero de medicina Interna se le explica y solo dice q vuelva a coger otro turno. Y todo por un minuto.😡…","","Me gusta","4","","Compartir",""
"https://lh3.googleusercontent.com/a/ACg8ocLliDH-cNLaETs_WSmumXM0qyMS2xf7aEhiLVZiVPMsD2U83Q=w45-h45-p-rp-mo-br100","Mónica Lopez","1 opinión","Hace un año","Hoy día a las 10h00 tenia que venir al domicilio la doctora Geriatra para ver a mi papá Jorge Lopez de 83 años,son las 12h33 y no llega, ni llama😡…","","Me gusta","1","","Compartir",""
"https://lh3.googleusercontent.com/a-/ALV-UjUzq2R-3VCDIU4RZnjfoKNfDRxIYO-mSo864hg3XO_uh5Kvqufm=w45-h45-p-rp-mo-br100","Jonás Toaza","1 opinión","Hace un año","Se supone que es un centro de especialidades es decir casi un hospital, debe existir la higiene como tal. No hay limpieza de baños peor aún no tiene rollos de papel","","Me gusta","1","","Compartir",""
"https://lh3.googleusercontent.com/a-/ALV-UjXLwa_pCb5Rpwd2nn7LR5hXRpWETVsLKd8opGB0xMWGu8MR62l3=w45-h45-p-rp-mo-ba5-br100","Jaime Zambrano","Local Guide · 363 opiniones · 86 fotos","Hace un año","Los estacionamientos son suficientes pero muy estrechos y los usuarios no respetan las áreas correspondientes y se estacionan cómo deben y no hay autoridad que haga respetar,, sería conveniente que amplíen las especialidades de atención","","","","","Compartir","Me gusta"
"https://lh3.googleusercontent.com/a-/ALV-UjVzbQa9ANC9VipYB8onbCavkDDXGhEUFXoABOsuVVX_5rgU7Ck=w45-h45-p-rp-mo-ba3-br100","Marce Goyes","Local Guide · 38 opiniones · 3 fotos","Hace 7 años","Hoy día sábado 27 de mayo de 2017 asistimos con mi madre a su cita médica en medicina general. La pregunta que me hice fue este edifico es una funeraria o un dispensario. Era un edificio frío y abandonado.  Como no había nadie sólo la srta.…","","Me gusta","5","","Compartir",""
"https://lh3.googleusercontent.com/a-/ALV-UjUlNctCNLOso6bw2LHzdDrHhdQPqLtSuoCIljDdq34YEGMyOn9ecw=w45-h45-p-rp-mo-ba3-br100","Marck Andrew Mena Tito","Local Guide · 16 opiniones · 61 fotos","Hace 6 años","El Centro de especialidades Comité del Pueblo se muestra una muy cómoda infraestructura.... No tengo automóvil así que vine a pie desde la Av. ELOY ALFARO y gracias a Maps logré llegar. Fui atendido excelente y me voy contento. Eso sí todo…","","Me gusta","3","","Compartir",""
"https://lh3.googleusercontent.com/a-/ALV-UjXh62bxgqFsSSHrcVHVjBK7J3QPkU6sW1OYnJZKyK6HNHck_YcW=w45-h45-p-rp-mo-ba4-br100","Zuleima Agüero Escalona","Local Guide · 73 opiniones · 173 fotos","Hace 3 años","En Farmacia deberian agilizar la atención... Aumentar mas personal, no solo una persona. Se espera demasiado tiempo. Mas de 30 minutos. Siendo un Centro de Salud debe evitarse la conglomeración de personas.","","Me gusta","1","","Compartir",""
"https://lh3.googleusercontent.com/a-/ALV-UjUSdBc8UPN2EAP3e5QUcEzQkNJlb0f9k9pZuJsBV-RCgNgx1zfS=w45-h45-p-rp-mo-ba5-br100","Diego Aguilar","Local Guide · 102 opiniones · 666 fotos","Hace 6 años","El centro de especialidades comité del pueblo se encuentra al norte de la ciudad de Quito, cuenta con una gran infraestructura, amplias salas de espera, señalética adecuada para guiarse dentro del hospital, buena atención del personal y parqueadero para visitantes. En general buena atencion.","","Me gusta","2","","Compartir",""
"https://lh3.googleusercontent.com/a-/ALV-UjUucQd7NW-u6UUNf7yEmmioYG1ts8jbPCZvjBQzaydbPdJ56t1_=w45-h45-p-rp-mo-br100","Carlitos CH","2 opiniones","Hace un año","Nunca contestan el telefono a los afiliados me parece un maltrato de parte del centro. no vamos a ir solo por una inquietud tan lejos...","","Me gusta","3","","Compartir",""
"https://lh3.googleusercontent.com/a-/ALV-UjXIg2WseHfkfWEVOiJuMU0Vxsbqe49cYsscL8xlQZSn__CfSIlZ=w45-h45-p-rp-mo-br100","Johanna Pineda","3 opiniones","Hace 2 años","Pésima atención, nunca tienen medicina y atienden como si estuvieran de apuro cuando lo único que tienen pendiente se nota que es la conversa entre ellos.... NO COJAN CITAS AQUI, CERO RECOMENDADO","","Me gusta","5","","Compartir",""
"https://lh3.googleusercontent.com/a/ACg8ocK9pJzcAGtKni7Kx3hQTSKtYex3Q_K5MVyBAeoh6jwwCS2Uvw=w45-h45-p-rp-mo-br100","Anabel Jaramillo","4 opiniones","Hace 10 meses","No contestan el número de teléfono a los afiliados está muy lejos para ir por una inquietud me parece muy mal eso porfavor cambien eso gracias","","Me gusta","2","","Compartir",""
"https://lh3.googleusercontent.com/a-/ALV-UjVyol8Wq8bJdivKCVIyHdSu8GE2xwmp6FptO4B4TKCBQ-WlmpaR=w45-h45-p-rp-mo-ba4-br100","Xavier BP","Local Guide · 198 opiniones · 7 fotos","Hace un año","Debería haber un control de tránsito en las afueras ya que los taxistas se estacionan donde les da la gana como siempre y causan malestar en el trafico","","Me gusta","2","","Compartir",""
"https://lh3.googleusercontent.com/a-/ALV-UjWDAAewxDUc4FHiOZgDG6vieGrbT2jO-zNN6hZjmUZYXRd7cABudQ=w45-h45-p-rp-mo-br100","Pablo Regalado","2 opiniones","Hace un año","Pésimo servicio👎 no se saca uno yendo allá si nunca tienen medicinas no se para que nos descuentan cada mes . Si no hay un buen servicio…","","Me gusta","2","","Compartir",""
"https://lh3.googleusercontent.com/a-/ALV-UjV9J2pZecXte8HTSBpLodvHaOm_wiN6ZgqEfJS-OPZfU3MB-tT2dA=w45-h45-p-rp-mo-ba2-br100","Edison Gianmarco Lara Solis","Local Guide · 14 opiniones · 1 foto","Hace 2 años","La sala de espera está en el parqueadero y ahí mujeres embarazadas perdonas de la tercera edad aguantando frío deberían dar aunque sea una carpa para que no aguanten frío","","Me gusta","2","","Compartir",""
"https://lh3.googleusercontent.com/a/ACg8ocJLr9qrWcNBfaYa1eE0tp9InPXIw9rqeECAdvVYErIXrTXMmA=w45-h45-p-rp-mo-br100","Ama Lia","1 opinión","Hace 7 años","Mi hija tuvo atencion en pediatria, 8 dias debe hacerse examenes copro y de hemo, el señor de la recepcion me pidio el numero telefono y me dijo que me llamaria en 48 horas para asignarme fecha para los examenes de laboratorio 8 dias…","","Me gusta","3","","Compartir",""
"https://lh3.googleusercontent.com/a/ACg8ocJ09D04oRpwIgfvhPgWtJCCcTIXw54TXnj111oKwYrkBGdjfQ=w45-h45-p-rp-mo-br100","Dario Martinez","3 opiniones · 1 foto","Hace 7 años","Excelente trato hoy asistí por primera vez a este centro médico y la tención fue muy buena...el pediatra tuvo fucifiente tiempo para  poder explicarme la situación de mi hijo y como administrar la medicación","","Me gusta","1","","Compartir",""
"https://lh3.googleusercontent.com/a-/ALV-UjVZZCHXqSPbJ9Lb4Rm8A9Faj-jYikwxkyrK2hRQrVy_FKLaYr2G=w45-h45-p-rp-mo-ba5-br100","Joselo CrM","Local Guide · 176 opiniones · 58 fotos","Hace 8 años","El personal de enfermería de laboratorio de no tiene buena actitud con los pascientes. El lugar tiene excelente infraestructura y dotado de equipos de punta. Tiene pocos lugares de estacionamiento.","","Me gusta","1","","Compartir",""
"https://lh3.googleusercontent.com/a/ACg8ocIYFp-tHkedsnlwh7KZAb7WEq-sV1ynK3fSz5PErwWJbfj16Q=w45-h45-p-rp-mo-br100","lisis alvarado","1 opinión","Hace un año","La atención es buena, la doctora de ginecología me atendió muy bien","","","","","Compartir","Me gusta"
"https://lh3.googleusercontent.com/a-/ALV-UjX2liDB8lK4zhsZoUfkxKfT2qNi07BENE-oWaBPUmnPxyrSLKg=w45-h45-p-rp-mo-br100","Galo Olivo","3 opiniones","Hace 2 años","Pésimo nadie da una buena atencion no guían al paciente te hacen esperar y pierdes los turnos pésima atención","","Me gusta","2","","Compartir",""
"https://lh3.googleusercontent.com/a/ACg8ocJWxicNI9tOgnwd4Z-TYf2fRdJiN1rdSW_jHybySTg65FGc4g=w45-h45-p-rp-mo-br100","ghisel lozada","1 opinión","Hace 5 años","Fui de urgencia con mi hijo, el médico le diagnosticó rinitis y lo que tenía es hepatogamia. Además me dijo que no debía ir a urgencias y pedir cita.","","","","","Compartir","Me gusta"
"https://lh3.googleusercontent.com/a/ACg8ocLq87Aw4_8zefqUEHT3figpr6rVPkn0byXP93_oPqZV5nYYIQ=w45-h45-p-rp-mo-ba4-br100","maria clemencia castro","Local Guide · 72 opiniones","Hace 6 años","El servicio médico es muy bueno las instalaciones  muy buenas no tiene emergencia  y ahora no se puede pedir cita directamente  en ciertas  especialidades y el call  center  nunca te da cita en este centro","","","","","Compartir","Me gusta"
"https://lh3.googleusercontent.com/a/ACg8ocIO-5re3SWC8R1w2ogz12wN5tisb4sf0Ir_5wtisD0zmTRuwg=w45-h45-p-rp-mo-br100","Mishelle Montenegro","7 opiniones · 1 foto","Hace 8 años","Pésima atencion, es una perdida de tiempo los médicos solo pueden recetar Paracetamol y hacen el diagnostico al ojo ni un solo examen....la atención no es un favor, es un beneficio por el cual los afiliados pagamos mensualmente NO ES GRATIS","","","","","Compartir","Me gusta"
"https://lh3.googleusercontent.com/a-/ALV-UjUXumxUuRI_wd2pCCz8o7sW5N5Adw42bJtj9NowYn83E6a5H1gq=w45-h45-p-rp-mo-ba4-br100","Jess Mendoza","Local Guide · 54 opiniones · 437 fotos","Hace 3 meses","Pésimo lugar para tu vida","","","","","Compartir","Me gusta"
"https://lh3.googleusercontent.com/a-/ALV-UjVVcXCam41xsiBQUfTKOMa0e9elxoyPu5TK6WvLM5VO66_pj3nFbg=w45-h45-p-rp-mo-ba6-br100","Jorge Lara A.","Local Guide · 607 opiniones · 923 fotos","Hace un año","L atención al público tienen que mejorar, nuestros aportes sostienen este sitio, pues nos merecemos mejor atención","","Me gusta","3","","Compartir",""
"https://lh3.googleusercontent.com/a/ACg8ocKLn6UygP9QjkjF87CfLBsuDPqQfzpVsi_dtC8R8bLP0jnGDLnQ=w45-h45-p-rp-mo-br100","Dreams","10 opiniones","Hace un año","Terrible la atención.  La última rueda del coche será el afiliado y el número de teléfono nunca responden","","","","","Compartir","Me gusta"
"https://lh3.googleusercontent.com/a/ACg8ocIljAXSdPS94S6ixQVjhyPQF9lSJgXVcE5ljsuNQmIYGed98w=w45-h45-p-rp-mo-br100","ALBERT CHAVEZ","1 opinión · 1 foto","Hace un año","Se llama al teléfono que aparece en la página, pero no contestan. Mal servicio, deben suspender y no hacer perder el tiempo.","","","","","Compartir","Me gusta"
"https://lh3.googleusercontent.com/a-/ALV-UjXrz55Q3I7u0Gmi04pXzfZ8PrMN7u74xE9lf04JpZI87SoY7yE4=w45-h45-p-rp-mo-ba3-br100","Jessy Rocha","Local Guide · 33 opiniones · 10 fotos","Hace un año","La atención debería mejorar mucho, tanto en más personal capacitado y con buenas relaciones humanas.","","Me gusta","1","","Compartir",""
"https://lh3.googleusercontent.com/a-/ALV-UjWwNqZarRCsWQy7si4yEg4ttYtn8lgBNRod-DXcWTefYfZQNlE=w45-h45-p-rp-mo-ba4-br100","Marcelo Benalcázar","Local Guide · 107 opiniones · 26 fotos","Hace un año","Muy puntuales los accesos amplios una buena información la atención de primera","","Me gusta","1","","Compartir",""
"https://lh3.googleusercontent.com/a/ACg8ocLkAqpwhlsmbiHoKO78sKCOZ0g-o9XSnl_bzZMaw3U3MLPcEA=w45-h45-p-rp-mo-ba4-br100","Eduardo Arias","Local Guide · 100 opiniones · 64 fotos","Hace 5 años","Es un lugar amplio mederno muy buena atención al paciente y al publico","","Me gusta","1","","Compartir",""
"https://lh3.googleusercontent.com/a/ACg8ocK1XO2B4c2aO0uLnT4RvUSlz2YV0fN3U_Yp8hKLm1RrBh3_Cg=w45-h45-p-rp-mo-ba5-br100","Wilo Jarrín","Local Guide · 109 opiniones · 1,474 fotos","Hace 4 años","Muy limpio, baños de calidad, atención médica muy buena, personal administrativo muy amable y presto a ayudar.","","Me gusta","1","","Compartir",""
"https://lh3.googleusercontent.com/a-/ALV-UjUpPm3xaEXgX2ld-8cqQUceN63iVBW1db-lS4l1pAtsfdNwTtBcow=w45-h45-p-rp-mo-ba6-br100","Sam Zljr","Local Guide · 184 opiniones · 38 fotos","Hace 4 años","Hay varios especialista que me atendieron, médico general e internista para luego derivarme al Hospital Carlos Andrade Marín","","Me gusta","2","","Compartir",""
"https://lh3.googleusercontent.com/a-/ALV-UjU0FrBpKkSuDw6-cF36uVpo2ILWFGDc2Gv1sVvW3KquNKIHew_P=w45-h45-p-rp-mo-ba4-br100","Lennin Maldonado Fernández","Local Guide · 76 opiniones · 20 fotos","Hace 2 años","La mala atención a los asegurados es la constante de este lugar y aparte de eso no tienen medicina para entregar.","","Me gusta","2","","Compartir",""
"https://lh3.googleusercontent.com/a-/ALV-UjVQ2ZaaAAb_XA5AjeJAWYvux-f0WKnR-PrQcMaMo1OlLRyuEghHkQ=w45-h45-p-rp-mo-ba4-br100","Diego Salazar Córdova","Local Guide · 100 opiniones · 127 fotos","Hace 5 años","La atención es buena, pero el no poder pedir cita para especialidades complica la continuación de un tratamiento","","","","","Compartir","Me gusta"
"https://lh3.googleusercontent.com/a-/ALV-UjUUSfob2hLxuHLKJre85uVrOjjJSSOkEA-b9PUDGxfubOo_JWo0=w45-h45-p-rp-mo-ba4-br100","Nelson Cherrez","Local Guide · 160 opiniones · 13 fotos","Hace 5 años","Excelente dispensario para consultas No se realizan procedimientos y no tiene emergencias. Son consultorios medicos","","Me gusta","2","","Compartir",""
"https://lh3.googleusercontent.com/a-/ALV-UjUEp2TlCu5RG0b0RpMB5ufDJR_VdSzS1vN6bKWM6IIklKSoZnOh=w45-h45-p-rp-mo-ba5-br100","Xime Martínez R.","Local Guide · 372 opiniones · 155 fotos","Hace 3 años","No hay atención en especialidades 😒😒😒…","","Me gusta","1","","Compartir",""
"https://lh3.googleusercontent.com/a-/ALV-UjV07WwyR7f83C4c5C-_iH0hCgjv4oOmQSgLUNeScSLZ8UoB15osRQ=w45-h45-p-rp-mo-ba5-br100","Adrian Garcia Inmobiliaria","Local Guide · 239 opiniones · 109 fotos","Hace 2 años","Me atienden bien solo me preocupa la medicina que nunca hay","","","","","Compartir","Me gusta"
"https://lh3.googleusercontent.com/a-/ALV-UjUxVCBARG21C6S7arNHU7jjOoxV4gAoFAkrR1WYCX-b8suE05w=w45-h45-p-rp-mo-br100","Raúl Stiegwardt","11 opiniones","Hace 8 años","No sé para qué ponen el número de teléfono en la página si nadie atiende, no tienen personal o qué es lo qué pasa? O simplemente pésimo servicio del IESS, lo cual no es de extrañar!","","","","","Compartir","Me gusta"
"https://lh3.googleusercontent.com/a-/ALV-UjWF01U2_B5UfPsGGYgVj-Ib-TvnnAXHf8rGird8Vd7QbMABSoEUaA=w45-h45-p-rp-mo-ba5-br100","Jorge Villota","Local Guide · 240 opiniones · 243 fotos","Hace 7 años","+ Excelentes instalaciones
+ Facilidad de parqueo
+ Rápida atención…","","","","","Compartir","Me gusta"
"https://lh3.googleusercontent.com/a-/ALV-UjXEyJUzKtnNh0e10phHq2qa7wz8Xp-QggfC0R_ThmBf3vsvwovrHw=w45-h45-p-rp-mo-br100","Frank M","10 opiniones · 2 fotos","Hace 6 años","Lo bueno que ahí en ese lugar existe taxis para poder movilizar tanto de hida como de regreso","","Me gusta","1","","Compartir",""
"https://lh3.googleusercontent.com/a/ACg8ocK7G0kXFXRVI6EfuiPMNkYE0wNZFTl8CnrSp8aBy7mJhe8ZvQ=w45-h45-p-rp-mo-ba2-br100","Nelson Cherrez","Local Guide · 17 opiniones","Hace 6 años","Es un dispensario de consultorios médicos conseguidas citas previamente por  llamada","","Me gusta","2","","Compartir",""
"https://lh3.googleusercontent.com/a-/ALV-UjXja9BTeOZRfWzibTglj4-SiU-S-hlC26BpM2rggXw89U7XBiev=w45-h45-p-rp-mo-ba2-br100","Carolina T","Local Guide · 12 opiniones · 13 fotos","Hace 6 años","Buena atención, pero gran dificultad para llegar","","","","","Compartir","Me gusta"
"https://lh3.googleusercontent.com/a-/ALV-UjXbcAHmAAOe4Ltpv4DiK8TRA7uQLFd49j0e3NANenbl4QOavc14Sw=w45-h45-p-rp-mo-ba5-br100","Alvaro611","Local Guide · 295 opiniones · 338 fotos","Hace 7 años","Hermosa infraestructura pero con el mismo retardo de siempre y nunca contestan los teléfonos.","","Me gusta","1","","Compartir",""
"https://lh3.googleusercontent.com/a-/ALV-UjVVEFXG1DgixgrQn6YfDd1UKhU8213Uma4IJYXopdhxs75dlPg=w45-h45-p-rp-mo-ba3-br100","Ivan Bautista","Local Guide · 42 opiniones · 60 fotos","Hace 3 años","Buena atención se demoran en atender pero hay buena predisposición","","","","","Compartir","Me gusta"
"https://lh3.googleusercontent.com/a-/ALV-UjXiRufoQGdC6tWWGDOY1LslLykrLA4kXxUGh_-sI5YrgnB1VJLkWQ=w45-h45-p-rp-mo-br100","Natalia Espinel","9 opiniones · 5 fotos","Hace 5 años","En general, es bueno. El agendamiendo de citas sigue siendo un problema","","Me gusta","2","","Compartir",""
"https://lh3.googleusercontent.com/a/ACg8ocLbVTwtshFVI9OHvYQGmgK7L3Sk4xJTvT_OIjyrmrn9wSlkNg=w45-h45-p-rp-mo-ba3-br100","Vicente Loachamin","Local Guide · 62 opiniones","Hace 3 años","Por q la atencion es buena y con todas las medidas de seguridad","","","","","Compartir","Me gusta"
"https://lh3.googleusercontent.com/a-/ALV-UjWNDUH_GrL3-FZWkTl7gXSo38FWQ-5qm2xBag6MTFNidUFoYWZR=w45-h45-p-rp-mo-ba4-br100","Jeanneth Macas","Local Guide · 109 opiniones · 32 fotos","Hace 2 años","Este Centro por lo general está vacío y toman todas las medidas de seguridad","","","","","Compartir","Me gusta"
"https://lh3.googleusercontent.com/a-/ALV-UjU1nUE-e571W7pIKKiSCWWA3_JTjXSG964MBOjZWJBg4bq7l0mAXQ=w45-h45-p-rp-mo-ba3-br100","gonzalo jacome","Local Guide · 30 opiniones · 97 fotos","Hace 2 años","Es un lugar limpio de buenos accesos una atención buena","","Me gusta","1","","Compartir",""
"https://lh3.googleusercontent.com/a-/ALV-UjXlvTvhgRng28p0nMJ1riqR89ORHsiSaSIZpjuND6XKZi9qJDZ0lQ=w45-h45-p-rp-mo-ba4-br100","andres ruiz","Local Guide · 32 opiniones · 273 fotos","Hace 7 años","Excelente administración, buena atención de nota el trabajo planificado","","","","","Compartir","Me gusta"
"https://lh3.googleusercontent.com/a-/ALV-UjWSF0xS_wLIFBatO3_PyA6OZzmU5SzqmHYWvm3lIHAyCqyAdWWqDw=w45-h45-p-rp-mo-ba2-br100","Enrique Rodríguez","Local Guide · 5 opiniones · 35 fotos","Hace 6 años","De Tumbaco al centro de especialidades fácil de llegar y hay parqueadero","","Me gusta","1","","Compartir",""
"https://lh3.googleusercontent.com/a-/ALV-UjWe6mk6FsNsa2dJuYyIZPRpMiMsBCzgCScwAclseHjHc3FIwmvd=w45-h45-p-rp-mo-ba4-br100","Gabriel Vela (Gabu)","Local Guide · 102 opiniones · 458 fotos","Hace 4 años","Gran cantidad de especialidades y muy buenas instalaciones","","","","","Compartir","Me gusta"
"https://lh3.googleusercontent.com/a-/ALV-UjWd5wkLYXZYDB47A4TGQQbAzllu3zuIFqRrsRQhkS1913PE3EpE=w45-h45-p-rp-mo-ba3-br100","Beto M","Local Guide · 66 opiniones · 29 fotos","Hace 5 años","Excelente
atención del personal de la farmacia..","","","","","Compartir","Me gusta"
"https://lh3.googleusercontent.com/a-/ALV-UjUenfl0XKtiOaKJE4rUmt-scBYhCYzlhh73EKHM60BTHmbxRL-dWQ=w45-h45-p-rp-mo-ba4-br100","Pablo Fernando","Local Guide · 65 opiniones · 59 fotos","Hace 2 años","un lugar muy difícil para parquear","","Me gusta","1","","Compartir",""
"https://lh3.googleusercontent.com/a-/ALV-UjU9xDsMOw06hVhogWkVNhwkSLff1vhfom_EVdN2su28u0eTqgCc=w45-h45-p-rp-mo-ba4-br100","Seohyeon Ren","Local Guide · 102 opiniones · 12 fotos","Hace 5 años","Bien servicio no espere mucho por la atención","","Me gusta","1","","Compartir",""
"https://lh3.googleusercontent.com/a-/ALV-UjWJMqljtMb6hmENHiCYVaji62KfSHg7_QT9TvAjJORM2wSj5ZSu=w45-h45-p-rp-mo-ba5-br100","Raúl Triviño P.","Local Guide · 323 opiniones · 233 fotos","Hace 5 años","Me esforzaré por justificar este cinco estrellas por mi trabajo.","","","","","Compartir","Me gusta"
"https://lh3.googleusercontent.com/a-/ALV-UjX5MCcRl2x6aMD0UxEAM-n5wrC6PXYfsUlcjMH8oQyGvPqG9r7h2Q=w45-h45-p-rp-mo-br100","Johanita Solano","1 opinión","Hace 3 años","Direccion exacta y alguna referencia por favor","","","","","Compartir","Me gusta"
"https://lh3.googleusercontent.com/a/ACg8ocI2oha5jw5Yrk0gUKgsuHws3DS1H34ETyBl-nX5USG7WrIL7g=w45-h45-p-rp-mo-br100","William Eduardo Oña Lincango","1 opinión","Hace 7 años","NADIE CONTESTA A ESE NUMERO POR FAVOR CAMBIEN EL NUMERO O CONTRATEN A ALGUIEN........","","","","","Compartir","Me gusta"
"https://lh3.googleusercontent.com/a-/ALV-UjUVgfV3eV4AFEKY39-s6XSVtGX0IAucp33JZ9C-frFfrGcY3XWV=w45-h45-p-rp-mo-br100","caro vivero","2 opiniones","Hace un año","buenas noches una cionsulta por favor","","","","","Compartir","Me gusta"
"https://lh3.googleusercontent.com/a/ACg8ocIORSXRl64dZtyD6NGJUolsTY_TBUKuhgpMPjlCHf9EGd202A=w45-h45-p-rp-mo-ba6-br100","Juan Martin Barba Rivadeneira","Local Guide · 298 opiniones · 15 fotos","Hace un año","Excelente servicio y atención","","","","","Compartir","Me gusta"
"https://lh3.googleusercontent.com/a-/ALV-UjXKXPOib0RnEtLUS0EshvhN9Uw8-5EMUwRd9BOKFubb8iJ3NdohKA=w45-h45-p-rp-mo-ba3-br100","Jhonni Gallegos","Local Guide · 25 opiniones · 107 fotos","Hace 2 años","Cumple con todas las normas de bioseguridad","","Me gusta","1","","Compartir",""
"https://lh3.googleusercontent.com/a-/ALV-UjUh1qTx-A0mISHmpHwA-KCJnPxqCnG6AiGUQw6YRHTBY8c1rjUeOQ=w45-h45-p-rp-mo-ba4-br100","Marlene Palacio","Local Guide · 144 opiniones · 436 fotos","Hace 3 años","Es u  centro de especialidades médicas completo","","","","","Compartir","Me gusta"
"https://lh3.googleusercontent.com/a-/ALV-UjW2_R_F2SOui5WDEWmLx0halVBk2c5q-K0vBXgWeJ7alw_cMGi3LA=w45-h45-p-rp-mo-ba4-br100","Adrian Dugarte","Local Guide · 85 opiniones · 125 fotos","Hace 6 años","Excelente atención y las instalaciones de primera","","","","","Compartir","Me gusta"
"https://lh3.googleusercontent.com/a-/ALV-UjV77Wwzk9wc-udnB4f2AY1wzCJGColTVn7cCC5j46-aRP5TvhI0=w45-h45-p-rp-mo-br100","Daniel Altamirano Borja","1 opinión","Hace 7 años","Consta con todo y recorrido visual mediante google maps","","","","","Compartir","Me gusta"
"https://lh3.googleusercontent.com/a-/ALV-UjUB4Vw58ItPIHlVMQ45nVUGHNgbekLBuvw5kldEameODCIdIfR8Dw=w45-h45-p-rp-mo-ba4-br100","Fabricio L","Local Guide · 48 opiniones · 118 fotos","Hace 5 años","Excelente Lugar, Norte de Quito.","","","","","Compartir","Me gusta"
"https://lh3.googleusercontent.com/a-/ALV-UjX-IJZGpSe7m_tkyLQOtfSSaGMFSswvL3u3MobeSmj7Fh3Ecawe=w45-h45-p-rp-mo-ba4-br100","Mauro Ludeña","Local Guide · 114 opiniones · 5 fotos","Hace 5 años","Bien distribuido y ordenado.","","","","","Compartir","Me gusta"
"https://lh3.googleusercontent.com/a/ACg8ocLriACPsWGrtlaPmeF8Dmd48_1m25L6wbZ93mqNA0GZFRyL=w45-h45-p-rp-mo-ba4-br100","Alejandra Andrade","Local Guide · 119 opiniones · 11 fotos","Hace 4 años","Es cerca de mi vivuenda😁…","","","","","Compartir","Me gusta"
"https://lh3.googleusercontent.com/a-/ALV-UjUO_qI8NPdF5NHy_GZSV7uOahSsL5mY8UhUcHs31GxaUQ4ckq1P=w45-h45-p-rp-mo-ba2-br100","Santiago Cartagena","Local Guide · 20 opiniones · 14 fotos","Hace 3 años","Buena atención y personal calificado","","","","","Compartir","Me gusta"
"https://lh3.googleusercontent.com/a/ACg8ocI6QTSW1rtRc6L2MJeLov7unzvsJI0AYeriRE6dBepkr32FvCs=w45-h45-p-rp-mo-ba4-br100","SYLVIA CASTILLO","Local Guide · 81 opiniones · 74 fotos","Hace 2 años","Excelente servicio","","","","","Compartir","Me gusta"
"https://lh3.googleusercontent.com/a-/ALV-UjXuxfxDi8URT2uppN1cKvIgpMcNG3AYkbZmofn9ejqaDg1yP1o=w45-h45-p-rp-mo-ba4-br100","CNT-Ma. Eugenia Pacheco","Local Guide · 109 opiniones · 70 fotos","Hace 2 años","Normal atención con es en el Iess","","Me gusta","2","","Compartir",""
"https://lh3.googleusercontent.com/a-/ALV-UjWOeovBuK2SnsdAdvj-YH5VzRxzVMEYu21ufT5kCnUcGyZ_9mNauw=w45-h45-p-rp-mo-ba2-br100","Edison Zambrano","Local Guide · 19 opiniones · 4 fotos","Hace 2 años","Buena atención","","","","","Compartir","Me gusta"
"https://lh3.googleusercontent.com/a/ACg8ocKw4jlppMwYPsc8pops0xbzpxzk0Q9gn1vyoA7efrpiulqtrw=w45-h45-p-rp-mo-br100","Nathaly Loja","1 opinión","Hace 5 años","Más. O menos la atención","","","","","Compartir","Me gusta"
"https://lh3.googleusercontent.com/a/ACg8ocKJFDYwXyq1FYrXWoxF62HDuQxyc9RW41zOuLubSxKzQcwjuA=w45-h45-p-rp-mo-br100","Edwin Piarpuezan","1 opinión","Hace 8 años","Es muy bueno","","","","","Compartir","Me gusta"
"https://lh3.googleusercontent.com/a-/ALV-UjUouFgu-BGgLjpoPa6_-ZAxl-ocUSsR97liJtm4yvFxaOs1_iQeVA=w45-h45-p-rp-mo-br100","Washington David Mendez Mendez","216 opiniones","Hace 6 años","divino","","Me gusta","1","","Compartir",""
"https://lh3.googleusercontent.com/a-/ALV-UjW6A635vQYji4m1cSJ3ETmh426JpgZt6_E9sCtgFv06eil6Hk_b=w45-h45-p-rp-mo-ba3-br100","Carlos Tubay","Local Guide · 43 opiniones · 138 fotos","Hace 4 años","Excelente","","","","","Compartir","Me gusta"
"https://lh3.googleusercontent.com/a-/ALV-UjXN2M2NVse9N1WWoEEBau9RrBSsl6UfMPlutcrfqFCEUSEdFdz_=w45-h45-p-rp-mo-ba5-br100","Eduardo Naranjo Paredes","Local Guide · 68 opiniones · 1,547 fotos","Hace 6 años","Llega a tiempo.","","","","","Compartir","Me gusta"
"https://lh3.googleusercontent.com/a-/ALV-UjU3y6vYeZGueZ9EbDKgyfxioKCiVFIrNIjFKTldCNscBnTjAlNspw=w45-h45-p-rp-mo-ba4-br100","Oswaldo Endara","Local Guide · 18 opiniones · 358 fotos","Hace 6 años","Como llego","","","","","Compartir","Me gusta"
"https://lh3.googleusercontent.com/a/ACg8ocIL0ASpsAUWtlmWF0ObXkyNFG8Yz2ld4Roq6UKl6SmZVJ0nPQ=w45-h45-p-rp-mo-ba2-br100","Ana Garnica","Local Guide · 15 opiniones","Hace 4 años","Atención de primera","","","","","Compartir","Me gusta"
"https://lh3.googleusercontent.com/a-/ALV-UjUy4DuD1GclES8jmf5kY2ZwGftWpAP9acLUWxGlocZ5HC_TD9SbIw=w45-h45-p-rp-mo-ba3-br100","Pablo Paredes","Local Guide · 40 opiniones · 14 fotos","Hace 6 años","Estuve ahí con mi hija de 2 años, la niña tenía una infección urinaria, expulsaba coágulos de sangre de sus genitales. Estuvimos allí dos veces, el sábado y el domingo por la mañana siguiente. El hombre de recepción ni siquiera miró, tenía…","","Me gusta","2","","Compartir",""
"https://lh3.googleusercontent.com/a/ACg8ocKvl0XMRxVfYu6cvb56LucMxdANuAJIy-pgG-TqJz5x0KItZQ=w45-h45-p-rp-mo-br100","Fredy Yasacama","1 opinión","Hace 6 años","Ponga","","","","","Compartir","Me gusta"
"https://lh3.googleusercontent.com/a/ACg8ocKdBw14Tuq5Huh-4UTjQBRytbdzqW31jJWD4gaoVosZMjq-tA=w45-h45-p-rp-mo-ba3-br100","Fernando Cardenas","Local Guide · 48 opiniones · 15 fotos","Hace un mes","","","","","","",""
"https://lh3.googleusercontent.com/a/ACg8ocJ5ZlSqM3v2qade1MFERsHsZwy1fTlYWaf0b8pjHUxCksq57g=w45-h45-p-rp-mo-br100","luis espinoza","","Hace un mes","","","","","","",""
"https://lh3.googleusercontent.com/a-/ALV-UjWERQpGwJn27NsWhMbz-g3LfPoULIDP93BMAwThYX9Uy-520EUX=w45-h45-p-rp-mo-ba3-br100","Marielis Ullauri","Local Guide","Hace 3 meses","","","","","","",""
"https://lh3.googleusercontent.com/a-/ALV-UjX5mfCkJViwiOwKoq6cTze0jN74zi3UDRq6hs3oCv3PgL3gjQfT-w=w45-h45-p-rp-mo-ba3-br100","Johanna San Martín","Local Guide · 28 opiniones · 3 fotos","Hace 4 meses","","","","","","",""
"https://lh3.googleusercontent.com/a-/ALV-UjW77Wa5NRtzoeriDrLBUZS7zZnggFLjFvOuKsb0hNLBlqUgOeFn=w45-h45-p-rp-mo-ba3-br100","carmen molina","Local Guide · 36 opiniones","Hace 9 meses","","","","","","",""
"https://lh3.googleusercontent.com/a-/ALV-UjWCnYm9-XeJtzGVTq_CVen7v77fSSgy_Z8vmX_jgKnyuHDi6Xf4=w45-h45-p-rp-mo-ba5-br100","May Iza","Local Guide · 46 opiniones · 845 fotos","Hace un año","","","","","","",""
"https://lh3.googleusercontent.com/a-/ALV-UjXPwY6ihLjXNQYBeTOGXriO_-5pDsFo9CYIq34tfYIYgaNvB6VA3A=w45-h45-p-rp-mo-br100","Sharon Espin","3 opiniones · 1 foto","Hace un año","","","","","","",""
"https://lh3.googleusercontent.com/a-/ALV-UjUfJRrN_KyY0QKMrMbT7X1Y7H9EGd6SbDtwryp4F3VBNcp3OEf_=w45-h45-p-rp-mo-ba2-br100","Fabo Stf","Local Guide · 5 opiniones · 5 fotos","Hace un año","","","","","","",""
"https://lh3.googleusercontent.com/a-/ALV-UjWYJkq0qVe1fac3Z6dpIeQjvwZ55QYkGuiZ3llXc0_ZKJ6Gwn-LUw=w45-h45-p-rp-mo-ba4-br100","Javier Villacorte","Local Guide · 30 opiniones · 173 fotos","Hace un año","","","","","","",""
"https://lh3.googleusercontent.com/a-/ALV-UjUv7IuMh4FJ2_DiCZwIFMO8fiGNKnOeXqoEEL05D0_EAn0a2oHI3A=w45-h45-p-rp-mo-ba3-br100","Antonio Pilicita","Local Guide · 8 opiniones · 16 fotos","Hace un año","","","","","","",""
"https://lh3.googleusercontent.com/a-/ALV-UjWWiVh6INyHNjoPstkx-z10eY6WIuxIqAbgFiFllpY-7aoAEqsPZQ=w45-h45-p-rp-mo-ba4-br100","Cristy Martínez","Local Guide · 64 opiniones · 77 fotos","Hace un año","","","","","","",""
"https://lh3.googleusercontent.com/a-/ALV-UjW3qyfA631iXuea5HUnvXaZnrznQTvkJnTvAr0cO_SPnzijAFk=w45-h45-p-rp-mo-ba5-br100","MARLE HINOJOSA","Local Guide · 37 opiniones · 358 fotos","Hace un año","","","","","","",""
"https://lh3.googleusercontent.com/a-/ALV-UjXLwsmJWrWNaY0mLdysP8U_5uo687Fgp8XRiVLGKOnHCSVahMlqOQ=w45-h45-p-rp-mo-ba3-br100","María Isabel Totus Tuus","Local Guide · 5 opiniones · 7 fotos","Hace 2 años","","","","","","",""
"https://lh3.googleusercontent.com/a-/ALV-UjVQCqO0vBrDiUYX9O4tkNw4C00_XneHySzVvntUlMdSVpHvpV5i=w45-h45-p-rp-mo-br100","Samy Galvis","16 opiniones · 6 fotos","Hace 2 años","","","","","","",""
"https://lh3.googleusercontent.com/a/ACg8ocJ9XJi4-qNH9IIz0qsrJbP24ssfTi6JF-fGT8cs6EqpBKY3vQ=w45-h45-p-rp-mo-ba4-br100","bahram jafarzadeh","Local Guide · 70 opiniones · 58 fotos","Hace 2 años","","","","","","",""
"https://lh3.googleusercontent.com/a-/ALV-UjVZ2vr5LS2ybM5OWcckHID0eP-NIshGL02-GB8Ylc5AMwtREcQO=w45-h45-p-rp-mo-ba3-br100","Carlos Aconda","Local Guide · 22 opiniones","Hace 2 años","","","","","","",""
"https://lh3.googleusercontent.com/a-/ALV-UjUm_T442xldAqAZFuY9psEn6vrCjX-y9kPpVM3kLGtVNYVrW6Il=w45-h45-p-rp-mo-br100","Mabel Guanoluisa","11 opiniones","Hace 2 años","","","","","","",""
"https://lh3.googleusercontent.com/a-/ALV-UjU0EIa2c8P_tkiGQLGw0yLpvftRVu7XNDDPZQ4Np6vpNjLK_rSFOA=w45-h45-p-rp-mo-br100","Nicole Olmedo","","Hace 2 años","","","","","","",""
"https://lh3.googleusercontent.com/a-/ALV-UjVv3GwPjO5ipar0q6_e-U2xC8MOzaYpHGN1szWqE2zbt9ZU_kvLbQ=w45-h45-p-rp-mo-ba4-br100","Bryan Uquillas Santacruz","Local Guide · 49 opiniones · 54 fotos","Hace 3 años","","","","","","",""
"https://lh3.googleusercontent.com/a-/ALV-UjX5u617Bt7i25giegnbLmpi8HodEm92hrrizxhQHPUb23eZLSvhsw=w45-h45-p-rp-mo-br100","RC El Cientifico","1 opinión","Hace 3 años","","","","","","",""
"https://lh3.googleusercontent.com/a-/ALV-UjU9fNWhfH-0iJMPJrd_MTjYmiuve7Lb1mCHXrmh_cTuWXe59Euj2g=w45-h45-p-rp-mo-ba2-br100","Esteban Carvajal","Local Guide · 15 opiniones · 5 fotos","Hace 3 años","","","","","","",""
"https://lh3.googleusercontent.com/a-/ALV-UjXRxlqLqXzyAC1ybPvNhdLThgvdDhJiLTGb_RoC6TdbNgAgcBwHWg=w45-h45-p-rp-mo-ba3-br100","Mafe Mercado","Local Guide · 35 opiniones · 139 fotos","Hace 3 años","","","","","","",""
"https://lh3.googleusercontent.com/a/ACg8ocKBrQmCQQ6bqNPzXmgLtBJKibyWgyOQxsqQX6cocmaUmrj0UA=w45-h45-p-rp-mo-br100","Héctor Cepeda","","Hace 3 años","","","","","","",""
"https://lh3.googleusercontent.com/a/ACg8ocISVkXMSFHmaQNtpfpIqzKH-MWF11n-ILLCjg7kBHgajFImiA=w45-h45-p-rp-mo-br100","ARCA","1 opinión · 16 fotos","Hace 3 años","","","","","","",""
"https://lh3.googleusercontent.com/a-/ALV-UjU4vwSkYwkkJuGdtuLglhXfICHnGm7f6GXmiBN4a8HW65jOilkqrw=w45-h45-p-rp-mo-br100","Israel Romo","3 opiniones","Hace 3 años","","","","","","",""
"https://lh3.googleusercontent.com/a/ACg8ocLOQXaI0xfcVhv5jNwnUYugCr7aJZ9XU7Yi9G0G6YPwRucIqg=w45-h45-p-rp-mo-ba4-br100","luz galarza","Local Guide · 89 opiniones · 132 fotos","Hace 4 años","","","","","","",""
"https://lh3.googleusercontent.com/a/ACg8ocIyjngBnWWclvn8-BOWrWkROU7SVZAooaC-LG2tRwocOHrrNg=w45-h45-p-rp-mo-br100","MAGA SEVILLA","","Hace 4 años","","","","","","",""
"https://lh3.googleusercontent.com/a-/ALV-UjXFwtG7BefWUN_bJt9-6GUjLZAjxrvhq-t_fFlU49-jhZDRG4Q=w45-h45-p-rp-mo-ba3-br100","Marcelo Salazar","Local Guide · 43 opiniones · 26 fotos","Hace 4 años","","","","","","",""
"https://lh3.googleusercontent.com/a-/ALV-UjUtC46VloYEpuVd2Qu8468ka1JFYZ0DyMJ83c_vFWeiaSsTMhxg=w45-h45-p-rp-mo-ba3-br100","Andres Achig","Local Guide · 43 opiniones · 31 fotos","Hace 4 años","","","","","","",""
"https://lh3.googleusercontent.com/a-/ALV-UjVeC5tdeJNQBLtnB1ZrqzXqzjRw88RutrXHcPuWDn6sv82HRKCR=w45-h45-p-rp-mo-ba5-br100","paul","Local Guide · 151 opiniones · 465 fotos","Hace 4 años","","","","","","",""
"https://lh3.googleusercontent.com/a/ACg8ocKMldbmmD9ntzAbhNh6JgIXyBGHbfPyCXPOEToof-c2ojhqBg=w45-h45-p-rp-mo-br100","Roberto Valverde","","Hace 4 años","","","","","","",""
"https://lh3.googleusercontent.com/a/ACg8ocIaN1oB6NbrB6c6cq3YNfLisWBesLoBHvrR3Sc9oErY3c1Vkg=w45-h45-p-rp-mo-ba5-br100","Paúl CM","Local Guide · 109 opiniones · 551 fotos","Hace 5 años","","","","","","",""
"https://lh3.googleusercontent.com/a/ACg8ocLcwNvhf4XCLSFTALCHxZMamFuDhEUdh6OjpEyF-8Tl7fjD4Q=w45-h45-p-rp-mo-br100","Javier Samuisa","1 opinión","Hace 5 años","","","","","","",""
"https://lh3.googleusercontent.com/a-/ALV-UjVHELi2HEOTH-seWy7evXgXdhqSEN54fwMIqx1gHEmX4zsVqlU=w45-h45-p-rp-mo-ba4-br100","Talia Acosta","Local Guide · 50 opiniones · 19 fotos","Hace 5 años","","","","","","",""
"https://lh3.googleusercontent.com/a-/ALV-UjUxvB07PubQiuIpqziRFtL5i8VSsW9bANyNoV4gTIpMwPmCzLL5Zw=w45-h45-p-rp-mo-br100","Andréa Muñoz","","Hace 5 años","","","","","","",""
"https://lh3.googleusercontent.com/a-/ALV-UjUaTHCC75OmfvVoRuXkNVLY0icx4dHBS8lMeU8YDJhRuYGNwZv6JQ=w45-h45-p-rp-mo-ba4-br100","CARLOS EDUARDO VELASCO REYES","Local Guide · 71 opiniones · 69 fotos","Hace 5 años","","","","","","",""
"https://lh3.googleusercontent.com/a/ACg8ocLQwzLDmMunwTOL6YkV-difNQMCUiXwqkbK79Yk63LlQYpSFA=w45-h45-p-rp-mo-br100","Wilmer Maza","","Hace 5 años","","","","","","",""
"https://lh3.googleusercontent.com/a/ACg8ocJFkXcoZ5q8exe_6XwZ61OqRDIU3dss0nc8odeTw-Uk_hQXog=w45-h45-p-rp-mo-br100","Mateo Sancez","","Hace 5 años","","","","","","",""
"https://lh3.googleusercontent.com/a/ACg8ocKHzZBusbU8jVQcVwjzxRbmrcZEJtM0P7IoDH-d6ZeEHWNzcQ=w45-h45-p-rp-mo-ba3-br100","Gaby Hernández","Local Guide · 37 opiniones · 26 fotos","Hace 5 años","","","","","","",""
"https://lh3.googleusercontent.com/a/ACg8ocLjqX9cVRryJb4LXHiaxNJhxAsltWGL95qAHc737zGMffk8=w45-h45-p-rp-mo-br100","Adrian Peñafiel","3 opiniones","Hace 5 años","","","","","","",""
"https://lh3.googleusercontent.com/a/ACg8ocLOeii9wiANHMpPmApRcgYW3uoZDJUqJJ7O0sl4CMLXvQeQPA=w45-h45-p-rp-mo-br100","Jorge Yépez","3 opiniones · 3 fotos","Hace 5 años","","","","","","",""
"https://lh3.googleusercontent.com/a-/ALV-UjV5q7cfTQApLnq1oY-iaPhKxOBILwl05EnavVFeQpAv34YcpL42=w45-h45-p-rp-mo-br100","Johanna Yanza","","Hace 5 años","","","","","","",""
"https://lh3.googleusercontent.com/a-/ALV-UjUiHyL5-ZwvqxNo1CysMNRWDg0dWuHlqCdXUq-sbk2evsD9zPc=w45-h45-p-rp-mo-ba3-br100","Ki-ke Veliz","Local Guide · 17 opiniones · 14 fotos","Hace 5 años","","","","","","",""
"https://lh3.googleusercontent.com/a-/ALV-UjV-WDKRBrUmSgymjRWyrnRRAUmziK7yWFojbWlDuBfPXcVCjz85=w45-h45-p-rp-mo-br100","Inés ICaiza","8 opiniones","Hace 6 años","","","","","","",""
"https://lh3.googleusercontent.com/a/ACg8ocIK2Vj9NQ4IrjXQNt8kegjvRSclnM7zbAG0wMFVFDQv5cLNkw=w45-h45-p-rp-mo-br100","Omar Villafuerte","","Hace 6 años","","","","","","",""
"https://lh3.googleusercontent.com/a-/ALV-UjVOwnLpq8orFptiwBxPpfhKB8osbeA3aMp1Zab6isjBX0MbAu2e=w45-h45-p-rp-mo-ba4-br100","Fernando Minda","Local Guide · 11 opiniones · 179 fotos","Hace 6 años","","","","","","",""
"https://lh3.googleusercontent.com/a-/ALV-UjV-mtkI41_I6r1P_tPTnaaJBnMqowKIvBuFcl0zcuZvQQeE2Vmf=w45-h45-p-rp-mo-br100","Amanda Tene","5 opiniones","Hace 6 años","","","","","","",""
"https://lh3.googleusercontent.com/a/ACg8ocIPuxthDyvwkXc5EUzEE5z_2xT0P2saHCP0ebGU4M-gU98HVw=w45-h45-p-rp-mo-br100","Mary Mora","","Hace 6 años","","","","","","",""
"https://lh3.googleusercontent.com/a/ACg8ocIom6KBU24jbKvOg547laRJ4t5AcRjGLgomkMVWJpMDrNJqHg=w45-h45-p-rp-mo-br100","Jesus Galeno","","Hace 6 años","","","","","","",""
"https://lh3.googleusercontent.com/a-/ALV-UjWSMTbf4o_h_B2riTB1ocMjxEAuwaQN7YjzrtnZKtVcwm3NSfb0wg=w45-h45-p-rp-mo-br100","Ricardo Martinez Jurado","3 opiniones · 3 fotos","Hace 6 años","","","","","","",""
"https://lh3.googleusercontent.com/a-/ALV-UjXddiqLKakjV6AIAtSgVn4gkzkwPv0bK9atmnjS8ZkJCWV3JRNF0A=w45-h45-p-rp-mo-ba5-br100","Karin Puente","Local Guide · 356 opiniones · 1,356 fotos","Hace 6 años","","","","","","",""
"https://lh3.googleusercontent.com/a/ACg8ocISRoI_L6l62yFy2WnVe-EKrAOn8F60Rfsmt56H232QpO0HNA=w45-h45-p-rp-mo-br100","Segundo Tomas Sangoquiza Tomalo","","Hace 6 años","","","","","","",""
"https://lh3.googleusercontent.com/a/ACg8ocKpY7mwdQV3z8SC1DbTdd-c0TC43E824cErsy5QRJgWuP9ebw=w45-h45-p-rp-mo-br100","José Alejandro Yagual","1 opinión","Hace 6 años","","","","","","",""
"https://lh3.googleusercontent.com/a/ACg8ocLGgnaMUdL93qEiKXjDhqC7CKnIRmAXeItFJToae8FJTAKEWw=w45-h45-p-rp-mo-br100","Christian Gómez","","Hace 6 años","","","","","","",""
"https://lh3.googleusercontent.com/a-/ALV-UjVycdyoO42ZEXyGkv_ZevWeQI6bjJRsv8t09XXD2N3ZA1_pQQRQ=w45-h45-p-rp-mo-br100","Maria Asmaza","","Hace 6 años","","","","","","",""
"https://lh3.googleusercontent.com/a-/ALV-UjXOiBdyDJKMsa-zqiFF-tNEkhaUgmUv5Ba0WenCvLccOraMvuI_pw=w45-h45-p-rp-mo-ba4-br100","Fernando Patricio Ponce Chacon","Local Guide · 11 opiniones · 475 fotos","Hace 6 años","","","","","","",""
"https://lh3.googleusercontent.com/a/ACg8ocI9MU1eqo7XWYPUOxi8IJJOMRbU9ade-9YT3-cbhOd1lZ6B2g=w45-h45-p-rp-mo-ba5-br100","Jenny Pazmino","Local Guide · 91 opiniones · 207 fotos","Hace 6 años","","","","","","",""
"https://lh3.googleusercontent.com/a/ACg8ocJ0xp8QqprtqjoPiycVu3EA3xp0E6Y__06JvUxnfuvWITZD=w45-h45-p-rp-mo-ba2-br100","danilo miranda","Local Guide · 4 opiniones · 1 foto","Hace 6 años","","","","","","",""
"https://lh3.googleusercontent.com/a/ACg8ocIG4D4uEDqic1kufuHVdMSFmupU0bLUfFy5kHeJvXQ37RXCEQ=w45-h45-p-rp-mo-br100","Eder Gamarra","","Hace 7 años","","","","","","",""
"https://lh3.googleusercontent.com/a-/ALV-UjU6j1b5sd3m3n3umzSGdhsScanyyQ8m_uaPLa83sGQZBu779-ae=w45-h45-p-rp-mo-br100","Cesy Albuja","6 opiniones · 1 foto","Hace 7 años","","","","","","",""
"https://lh3.googleusercontent.com/a/ACg8ocL1nYeNuKe32GgwsOvZ0WstX9DNqVIpfp_iawmtlSBB6Iourg=w45-h45-p-rp-mo-br100","Albertini aguirre","","Hace 7 años","","","","","","",""
"https://lh3.googleusercontent.com/a-/ALV-UjUkrC-LEwcjyd2tdXG-in7lwVxb6-BTc4ZI2SFojrk5Lra1COWRtg=w45-h45-p-rp-mo-ba2-br100","Od. Pediatra Prycyla V.","Local Guide · 2 opiniones · 5 fotos","Hace 7 años","","","","","","",""
"https://lh3.googleusercontent.com/a-/ALV-UjXoYeTwpToZZ0y5uc_gPJb-AQ-pStPCP7p5kXXOQZR2TSt-Rdw=w45-h45-p-rp-mo-br100","josh luks","6 fotos","Hace 7 años","","","","","","",""
"https://lh3.googleusercontent.com/a-/ALV-UjV68eHUfOZxdjWNIWiDU_x5RuFlYPJ8usbLXCtLcoV424OyN_eN=w45-h45-p-rp-mo-br100","JUAN CARLOS SIMBAÑA","1 foto","Hace 8 años","","","","","","",""
"https://lh3.googleusercontent.com/a/ACg8ocLhciSul9LDBbxO6e3h_hF1kWMwxi1YpthaSuTaaWJMen6ucQ=w45-h45-p-rp-mo-br100","Yusef Diaz Abiza","","Hace 8 años","","","","","","",""
"https://lh3.googleusercontent.com/a-/ALV-UjULxXER28UypNzXjrM4mQQA02x67v9tO1OnaqlVh6ZjwOESPB7CTQ=w45-h45-p-rp-mo-br100","Cecilia Fernanda Espinoza Flor","","Hace 8 años","","","","","","",""
"https://lh3.googleusercontent.com/a/ACg8ocIkvBRilAX1GN_zughxs-mfQW0a8WKyp8EBbPexhliy1fYtiA=w45-h45-p-rp-mo-br100","Fabian Arcos","","Hace 8 años","","","","","","",""
"https://lh3.googleusercontent.com/a/ACg8ocJmQZ4obzccN6Rg0Kc7mHcWiTB_uq_ileK1VYbaDLABffElVg=w45-h45-p-rp-mo-br100","Juan Neppas","1 opinión · 1 foto","Hace 8 años","","","","","","",""
"https://lh3.googleusercontent.com/a/ACg8ocIaPiyHvJzx2Hoi6fo7CSfduR6AZ68bV2mADVO67_Nh2FBxXw=w45-h45-p-rp-mo-br100","Nestor Vasconez","3 fotos","Hace 8 años","","","","","","",""
"https://lh3.googleusercontent.com/a-/ALV-UjVMlzVbRCYlXO0snrf7zNsjTxexpPg7PPdODbqDFvqci_zTqx44Pg=w45-h45-p-rp-mo-br100","Jess Lexa","1 foto","Hace 8 años","","","","","","",""
"https://lh3.googleusercontent.com/a/ACg8ocKzmOJfolToIX6jyxA7T0WAQacZgnmrEhnQKO1K8bcI0qYQ1w=w45-h45-p-rp-mo-br100","Jimmy Jordan","","Hace 8 años","","","","","","",""