"NBa7we src","d4r55","RfnDt","rsqaWe","wiI7pd","dSlJg","Hzvxle","pkWtMe","dSlJg 2","znYl0","znYl0 2"
"https://lh3.googleusercontent.com/a-/ALV-UjVGMWDkfYyD_v93WqtHDGGK-Wvusg1iP2c2MbAzfS1KMYYLKqJG=w45-h45-p-rp-mo-ba3-br100","Stephany Barona","Local Guide · 35 opiniones · 18 fotos","Hace 6 meses","El peor lugar para atenderse. Nadie tiene respeto por las personas, 1 sola persona para toma de signos vitales. 4 horas de espera para una consulta de 5 minutos con una doctora mediocre. Los únicos amables, los señores guardias.…","","Me gusta","9","","Compartir",""
"https://lh3.googleusercontent.com/a-/ALV-UjViFxxLcC9yrjQQ2ntthld1QjopMauRV5MTmUV1wo0F8BT5tjs8qA=w45-h45-p-rp-mo-ba5-br100","Alejandro Pazmiño","Local Guide · 127 opiniones · 244 fotos","Hace 4 meses","No se abastecen muchos enfermos en emergencia no tienen asientos para los pacientes y peor para los acompañantes  como que les vamos a obstaculizar su trabajo .","","","","","Compartir","Me gusta"
"https://lh3.googleusercontent.com/a-/ALV-UjVepqYujOLp6ToCJXVOtT0loi3iPSfiVNKRAZAihJv-gGUjqEMq=w45-h45-p-rp-mo-ba4-br100","Daniel Alejandro Altamirano Ch.","Local Guide · 62 opiniones · 139 fotos","Hace un año","Todas las reseñas escritas por este servidor, nacen desde la experiencia vivida en carne propia. La atención en cuanto a emergencias es muy satisfactoria y pronto entre más grave es la enfermedad o el mal que a un lo aqueja más rápido le…","","Me gusta","5","","Compartir",""
"https://lh3.googleusercontent.com/a-/ALV-UjVt3kn6QX5cHaodOAon92CH186Wjj8uUfFRZLoA5UhqkV5bMoc=w45-h45-p-rp-mo-br100","Melanny Juliet","1 opinión","Hace 3 meses","Pésimo servicio,a mi tía la operaron dos veces, la herida no le sana, le dieron mal la cita médica 3 veces (le daban la cita para los días que no está el doctor y en otra el doctor jamás agendó la cita ). Son un sinnúmero de cosas que dejan…","","Me gusta","1","","Compartir",""
"https://lh3.googleusercontent.com/a-/ALV-UjUUYBlKmugG2KmnHIsEZiRnrSgcv28hqn1320kTqnk3ftybgw3J=w45-h45-p-rp-mo-ba4-br100","Jaime Tituaña","Local Guide · 90 opiniones · 120 fotos","Hace 2 años","La atención prestada buena, no a la velocidad que uno necesita, pero como en todo hay que esperar.
Tienen una carpa para la espera pero igual la gente no respeta o le falta un…","","Me gusta","2","","Compartir",""
"https://lh3.googleusercontent.com/a-/ALV-UjXo_fl_sLCFA8AQplf30cTPBzmJS6qBX0vA_WsTuJKL8e2WD0ltHw=w45-h45-p-rp-mo-ba4-br100","Helen Moreira","Local Guide · 71 opiniones · 56 fotos","3 semanas atrás","En serio no se que pensar a estás alturas, no se si es ineptitud o desinterés por el o la paciente, no se si sirva de algo las opiniones de aquí pero en serio que decepción que da los profesionales en especial de ginecología de emergencia, que para colmo no sirven ni para atender","","","","","Compartir","Me gusta"
"https://lh3.googleusercontent.com/a-/ALV-UjWLv4TOAhY-gkyhyuidxUq8eB8WOCKodu8DEL4ja3jHaL562FKr5g=w45-h45-p-rp-mo-ba3-br100","Michael Narváez","Local Guide · 50 opiniones · 29 fotos","Hace 5 meses","Una cosa es que estén saturados de gente, no haya medicamentos o tengan poco personal. Pero la actitud mediocre de este personal es una total locura. Mi mamá tenía una apendicitis y le trataron muy mal diciendo que espere su turno, se…","","Me gusta","5","","Compartir",""
"https://lh3.googleusercontent.com/a-/ALV-UjX2BvhwkJJYFYZsK7XIZXiF8LLDPm5VPzRMVzS2Q8pIXRYeqBSIMQ=w45-h45-p-rp-mo-ba6-br100","Jorge Salazar Auz","Local Guide · 156 opiniones · 2,583 fotos","Hace 2 meses","El Hospital es un enorme complejo que cuenta con paso peatonal exclusivo y amplios parqueaderos.","","","","","Compartir","Me gusta"
"https://lh3.googleusercontent.com/a-/ALV-UjWYlBVD1LqWk0tpmEvbxUN6OgzO3zmRzvnlZkKQsKM_eQUHmiw=w45-h45-p-rp-mo-ba3-br100","Oscar Ayala","Local Guide · 28 opiniones · 113 fotos","Hace 4 años","La atención por lo que me comento un familiar es que es muy buena pero le pongo 4 estrellas porque se demoran un siglo solo por coser una herida muy pequeña como de 5 puntos estuvimos desde las 3 de la tarde hasta las 10 casi de la noche ya…","","","","","Compartir","Me gusta"
"https://lh3.googleusercontent.com/a/ACg8ocLRcypWoU7mtKtnUTv4EfY8c4BPJT1ovc76rOFY2BW20D4nDw=w45-h45-p-rp-mo-br100","Beatriz Guala","1 opinión","Hace un mes","Toda una barbarie, su atención , el profesionalismo dejan mucho que desear , es la institución que cobra para brindar un servicio privado , que mas bien queda por muy debajo que de un servicio público
Todos el servicio es ineficiente","","","","","Compartir","Me gusta"
"https://lh3.googleusercontent.com/a-/ALV-UjWUMbqZ2o394Rp22IzRJpJq1pBvwhJEpXwSvUYbhLFffLj01tEV=w45-h45-p-rp-mo-br100","Carlos Campuzano","6 opiniones · 1 foto","Hace un año","El servicio es fatal se demoran más de 5 horas para atender a un paciente, lo peor de todo es el personal no tiene la paciencia para indicarte donde quedan las áreas correspondientes los doctores pasan y pasan a lado de uno y ni siquiera se…","","","","","Compartir","Me gusta"
"https://lh3.googleusercontent.com/a/ACg8ocImfYG5xpn773iyh8ntN1unsxv387u0RfymcekW4UD1mgsZRg=w45-h45-p-rp-mo-br100","Nathaly Gavilanes","5 opiniones","Hace 4 meses","Me pueden informar sobre la doctora Liliana Rodríguez de Cardiología pediatrica que tal es el trató con los niños y pacientes porfavor es primera vez que voy a ese hospital","","","","","Compartir","Me gusta"
"https://lh3.googleusercontent.com/a-/ALV-UjXHuKEdB9xKx3FP54LSg60pzmTdUfk-kuW9dhwMBA7jU4URDle72w=w45-h45-p-rp-mo-ba2-br100","Daniela Gaona","Local Guide · 14 opiniones · 9 fotos","Hace 2 años","La atención es bastante buena y rápida, me operaron pronto cuando en otro hospital del iess me informaron que había lista de espera de un año, además las habitaciones son aseadas y están casi nuevas. El personal medíco y de enfermería muy…","","Me gusta","3","","Compartir",""
"https://lh3.googleusercontent.com/a-/ALV-UjXnuf36u3ZHqc0lWY8bUqdT3DF29w8R9pJf83dVnJrnbxZNncJI=w45-h45-p-rp-mo-ba5-br100","Lourdes Calderón","Local Guide · 209 opiniones · 335 fotos","Hace un año","Emergencia. Primero ir a triaje, luego admisiones, y de ahí al médico. Si van con pedido de isopado (Covid) de un Dr. de centro médico de convenio con el Iess. No sirve de nada. Deben hacer todo el proceso de emergencia para que el doctor…","","","","","Compartir","Me gusta"
"https://lh3.googleusercontent.com/a/ACg8ocKrYBNEOerIM4PMvI8nyqUXLba6w5LGiU9Kn5oXdlTPA3gzx28=w45-h45-p-rp-mo-br100","Vini Gom","1 opinión · 1 foto","Hace un año","Mi esposa tiene cáncer está con dolor de cabeza FUERTE presión 172 y glucosa 144. Estamos en emergencia ya 1 hora y no hay quien atienda sin las 7 y 2p","","Me gusta","3","","Compartir",""
"https://lh3.googleusercontent.com/a/ACg8ocKTAsgUraJm4sMWBFTPJmONLtxo9NFouQkl31UcySVlKy-y6g=w45-h45-p-rp-mo-br100","Valentina","1 opinión · 1 foto","Hace 5 meses","Esta es la emergencia de este hospital 7 horasen espera
No te atienden te tratan mal
Es mejor ir en estado etílico que te atienden más pronto
Los derecho humanos son vulnerados","","Me gusta","1","","Compartir",""
"https://lh3.googleusercontent.com/a/ACg8ocJ_yc5aumqDPv2NgD942vm7o0Tvf4JhN1zPPrUFZBx-vAG34g=w45-h45-p-rp-mo-br100","Carlos Arias","3 opiniones","Hace un año","Mi madre tenía una cirugía programada para el lunes 22 de mayo en el IESS CENTRAL, pero se dañó la.maquina y le derivaron a este hospital, pero aquí le dicen que no hay cirugías, es decir que mi madre boto 35 años de su vida aportando al…","","Me gusta","4","","Compartir",""
"https://lh3.googleusercontent.com/a-/ALV-UjUJpog6f5_0fAmzK5rKyMGrM0PEgUBSuZ8xp20ASb3onV0vej1Z=w45-h45-p-rp-mo-ba6-br100","Paúl Roberto Pérez Valladares","Local Guide · 302 opiniones · 216 fotos","Hace 2 años","Muy buena atención en esta época de pandemia, han ayudado a mucha gente, creo en el profesionalismo del personal médico y enfermería del hospital. Al momento si hay medicinas y aunque no hay consulta externa, en emergencia buena atención","","Me gusta","2","","Compartir",""
"https://lh3.googleusercontent.com/a-/ALV-UjWt3rXkzeVUw7iJegxnNfhQjDBQHVYDGwvrNNhlK2Ui_GWPryPK=w45-h45-p-rp-mo-ba2-br100","Rommel Guayasamín","Local Guide · 20 opiniones · 9 fotos","Hace un año","La atención debe ser desde un principio prioridad para la tercera edad, deben darle el turno en color naranja que pueden esperar un laso más corto, que el de color amarillo que dice de 1 a 3 horas, ya no están para esperar sentados mucho…","","Me gusta","1","","Compartir",""
"https://lh3.googleusercontent.com/a-/ALV-UjVqrR-bLXx3epapqsgBTfAtfKRsNVT3i1IXFZXY9V5PSFkwMRA_=w45-h45-p-rp-mo-ba5-br100","DanyTV","Local Guide · 172 opiniones · 15 fotos","Hace 8 meses","Buena atención. El estacionamiento esta muy lejos de la entrada principal. Con una persona en silla de ruedas, si llueve te empapas. Es mejor, en este caso, ir en taxi.","","","","","Compartir","Me gusta"
"https://lh3.googleusercontent.com/a-/ALV-UjU0HPWDEG07zhcwD-PbtZ9Y0UmkAsktMdYKmvKu8Wti_FDP3CHvxg=w45-h45-p-rp-mo-ba6-br100","Guadalupe García Gutiérrez","Local Guide · 359 opiniones · 1,289 fotos","Hace 5 años","Es uno de los hospitales más modernos de Quito, con equipamiento moderno comparado con otros hospitales del país, tuve la oportunidad de conocerlo hace poco, estuve en el área de pediatria en hospitalizacion y las paredes están decoradas…","","Me gusta","1","","Compartir",""
"https://lh3.googleusercontent.com/a/ACg8ocJIoSEdpbqnIPbMvV7Ft_Nrp1jkjxZroent7faC6T3MEAtDcQ=w45-h45-p-rp-mo-br100","Josber Naranjo","4 opiniones","Hace 9 meses","Malísimo primero las enfermeras tienen un carácter de perro ni delicadas ni respetuosas son, eso deberían cambiar no tener gente así por qué se siente hasta pesado y negativo le falta una oratoria de atención humanitaria de enfermos, y…","","Me gusta","4","","Compartir",""
"https://lh3.googleusercontent.com/a/ACg8ocJYKl9thVftFjgt0hyM8vjSFHCypLHbr4WGabYomd1vHJ_8JQ=w45-h45-p-rp-mo-br100","Luis Murillo","1 opinión","Hace un año","El tiempo de espera en emergencia es de 4 a 5 horas (Sin exagerar y esperando que sea de ayuda para alguien que planea su ingreso). Uno o dos médicos atienden toda la emergencia mientras que hay 3 personas para solo tomar signos. Considero…","","Me gusta","2","","Compartir",""
"https://lh3.googleusercontent.com/a/ACg8ocLhQ3ZcNs0gnxMNafvvb7M8F7KawnGjtif-qVUWqgck9RJm3w=w45-h45-p-rp-mo-br100","Verónica Lucio","1 opinión · 1 foto","Hace 3 años","Buenas el servicio de enfermeros y enfermeras muy mal en la torre 3 piso 4 por que mi mami esta internada ahí desde el domingo le cambiaron a ese piso y torre y no le dan la atención necesaria ya que el día del cambio mi mami empezó a utilizar pañal y la dejaron mojada por varias horas y nadie se movió hacer su trabajo","","","","","Compartir","Me gusta"
"https://lh3.googleusercontent.com/a-/ALV-UjUmX-pxmoC1sf-cZ7HBwZSGoKx4YUxNr3kr-Nb_4qWG4bK9jM4=w45-h45-p-rp-mo-br100","Jorge Pazmiño","2 opiniones","Hace 4 meses","A la ciudadanía, el teléfono que sirve para llamar al Hospital IESS Quito Sur es   *02 3983200*","","","","","Compartir","Me gusta"
"https://lh3.googleusercontent.com/a-/ALV-UjW22j7tBDN62iMa4jKZ_-6zypgvW6c45Ln_R-V22gMNEMnxjcIj=w45-h45-p-rp-mo-ba4-br100","Katerine Endara","Local Guide · 88 opiniones · 13 fotos","Hace 6 meses","Instalaciones modernas. No hay atención personalizada, trámites engorrosos, sin control de calidad del servicio médico y tratantes.","","","","","Compartir","Me gusta"
"https://lh3.googleusercontent.com/a/ACg8ocIuKuMfhhx7V-QBQSyICaqAzYKmcnBXyIrB4r_ohbSj-youZw=w45-h45-p-rp-mo-br100","Lupe Rodriguez Barahona","1 opinión","Hace 10 meses","La infraestructura bien, es indignate  ver que la mayoría de los profecionales de la salud, no tienen vocación, cálidad humana empezando con los emergenciologos groseros, qué como no tienen un lugar para realizar un procedimiento tengan que…","","Me gusta","1","","Compartir",""
"https://lh3.googleusercontent.com/a-/ALV-UjUPBsvTYbB9aX8Iw9IhdfUPfrrLF8XLsA2fyTTZ6q9rkqwk9nOk=w45-h45-p-rp-mo-ba4-br100","Vladi Muñoz","Local Guide · 123 opiniones · 48 fotos","Hace 10 meses","Un hospital muy completo, ordenado, y atención increíble, siempre están pendientes en todo momentos, máquinas nuevas y excelentes profesionales que te hacen sentir seguro","","Me gusta","1","","Compartir",""
"https://lh3.googleusercontent.com/a/ACg8ocKsNJMIQAk3XnUQ2q19gymR5lLd0GTdh4i1pYzrgYwc_qAQ_Zc=w45-h45-p-rp-mo-br100","Alexis Bwladimir","28 opiniones · 2 fotos","Hace 8 meses","Pésimo para tomar un turno con un especialista,  se paga mensualmente por el servicio y no son capaces de tener más doctores.  Pésima atención.","","","","","Compartir","Me gusta"
"https://lh3.googleusercontent.com/a-/ALV-UjXe49jbc2ABB_7yw3HdsGk9Eii5xydGkVGn4MAFy75ZcZMAhBLnQg=w45-h45-p-rp-mo-ba3-br100","Luis Moya","Local Guide · 54 opiniones · 38 fotos","Hace 11 meses","Muy mala atención médica en Especialidad de UROLOGÍA, me cambian de fecha por 3ra ocasión. en esta ocasión me reasignan para
Fecha:	2023-10-03…","","Me gusta","1","","Compartir",""
"https://lh3.googleusercontent.com/a-/ALV-UjW9bPUZnGzClB_54DrdQUrMV1ssvf7_ERoTH0vaqCMb9vuUdMSOBw=w45-h45-p-rp-mo-ba6-br100","Byron Coronel","Local Guide · 318 opiniones · 2,572 fotos","Hace 4 años","Hospital nuevo, tiene más o menos un año, equipos nuevos, atención rápida y amable, podría decir que es de los mejores hospitales del IESS en Quito y con muchas especialidades.","","Me gusta","1","","Compartir",""
"https://lh3.googleusercontent.com/a/ACg8ocLg-tQTcmBRSC9209jaZJi7hbc3PXjERdp9G5JDLVL6pXFIDQ=w45-h45-p-rp-mo-br100","Paulina Torres","2 opiniones","Hace un año","El Hospital muy moderno, pero la atención Hospitalaria no está bien administrada....hoy día 4 de diciembre hemos sido maltratadas por la Doctora León que atiende en la Torre 1Piso 4 a un familiar con neumonía que está con estado crítico y…","","Me gusta","4","","Compartir",""
"https://lh3.googleusercontent.com/a-/ALV-UjUmWuN-oCOS-pqB5ZJAkkFsumpRtzKIw7y2ZW1emaP4R64lUlSO=w45-h45-p-rp-mo-br100","Jhoice Rios","1 opinión","Hace 2 años","La sala de emergencia pediatríca tienen enfermeras y enfermeros que estan de mal humor si se les pregunta la dosis del medicamento, los horarios que se deben administrar a los pacientes o incluso si se pasan de la hora y se les recuerda a…","","Me gusta","2","","Compartir",""
"https://lh3.googleusercontent.com/a-/ALV-UjUm60tQnPEoC3AKdEqu_x2WAcVjGwJD0qQ5FjDHbvu-h18LZdMd=w45-h45-p-rp-mo-br100","Michelle Sierra Pazmiño","1 opinión","Hace un año","Pésima atención!! Un servicio deplorable porque la mayoría de los que trabajan ahí no sirven para nada! Tienen ínfulas de grandeza cuando no tienen ni capacidad de servicio al cliente, hech@s las dueñas del hospital!! Pésimo sistema de salud!! Ganando sueldo de gratis!! Porquería de personas que juegan con la salud de los demás!!","","Me gusta","6","","Compartir",""
"https://lh3.googleusercontent.com/a-/ALV-UjXCNMTtSkHL8SKsHPB_zpzB7WI0kvdy146isNGIuvrTRzd4rSJd=w45-h45-p-rp-mo-ba4-br100","Ozonika","Local Guide · 104 opiniones · 144 fotos","Hace 2 años","Las instalaciones siguen en buenas condiciones, es amplio y cuidan la limpieza, los estacionamientos son amplios. Tiene un paso peatonal con ascensor desde los parqueaderos. La atención del personal es intermitente, hay personal amable y otros que no les importa el tiempo de los visitantes.","","Me gusta","1","","Compartir",""
"https://lh3.googleusercontent.com/a-/ALV-UjXYzNhPcmaCuMAbUjl34w121nX7POQrSt_8Efk3Hm9FOOpDvxKR=w45-h45-p-rp-mo-br100","Evelyn Luzarraga","9 opiniones · 3 fotos","Hace 2 meses","Pésima atención de algunas  enfermeras. Deberían controlar más la atención a los pacientes cuando se encuentran internados.","","","","","Compartir","Me gusta"
"https://lh3.googleusercontent.com/a-/ALV-UjX4UjYZW0V_fcAYXf8cd60AwNicuHzog49HGlkfW3alyXiqqlI=w45-h45-p-rp-mo-ba3-br100","Juan José Carvajal Proaño","Local Guide · 56 opiniones · 5 fotos","Hace 10 meses","SI PASA ALGO CON LOS TURNOS, TENGAN LA DECENCIA DE ESCRIBIR POR MENSAJE O POR CORREO ELECTRÓNICO
NO ES UN SERVICIO GRATIUITO LAS PERSONAS PAGAN TODOS LOS MESES,…","","Me gusta","1","","Compartir",""
"https://lh3.googleusercontent.com/a/ACg8ocKY0pKZvtqgVQRozMdW2aJ9k7PWV54-0AnVemhJZXFwdab_nA=w45-h45-p-rp-mo-br100","Olaf Romero","1 opinión · 7 fotos","Hace 6 años","Estuve 2 horas solo para hacer. Una curación ??? Algo mal me párese","","Me gusta","3","","Compartir",""
"https://lh3.googleusercontent.com/a/ACg8ocJp16PWU1FYaoVz2ueI72hYoeK5YLsKqaMkZVwnaVThrU0FGA=w45-h45-p-rp-mo-br100","Luis Casagallo","2 opiniones","Hace un año","No recomendado existe desorden total, los doctores prometen cirugias en una hora y luego no cumplen nadien te da razon te tienen dias y tras dias sin comer y ademas las compañera de la sala esperan materiales para las operaciones que no…","","Me gusta","2","","Compartir",""
"https://lh3.googleusercontent.com/a/ACg8ocI0kgORfU5Kbi66ToEKsTI95cYs3hV20OtWtJSsS8cOB49OOg=w45-h45-p-rp-mo-br100","Gabriela Salguero","28 opiniones · 10 fotos","Hace 2 años","En este momento! en el piso se encuentran con aire acondicionado prendido cuando la temperatura es tan baja que se están congelando!  no apagan los aires! se ha pedido a enfermería  que informe a mantenimiento que los apaguen porque es…","","Me gusta","1","","Compartir",""
"https://lh3.googleusercontent.com/a-/ALV-UjWxWpgEn3kP8c8QJbMYO51CQDf1Xfbx_0KXPyjUiWnndGcemjXrZQ=w45-h45-p-rp-mo-br100","Paty Herrera","1 opinión","Hace 4 meses","y para que ponen un numero que ni timbra?","","","","","Compartir","Me gusta"
"https://lh3.googleusercontent.com/a/ACg8ocJ3lOYEz8oeYT7fQ266AGV1YC93YRr_tj8zHut5Mxsiw-UK=w45-h45-p-rp-mo-ba3-br100","Jessica Roman","Local Guide · 49 opiniones · 47 fotos","Hace 4 años","Excelente hospital con un amplio parqueadero queda al frente de la parada calzado del trole tiene acceso para personas con sillas de ruedas la atencion es muy buena","","Me gusta","1","","Compartir",""
"https://lh3.googleusercontent.com/a-/ALV-UjXm5bBBdcwuF7RWRB3YozX2jL5ZONBE09jke6HmItFoP-Q7Ehwa=w45-h45-p-rp-mo-ba3-br100","Mario M","Local Guide · 33 opiniones · 29 fotos","Hace un año","Hospital limpio,muy bien equipado en las distintas áreas, la mayoría del personal es amable. Cuenta con parqueadero ubicado al frente cruzando el puente peatonal. En definitiva Impuestos bien invertidos.","","","","","Compartir","Me gusta"
"https://lh3.googleusercontent.com/a/ACg8ocJOie0CcfWZKz__IuN9qfECsuWNUbX1FE5gZgUDTRrUZDN4lw=w45-h45-p-rp-mo-br100","Dario Calderon","2 opiniones","Hace un año","La gente del turno de la noche muy buen trabajo, la gente del turno diurno una basura, tres diagnósticos distintos en 8 horas (ninguno se toma la molestia de leer la historia clínica), no les preocupa dejarles a los pacientes sin comer y…","","Me gusta","2","","Compartir",""
"https://lh3.googleusercontent.com/a/ACg8ocKYLE0pQ_rGhzIkk_25nS1Aouco4neofbs8S1PmKuexPBAhSA=w45-h45-p-rp-mo-br100","Vanessa Álava","5 opiniones · 3 fotos","Hace un año","Pésima atención por parte de una señorita que está en el área de terapias, hoy me acerque a entregar documentación para terapia del lenguaje y lo que me respondió que ahí no me ayudan con el turno, que me vaya al iess de chimbacalle cuando…","","Me gusta","1","","Compartir",""
"https://lh3.googleusercontent.com/a-/ALV-UjXPkvuAVr6iGyByCDpQH9To8YsMQAduTiZPPIYzlsbUg9Je7Th4=w45-h45-p-rp-mo-br100","Gabriela A.","3 opiniones","Hace 2 años","Hace 6 meses mi hija  se corto los deditos con unas latas por lo que tuvieron que suturarla varios puntos pero por seguridad también tenían que ponerle una inyección contra el tétanos. Muy lamentable la atención de las enfermeras que…","","Me gusta","1","","Compartir",""
"https://lh3.googleusercontent.com/a-/ALV-UjXmBmsCK84gZRcl5oc0NmvcymolnQsaTi5kd-4X6ukE3CSRyOsO=w45-h45-p-rp-mo-ba4-br100","Fernando Torres","Local Guide · 76 opiniones · 163 fotos","Hace 5 años","Un hospital muy moderno, con una infraestructura de alta tecnología.
Son 5 Torres, con ascensor, salas de espera.
Médicos, enfermeras, camilleros, personal de logística y administrativos son muy…","","Me gusta","5","","Compartir",""
"https://lh3.googleusercontent.com/a/ACg8ocJfDyRM4uuVm7QQ5JROxLbnfTp11343ccia0uTu_y5GiclijuNv=w45-h45-p-rp-mo-br100","Mirian Pillajo","1 opinión","Hace 2 años","Pésima atención, personal mal educado, grosero y prepotente, enfermeras no hacen ningún trabajo por los pacientes desde q ingresan duran horas y horas y el paciente sale tal cual ingreso ( herido, lastimado).
0/10 pésimo el servicio público, el dinero q aportamos es en vano.","","Me gusta","2","","Compartir",""
"https://lh3.googleusercontent.com/a/ACg8ocJhFHgaoowSUrRWQOLP-hVz8ilbE6DElDTWCY0RdLwkPZIbV_Q=w45-h45-p-rp-mo-ba2-br100","Pablo Manosalvas","Local Guide · 30 opiniones · 4 fotos","Hace 2 años","Un lugar definitivamente malo .. jamás tienen médicos y peor medicina... Se les paga puntual para una atención de excelencia ... Y si atención no llega ni mala por qué es un asco.... Si necesitan ser atendido vallan a otro lugar aquí les…","","Me gusta","1","","Compartir",""
"https://lh3.googleusercontent.com/a-/ALV-UjXXGqGHU58a1cNbG02avNrfF1YQhVEOcKByOa-dRlpCs3Tgmrh4=w45-h45-p-rp-mo-br100","Luis Collahuazo","25 opiniones · 2 fotos","Hace un año","A mi me han atendido bien tanto el personal médico como en farmacia, al gobierno hay que exigir qué pague la deuda y que se revise la atención a familiares y seguro campesino.","","","","","Compartir","Me gusta"
"https://lh3.googleusercontent.com/a/ACg8ocJIa5vRqVJgst8AvA6GGQUVmWh71QVAaOBlI3H2c5yefOEKLQ=w45-h45-p-rp-mo-br100","Johanna Añasco","4 opiniones · 1 foto","Hace 3 años","Lastimosamente tengo q comentar que a pesar de poseer todos los equipos requeridos a mi esposo no pudieron detectarle una apendicitis, y le dieron el alta medica mandandole a tomar solo suero oral, a penas salio del hospital el dolor…","","Me gusta","5","","Compartir",""
"https://lh3.googleusercontent.com/a-/ALV-UjVUj5dv9uNFL-fdUF1ol7f4viKL-JUt1zCa3PyVtl9YV_uigy-3=w45-h45-p-rp-mo-br100","CRISTHIAN CORRAL","16 opiniones · 1 foto","Hace un año","En emergencias mamá duro 3 días sabían q mi madre tenía cáncer desde que llegó y en  vez de derivar  a un hospital con oncólogo me dieron entrada aquí Si un oncólogo Lee esto y es del seguro sepan que diagnosticar cáncer con lugar y biopsia…","","","","","Compartir","Me gusta"
"https://lh3.googleusercontent.com/a-/ALV-UjXyo2-qHOm3TuHZRviT8cJFxjBHfTNo9vNXgV7vi2JZ-Ecwzs8=w45-h45-p-rp-mo-br100","Alexandra Salgado","1 opinión","Hace 6 meses","NO CONTESTAN EL NUMERO CONVENCIONAL DEL HOSPITAL. PESIMO SERVICIO","","","","","Compartir","Me gusta"
"https://lh3.googleusercontent.com/a-/ALV-UjX8RDctWS98ay0Hwn18eiwHnDjpeJAdW3bkV0AC7ncnyii0BPOu=w45-h45-p-rp-mo-br100","MONIK CARVAJAL","2 opiniones","Hace un año","Gracias a Dios hoy salió mi cuñado de ese pesimo lugar, del cuarto piso de geriatría, las enfermeras con falta de humanidad, educación es un piso donde están adultos mayores quienes merecen mucha consideración y sobre todo paciencia,…","","Me gusta","1","","Compartir",""
"https://lh3.googleusercontent.com/a/ACg8ocJCKn7v-2Ib5W9Oq0MQHU8xmqw_crB6fz6TqAa6zYAbzRtSyw=w45-h45-p-rp-mo-br100","CATHERINE BELEN PILLAJO NIETO","2 opiniones","Hace un año","No tienen insumos médicos, no hay camillas, ni ambulancias. Le sacaron en brazos a mi abuelita de emergencias. Por años pago el seguro para que ahora brinden una atención mediocre","","Me gusta","1","","Compartir",""
"https://lh3.googleusercontent.com/a-/ALV-UjUjFyc0EvoSZoZLSOsvUZay_Lyvues5RiRBRm581LmTIPiPE2d0LQ=w45-h45-p-rp-mo-ba8-br100","Diego Rivadeneira","Local Guide · 794 opiniones · 16,540 fotos","Hace 6 años","El hospital estatal más grande del país con infraestructura y profesionales de primer nivel. Atiende a todos los afiliados del sistema público de seguro social.…","","","","","Compartir","Me gusta"
"https://lh3.googleusercontent.com/a-/ALV-UjVHELi2HEOTH-seWy7evXgXdhqSEN54fwMIqx1gHEmX4zsVqlU=w45-h45-p-rp-mo-ba4-br100","Talia Acosta","Local Guide · 50 opiniones · 19 fotos","Hace 5 años","Cuenta con una infraestructura grande y moderna pero la atención es pésima. El personal parece no estar bien capacitado, y hay desorganización.
Es una pena porque da una mala imagen de la salud pública, hay centros médicos y hospitales del IESS que si dan una buena atención.","","Me gusta","4","","Compartir",""
"https://lh3.googleusercontent.com/a-/ALV-UjXld-0ytgxPCJfmxQ1zGVcOT8uVmklWBMbm82cffq-cRvHaagGFCQ=w45-h45-p-rp-mo-ba5-br100","Vanesa Vergara","Local Guide · 322 opiniones · 782 fotos","Hace 4 años","Es un hospital con infraestructura impresionante que dejó establecida Rafael Correa. La amabilidad de los doctores, enfermeras y de servicios es excelente. Una lástima que el personal de aseo y limpieza estén impagos 3 meses,ojalá alguien lo solucione.","","Me gusta","2","","Compartir",""
"https://lh3.googleusercontent.com/a-/ALV-UjVAEJKYBBApAIMPXmGxVHJc8_Zw4ahXrfkchYJJ3FmH4cVdliTL=w45-h45-p-rp-mo-ba3-br100","Maggie Egas","Local Guide · 60 opiniones","Hace 2 meses","Gran espacio de sala de espera.","","","","","Compartir","Me gusta"
"https://lh3.googleusercontent.com/a-/ALV-UjWLLIUYACBqt0_NLmVmNEOemjZqz_RH13K-SnNipGs2p-PJ3zMEIw=w45-h45-p-rp-mo-ba4-br100","Anniela Font","Local Guide · 129 opiniones · 66 fotos","Hace un año","El hospital en si tiene deficiencias pero si cuenta con médicos excelentes, agendar cita es terrible porque los turnos te dan cuando y no tienes dolencia pero vale la pena los profesionales que tiene","","Me gusta","1","","Compartir",""
"https://lh3.googleusercontent.com/a/ACg8ocLmvl9229jBc_O-i5bEBMeHxTe0YuhDAnszO8xTLfHPfVj7CRM=w45-h45-p-rp-mo-ba4-br100","Rafael Andrade","Local Guide · 102 opiniones · 7 fotos","Hace 4 años","El servicio de emergencia es malo. Los doctores piensan que uno les quiere engañar o estafar... El trato malo y despectivo.
Sin embargo, al ingresar al hospital, la atención es EXCELENTE... mejor que…","","Me gusta","1","","Compartir",""
"https://lh3.googleusercontent.com/a-/ALV-UjX8qdWCRXwXw5j1YzPQ7zbTsLw-JJnBicnjsrjZRw7t21QO934E=w45-h45-p-rp-mo-ba4-br100","Francisco Alomía Salguero","Local Guide · 81 opiniones · 85 fotos","Hace 2 años","Hoy visité el Hospital IESS. Excelente atención, con profesionales de gran nivel. Muy satisfecho con el servicio. Afíliate y contribuye al crecimiento de la seguridad social en el Ecuador.","","","","","Compartir","Me gusta"
"https://lh3.googleusercontent.com/a-/ALV-UjUCz6AH6Mf3jP_F3cU4asmP3MZSi4QCpXwYrPz2fYMQWaX4zPyQ=w45-h45-p-rp-mo-br100","Santiago Altamirano","10 opiniones","Hace 10 meses","Esperando mas de 1 mes para 1 cita medica con el especialista que vergüenza, con el dinero que se aporta podría haber pagado a parte buen especialista","","","","","Compartir","Me gusta"
"https://lh3.googleusercontent.com/a-/ALV-UjVra_3urFS3iOSbNJ17MY_bu9AS06ZZICKvqnYfQZLWvRJTBaG-Uw=w45-h45-p-rp-mo-ba6-br100","grupomusicalinticari","Local Guide · 305 opiniones · 1,489 fotos","Hace 10 meses","Si te atienden, pero lo que hay en existencia te dan y lo que no tienen debes comprar de tu bolsillo, que más toca gobernados por un bachiller.","","Me gusta","2","","Compartir",""
"https://lh3.googleusercontent.com/a/ACg8ocLsthWE9LrY6mEFeWal3Iz_hbos_p0SMdwipiiXxtIV0FG9ag=w45-h45-p-rp-mo-br100","Javier Mosquera","1 opinión","Hace 2 años","Dice ser de los mejores hospitales por su infraestructura, y atienden las emergencias en una carpa en el parqueadero. Que clase de atención es esa. Y en lluvias hasta la luz se va.","","","","","Compartir","Me gusta"
"https://lh3.googleusercontent.com/a-/ALV-UjWKjKgR-Sd4VaBfHYveQWmWexJhGU9cZCmbt8tio9BrUz6BMlw=w45-h45-p-rp-mo-br100","Jorge Allauca","4 opiniones","Hace 5 años","Fui con una fuerte migraña y vómito, me tuvieron esperando más de una hora en sala de espera, supongo que esperaban que mis síntomas se agravaran para atenderme, posterior tuve que salir y hacerme atender en un centro particular. Son lo peorsito que hay.","","Me gusta","2","","Compartir",""
"https://lh3.googleusercontent.com/a-/ALV-UjUUoDRLNwMIPc5mTSp30CRi2RGRz3Du1C-75PyYZrvAIRtmHYNk=w45-h45-p-rp-mo-br100","Victor Armas","2 opiniones","Hace 7 meses","Nose para que publican un pto numero de telefono si los van a tener apagados","","","","","Compartir","Me gusta"
"https://lh3.googleusercontent.com/a/ACg8ocLW39XEGpMi9S10ez7fKV_lcY9pdYVh6CO2A9UXdCB20HlOcw=w45-h45-p-rp-mo-br100","Edgar Santamaría","1 opinión","Hace 2 años","A nombre de mi hijo Mateo Santamaría, quién fue operado de apendicitis en éste hospital, debo agradecer por el profesionalismo y el buen trato de que fue objeto en los días que permaneció en ese lugar.","","","","","Compartir","Me gusta"
"https://lh3.googleusercontent.com/a/ACg8ocKqVJiPnUHaFJzdHY_iivpPyF4O14aHvMel_BIh8A994d2npw=w45-h45-p-rp-mo-br100","Diego Pérez","1 opinión","Hace 4 años","Pésimo servicio.
En Emergencia se demoraron 5 horas en atendernos. Todos se pasan la culpa, informaciones borradas, doctores al apuro pueden cometer negligencia, nadie sabe…","","Me gusta","2","","Compartir",""
"https://lh3.googleusercontent.com/a-/ALV-UjXnVk0fPOK8w3sTC0dfS8GxRGlKsVCAKBwdlv-S07SakCwM4tes=w45-h45-p-rp-mo-br100","Amanda Tene","14 opiniones","Hace 2 años","Buen trato al paciente  y a los familiares, mi hermana estuvo bien atendida 😊,  creo que debería mejorar el flujo de información sobre las condiciones de los pacientes.…","","","","","Compartir","Me gusta"
"https://lh3.googleusercontent.com/a-/ALV-UjUoi5iJ7R_vdRl20lNxbjc3JyHo55WdF2xVfMu88acCmWN_d7qj=w45-h45-p-rp-mo-br100","gabriela Gorotiza","1 opinión","Hace 5 años","No me gusto ami bebe de 5 meses la lleve el viernes porque esta con mucha fiebre 🤒 y ayer sabado también. La lleve porque seguia con fiebre 🤒 y con malestar 🤱 y me dicen que es algo normal y solo le mandaron paracetamol nada mas y sige mal…","","Me gusta","1","","Compartir",""
"https://lh3.googleusercontent.com/a-/ALV-UjU9y1N85FSaPVx59pC2DG-vPKIGTvOfbn5HrcIr-CzJRTQvgdGd=w45-h45-p-rp-mo-br100","jhonathan g","1 opinión","Hace 3 años","primeramente buen.s D,T N. en el area de traumatologuia un medico (no dire el nombre) me iva a operar y no conocio el riesgo luego me entero q si me operaba me dejaba sin movilidad y otro mas bueno me mando terapia ni eso me mandon son…","","","","","Compartir","Me gusta"
"https://lh3.googleusercontent.com/a/ACg8ocJRslExQ4kdIvotTvNiQZuaR4TiZESMAvHfx-A76uSCxYasrQ=w45-h45-p-rp-mo-br100","Luis Montero","1 opinión · 1 foto","Hace un año","Gracias  al trabajo tesonero de Rafel Correa. El Ecuador tiene lindos hospitales, escuelas del miliños, centros médicos , pero ahora con Lasso no hay medicinas....","","","","","Compartir","Me gusta"
"https://lh3.googleusercontent.com/a-/ALV-UjUpPm3xaEXgX2ld-8cqQUceN63iVBW1db-lS4l1pAtsfdNwTtBcow=w45-h45-p-rp-mo-ba6-br100","Sam Zljr","Local Guide · 184 opiniones · 38 fotos","Hace 2 años","La mayor parte de enfermeras, enfermeros, licenciados en enfermería, médicos no tienen ética profesional dan un pésimo servicio médico, no les importa la vida de los pacientes, hay muy pocos médicos y personal que hacen bien su función en el hospital, es muy triste la situación que se vive en ese hospital.","","Me gusta","4","","Compartir",""
"https://lh3.googleusercontent.com/a-/ALV-UjX7sBLRJmtBWuwqNZZ44Levei936tgG3VDe7cjXIBgHOB8VKJKkQg=w45-h45-p-rp-mo-br100","꧁༒Romero Rolando༒ ꧂","8 opiniones · 301 fotos","Hace 4 años","Hoy 01/07/2019 visité por primera vez este hospital , la infraestructura es impactante, muy moderno, lastimósamente en derivaciones un personal de presencia buena pero que trata mal a los afiliados, por otra parte me enviaron a otra…","","","","","Compartir","Me gusta"
"https://lh3.googleusercontent.com/a-/ALV-UjVjKVCtCJPA34mxVlwWm6DQEYDjT1SkyyQ54GTjtooql9DDyr0apw=w45-h45-p-rp-mo-ba4-br100","Daniel Rodriguez","Local Guide · 26 opiniones · 101 fotos","Hace 3 años","Mi recomendación es que pregunten a cada rato por su familiar porque no te dicen nada mejor si puedes ni salgas de sala de espera.... y otra son como la vr?@ los guardias de ahí desconsiderados en la horas de la noche, en todas horas pero ya ni modo toca aguantar por que es público 😪…","","Me gusta","1","","Compartir",""
"https://lh3.googleusercontent.com/a-/ALV-UjX8Q8vAtTaUFHq6k7pQCflyXjSP0LipervobFbSK0L05kyHDlHyTQ=w45-h45-p-rp-mo-ba5-br100","Kenneth Vera","Local Guide · 372 opiniones · 566 fotos","Hace 6 años","En este momento el apuntador está mal colocado, pues está ubicado en las calles Moraspungo y Pinllopata, junto al parque Lineal del Río Machángara. Construido en un  área de 21.860 m2.…","","Me gusta","8","","Compartir",""
"https://lh3.googleusercontent.com/a-/ALV-UjXEtHCXqKaMhNSpDIB9VDfdxb5NlqXy8a1-QOLHyNyXIamnsaAy=w45-h45-p-rp-mo-ba4-br100","Juan Carlos Yanez Villacis","Local Guide · 50 opiniones · 195 fotos","Hace un año","Una hora disque cambio de turno y no asoma nadie. Éramos cuatro para atendernos y ya somos casi 30. Ni un responsable ni una palabra.","","Me gusta","1","","Compartir",""
"https://lh3.googleusercontent.com/a-/ALV-UjXN9rd_I_m6MguV6Cdkke53rscMGnuxnJR3ZgQ7FdG_p7WeFjBr=w45-h45-p-rp-mo-ba5-br100","Alex Campaña Jijon","Local Guide · 433 opiniones · 641 fotos","Hace un año","Buena atención cuando se está agendado. Para agendar si es un problema porque todo está copado por la demanda que hay de atención.","","","","","Compartir","Me gusta"
"https://lh3.googleusercontent.com/a/ACg8ocLxvR6MqKUZd796wla5HCyX4P6rlLhJqc9JWmo-ynhlrrsNKw=w45-h45-p-rp-mo-br100","Sandra Noboa","1 opinión","Hace 5 años","Yo he asistido con estudiantes del colegio donde trabajo ,son hijos de afiliados,entran inmediatamente y toman signos vitales ,se espera un tiempo prudencial para que les atiendan y les hagan los procedimientos,en mi opinion la,atencion es muy buena","","","","","Compartir","Me gusta"
"https://lh3.googleusercontent.com/a-/ALV-UjUhy4O3_POuQENItbLejS0Zszx__tr5IfkdhA9EJDBplY6udyXJYw=w45-h45-p-rp-mo-ba6-br100","EDD","Local Guide · 523 opiniones · 5,187 fotos","Hace 6 años","Moderno hospital 🏥 en el sur de Quito que ayuda a descongestionar la atención clinica de los afiliados del IESS, lo negativo es que falta personal de enfermeria y medicos especialistas... Pero la infraestructura es de primera.…","","Me gusta","1","","Compartir",""
"https://lh3.googleusercontent.com/a/ACg8ocJKD8dKzcO4-OXy_oN_s6QzOj1BI-fiTCY6xvlcVrXr4jUz1Q=w45-h45-p-rp-mo-br100","Catherine Pillajo","1 opinión","Hace 2 años","Pésima atención, mi suegro ingreso el martes por Covid y hasta el día de hoy no sabems nada, nadie da información y mi suegro no tiene teléfono, todos estamos muy preocupados, alguien me puede decir algún número para averiguar, reclamar o saber algo de mi suegro gracias.. Este pésimo servicio debe ser denunciado.","","Me gusta","1","","Compartir",""
"https://lh3.googleusercontent.com/a-/ALV-UjU5SNdilPlbKEWr51NfpOvbvPY8YXh4fS9rVy3dTXDJDEliV_h1=w45-h45-p-rp-mo-br100","Paola Ruiz","4 opiniones","Hace un año","Pésimo 7 horas para ser atendidos 1 solo medico","","Me gusta","1","","Compartir",""
"https://lh3.googleusercontent.com/a-/ALV-UjVdK8YCvSkAQ1n38M2d5KpsZI6oLcyNsvchIgoYNTkdrKQFruY=w45-h45-p-rp-mo-ba3-br100","Freddy Lituma","Local Guide · 27 opiniones · 119 fotos","Hace un año","Excelente servicio, todo el personal da una buena atención principalmente los médicos","","","","","Compartir","Me gusta"
"https://lh3.googleusercontent.com/a-/ALV-UjXAZ4QMYODwIC9cboP7LfZDOjJOjgzlR5Ffh7uZpUQheR48zLiYbg=w45-h45-p-rp-mo-ba2-br100","Lizeth Paucar","Local Guide · 12 opiniones","Hace 5 años","Como puede ser posible que estando con la mano fracturada le envíen a casa y no hagan el tramite para transferencia de inmediato... Muy mala atención","","","","","Compartir","Me gusta"
"https://lh3.googleusercontent.com/a-/ALV-UjWovl9YCtDtARssGti1LHaL7mQyoXu-XFgOuBh2ln06YYq-3m-9=w45-h45-p-rp-mo-ba4-br100","Lorena Mayancela","Local Guide · 135 opiniones · 6 fotos","Hace un año","El número que está en la página de Google, jamás contestan, se llama y se cierra automáticamente.
La espera es demasiada, hasta para la emergencia.","","Me gusta","1","","Compartir",""
"https://lh3.googleusercontent.com/a/ACg8ocKB86uz6z_weORfCTaV1qAn-OZDN9mk8h1bJgliDdwMSzAeVc0=w45-h45-p-rp-mo-ba3-br100","alex vinces bsc","Local Guide · 16 opiniones · 27 fotos","Hace un mes","Eficiente","","","","","Compartir","Me gusta"
"https://lh3.googleusercontent.com/a-/ALV-UjXWNn1PilxDNPGc5U_yeuDNogb-HsNN-OdCVYu73-PiS9wKbYFm=w45-h45-p-rp-mo-ba4-br100","Ricardojavier velasco rodriguez","Local Guide · 99 opiniones · 12 fotos","Hace 2 años","Es un verdadero hospital de varias especialidades médicas y atienden muy bien","","","","","Compartir","Me gusta"
"https://lh3.googleusercontent.com/a-/ALV-UjUrIu8SFDD3ghMwc3icsLdrElFjMmy0WuZOkwBDL1nZ20vVC9o=w45-h45-p-rp-mo-br100","Marisol Jacome","2 opiniones","Hace 4 meses","Excelente atención bendiciones","","","","","Compartir","Me gusta"
"https://lh3.googleusercontent.com/a-/ALV-UjXYvCSa1BT7KQf43Uc8ENLhMqHlfxMJ1NDhJB8dxdaEYQX0AhRKYg=w45-h45-p-rp-mo-ba4-br100","N G","Local Guide · 126 opiniones · 52 fotos","Hace un año","Excelente hospital, buen servicio, personal capacitado.","","","","","Compartir","Me gusta"
"https://lh3.googleusercontent.com/a/ACg8ocLZ-FHBGOIZBAbyRVMneWovaVZa-LiaKoh2_fNj772DaNYk0A=w45-h45-p-rp-mo-ba5-br100","Klever Andrade","Local Guide · 336 opiniones · 628 fotos","Hace 5 años","Ten8a cita sacada hace 45 días y c7ando llegue me informaron que reagendaron las citas y la mía fue hace 20 días, nunca fui informado las instalaciones son de primera","","","","","Compartir","Me gusta"
"https://lh3.googleusercontent.com/a/ACg8ocL9fDsndlKcbKWrR0zRVreOzSnzLzr-8ESQCSjnyhqXiaJp6g=w45-h45-p-rp-mo-br100","Alfonso Roberto Naranjo Suarez","2 opiniones","Hace 5 años","El servicio y trato al paciente........juegan con el dinero y sobre todo la vidavida afiliado como puede ser posible que una paciente entre por emergencia grave y no den una razón de como se encuentra ya 5 HORAS","","Me gusta","1","","Compartir",""
"https://lh3.googleusercontent.com/a-/ALV-UjW5FdwY6wO1MlL-bzf3TWahGw6QmIiqXqu0U-blNrBi74cyoZP7=w45-h45-p-rp-mo-ba5-br100","Maritza Andrade J","Local Guide · 211 opiniones · 464 fotos","Hace 5 años","Excelente atención muy organizado.  Tienen consideración con el usuario.  Infraestructura de primera.. es la primera cita   cero quejas del usuario.","","","","","Compartir","Me gusta"
"https://lh3.googleusercontent.com/a-/ALV-UjUhafoepNhFTIdMX50-QkBquhCuqBQa8xikNYujdI3h9E6XMt7z=w45-h45-p-rp-mo-ba3-br100","Sofia Vinueza","Local Guide · 12 opiniones · 82 fotos","Hace un año","La verdad es que siempre falta organización de parte de las y los señores de Enfermería y auxiliares aunque hay suficiente personal","","","","","Compartir","Me gusta"
"https://lh3.googleusercontent.com/a/ACg8ocLA81hS7R7TnqJdMKrU37zSiHW6AHEU5TuiZMGi0k_YY3K_gg=w45-h45-p-rp-mo-br100","Brenda Martinez","1 opinión","Hace 4 años","Atención pediátrica en emergencia excelente, muy amables y eficientes los doctores en general, el personal.","","","","","Compartir","Me gusta"
"https://lh3.googleusercontent.com/a-/ALV-UjX-7nESXFal6gU0ikWZtVxNXXPNGCCSxrNWg8TE0Z9oAHT4njFseA=w45-h45-p-rp-mo-br100","Jeanneth Còrdova","8 opiniones · 2 fotos","Hace 4 años","Pesima atención x los medicos de oftalmologia uno se va x emergencia y te atienden cuando a ellos les da la gana","","","","","Compartir","Me gusta"
"https://lh3.googleusercontent.com/a-/ALV-UjU2qs7_Y7qSuUsbhvht8MLRTVUM6tr71IxghXQTdx-LyRKi0l3vsA=w45-h45-p-rp-mo-br100","Isabel U","3 opiniones","Hace 2 años","Muy buena atención en el ámbito clínico pos operatorio y covid tanto de enfermeras y doctores","","Me gusta","1","","Compartir",""
"https://lh3.googleusercontent.com/a-/ALV-UjX7a7ZUGM5d4ch13u1q6hV3lTH9wLCKSthFXYrWSuapBYSAcNQNAw=w45-h45-p-rp-mo-ba4-br100","Juan Suarez","Local Guide · 26 opiniones · 38 fotos","Hace un año","La atención es excelente lo único malo que no hay la mayoría de medicamentos","","","","","Compartir","Me gusta"
"https://lh3.googleusercontent.com/a-/ALV-UjXQDWN8FwRoFXsmVN_ZhzNgFJzm6g10lCsu4EXmIJq9gtNh-5k7Kw=w45-h45-p-rp-mo-br100","Wilson Quishpi","25 opiniones · 122 fotos","Hace un año","Hospital muy acogedor con una buena infraestructura.👌…","","","","","Compartir","Me gusta"
"https://lh3.googleusercontent.com/a-/ALV-UjVXuCfHBRPUDFE2rr2___kjp4PMwvJxjpKQzlKFO6r3gp6LpILA=w45-h45-p-rp-mo-br100","Pamela Cruz","4 opiniones · 1 foto","Hace 2 meses","Exelente atención","","","","","Compartir","Me gusta"
"https://lh3.googleusercontent.com/a-/ALV-UjXykNBCfqcbPy5XMUlFcKkQo7Wefx-r7thCXuTvmZWaDtwd5yhT=w45-h45-p-rp-mo-ba3-br100","Mauricio Pazmiño Gómez","Local Guide · 28 opiniones · 42 fotos","Hace 3 años","No hay donde parquear los autos. Por el momento no activan el uso de los parqueaderos ni para emergencias","","","","","Compartir","Me gusta"
"https://lh3.googleusercontent.com/a/ACg8ocKnauVgSOlER9qQeA056WzUQFtqri5H73XUvvygCmTC79CJ0A=w45-h45-p-rp-mo-br100","irlanda Marcillo","5 opiniones","Hace un año","No tuve problema, ya tengo la cita médica. Para el miércoles 27","","","","","Compartir","Me gusta"
"https://lh3.googleusercontent.com/a-/ALV-UjVjEevWaZRaXGQ-vHmahtAwa0HYmC_g4CfmWdilIE9H0901f1CPcQ=w45-h45-p-rp-mo-ba4-br100","Silvia Brito","Local Guide · 29 opiniones · 286 fotos","Hace 5 años","Un enorme hospital, excelente infraestructura; pero aún tiene que mejorar la atención al público.","","Me gusta","1","","Compartir",""
"https://lh3.googleusercontent.com/a-/ALV-UjXs7_jomJjAzDBXCTiX6ZlnrJ4fG4qV4K6uwInUr7YPAM2VhWR3=w45-h45-p-rp-mo-ba4-br100","Fabricio Llumiquinga","Local Guide · 71 opiniones · 240 fotos","Hace 4 años","Amplias instalaciones, aseado, la atención del personal es buena, son amables. Cuenta con múltiples estacionamientos.","","","","","Compartir","Me gusta"
"https://lh3.googleusercontent.com/a-/ALV-UjU2XMe5N3UX8q27ksHPUVcQEeSQgHweUyixmH4LOlyGH_XipGc=w45-h45-p-rp-mo-br100","leo mera","2 opiniones","Hace 2 años","Estoy   Aquí desde  las 11 de la noche  son la 1 y 10 del madrugada  y no me atiende  nadie  no se para que pago  si no te atiende  nadie","","","","","Compartir","Me gusta"
"https://lh3.googleusercontent.com/a/ACg8ocJdMSa63z9TK61vRsTE_7TAJYRWXJxP8afB3krf8oTUhqciyQ=w45-h45-p-rp-mo-ba4-br100","Daniel V.","Local Guide · 73 opiniones · 208 fotos","Hace 4 años","Es uno de los mejores hospitales públicos de la capital, sin embargo seria ideal que se agregan nuevas especialidades","","","","","Compartir","Me gusta"
"https://lh3.googleusercontent.com/a-/ALV-UjXK7kaAx7JrRwF-AtzKxReErbbq0eC9vfkSlp_qpNUCPtD7g2Y=w45-h45-p-rp-mo-ba3-br100","Oscar García","Local Guide · 38 opiniones · 59 fotos","Hace 5 años","Uno de los hospitales más modernos de la Seguridad Social. Excelente personal e infraestructura.","","Me gusta","2","","Compartir",""
"https://lh3.googleusercontent.com/a-/ALV-UjXvo9rdJlKc-s3_oMTOR1PAy0GWDqCmZUjV9G3QeJpW1MYbJNvH=w45-h45-p-rp-mo-ba5-br100","Alejo Baldeón","Local Guide · 193 opiniones · 130 fotos","Hace 5 años","Bastante moderno pero hay algunos servicios que no se ofrecen, como endoscopias","","","","","Compartir","Me gusta"
"https://lh3.googleusercontent.com/a-/ALV-UjU6O7Tb_EEi5beK6_HKrzXmFxvy16E2kY_jPCORtc96bFzcYM3O=w45-h45-p-rp-mo-br100","Carlos Romero","1 opinión","Hace un año","POR FAVOR PONGAN EL NOMBRE DE LAS CALLES Y AVENIDAS, es tan dificil poner esa información?","","","","","Compartir","Me gusta"
"https://lh3.googleusercontent.com/a/ACg8ocLUx5CKmqSGI1osnVuyH3EhWsttj0EWWrcec6z4ZKO6Q_UTzg=w45-h45-p-rp-mo-ba4-br100","Leonardo Álvarez","Local Guide · 79 opiniones · 1 foto","Hace un año","Limpio,ordenado, rápida atención. Un lujo de hospital","","","","","Compartir","Me gusta"
"https://lh3.googleusercontent.com/a-/ALV-UjXTTp1WVxolDIJIZhaxGzOOYOKbYfJHsOIGrCm5G3HGTdjdz51l=w45-h45-p-rp-mo-ba4-br100","William Vásquez","Local Guide · 83 opiniones · 115 fotos","Hace un año","Cuál es el motivo de no atender una emergencia oportunamente?","","","","","Compartir","Me gusta"
"https://lh3.googleusercontent.com/a-/ALV-UjWHWeo-QExCzEN2Icck0vAHFt05Xk5hzSvYVqx8QVFYytU2mxYI=w45-h45-p-rp-mo-ba4-br100","Marco A. Páez S.","Local Guide · 73 opiniones · 195 fotos","Hace 6 años","Gran infraestructura, excelentes instrumentos, falta aún mejorar la atención por ser nuevo.","","Me gusta","1","","Compartir",""
"https://lh3.googleusercontent.com/a-/ALV-UjWlpds3Ak6wZEGsalOsLvvtBVXC7aCjwpHA-5SqV5efcy_tGA4=w45-h45-p-rp-mo-br100","Sergio Molina","3 opiniones · 3 fotos","Hace 2 años","Gracias por la oportuna atención a mi padre durante la emergencia sanitaria por COVID-19","","","","","Compartir","Me gusta"
"https://lh3.googleusercontent.com/a/ACg8ocKDMCIuEnmThcD6kJsf0wcxtY1olNe13eWHme-lQyVAp_9WnQ=w45-h45-p-rp-mo-br100","Ing Pablo Vinicio Salazar J","3 opiniones · 3 fotos","Hace 4 años","mala atencion y servicio. Makltrato a pacientes y parientes. Mal manejo de informacion de los pacientes.","","","","","Compartir","Me gusta"
"https://lh3.googleusercontent.com/a-/ALV-UjXfFKs1WYpYFcujoJ5uWL3HUfP4zoU0tPXYe68H0fhnUIPP01WW=w45-h45-p-rp-mo-ba5-br100","Luis Martìnez Suarez","Local Guide · 268 opiniones · 342 fotos","Hace un año","Una mejora impresionante, tanto equipos como atención.","","","","","Compartir","Me gusta"
"https://lh3.googleusercontent.com/a/ACg8ocIxD0qBt8xmQqOyjGHImJgTwZAdXgISqU3JiyDgRb1menGnog=w45-h45-p-rp-mo-ba5-br100","Carlos Arellano","Local Guide · 212 opiniones · 5 fotos","Hace 11 meses","Buena atención, oportuna y profesional","","","","","Compartir","Me gusta"
"https://lh3.googleusercontent.com/a-/ALV-UjXqwhg14yl9-6_ULiM-MOwr-r9JYP_FD4I4wqWEkBNazWl-jC1k=w45-h45-p-rp-mo-br100","TRABAJO SOCIAL","2 opiniones","Hace 5 meses","POR FAVOR AYÚDENOS CON UN # DE TELÉFONO POR CUANTO EL QUE TENEMOS NO CONTESTAN , 023982700. IESS ESMERALDAS . NECESITAMOS COMUNICARNOS CON USTEDES COMPAÑEROS","","","","","Compartir","Me gusta"
"https://lh3.googleusercontent.com/a-/ALV-UjVnCa9YM_Jzi4oSstjRbrlDcaE5E4DjrAShkBkx1bellavvctsOiQ=w45-h45-p-rp-mo-br100","Daniel V","8 opiniones","Hace 5 años","Fatal,  3 Drs. Para emergencia,  mas de 2 horas con un dedo roto y ni una pastilla para el dolor","","","","","Compartir","Me gusta"
"https://lh3.googleusercontent.com/a-/ALV-UjWEGNXLVgblgmcoq2RPJ-LTA6NAWn_w5j5l4AvSx-OFpQugA6Bt=w45-h45-p-rp-mo-br100","Mishel Rodrìguez","7 opiniones · 1 foto","Hace 3 años","Desagradable ese hospital solo ven los beneficios y no les importa la vida","","Me gusta","1","","Compartir",""
"https://lh3.googleusercontent.com/a-/ALV-UjXXBneV9mKIztxNDr0ifJ0KmX9R60uTw3Q7aQ99e6L8OE0kZpPoNA=w45-h45-p-rp-mo-ba6-br100","A M","Local Guide · 416 opiniones · 2,372 fotos","Hace 3 años","Ojalá la atención fuese tan linda como el edificio","","Me gusta","1","","Compartir",""
"https://lh3.googleusercontent.com/a-/ALV-UjXRfRx3uaQh4k5lLpgQrlaUpQAZfO4a4XX1pNzo6rjWBEpQ8wJwPw=w45-h45-p-rp-mo-br100","Xavo Bermeo","16 opiniones · 1 foto","Hace 2 años","Profesionales muy capacitados y atención excelente","","","","","Compartir","Me gusta"
"https://lh3.googleusercontent.com/a/ACg8ocKxO4zu7UZvgmnPAnurNm37XoS-T7CkfRdTTYgKgjx4WN6sVw=w45-h45-p-rp-mo-br100","Xavier Brito","1 opinión","Hace un año","Hora y media esperando en TRIAGE y nadie atiende","","","","","Compartir","Me gusta"
"https://lh3.googleusercontent.com/a-/ALV-UjWYwV5xVecjgwm81JXgJdDa95eDR4cp93BT76OxAtPy2KLTx-dEpA=w45-h45-p-rp-mo-br100","Adrián Zambrano","3 opiniones · 6 fotos","Hace 6 años","Excelente atención, equipos modernos. El papeleo hay que mejorarlo.","","","","","Compartir","Me gusta"
"https://lh3.googleusercontent.com/a-/ALV-UjUwApx7QmliEcjwsphILQKmcL7qOPYO_ZeJTdwy5NqQHgY6WGg=w45-h45-p-rp-mo-br100","Jesus morales","6 opiniones · 5 fotos","Hace 2 años","Atención rápida, los vigilantes son los únicos groseros","","","","","Compartir","Me gusta"
"https://lh3.googleusercontent.com/a-/ALV-UjUnRcplFvmMGHR4fhM9oq07cJlVw6FzadVsYF6Yfqr0MVUVUtgL=w45-h45-p-rp-mo-br100","Caiza Alex","1 opinión","Hace 2 años","Ponen un numero telefónico 023982700 y ni contestan deberían de tener algún numero donde uno pueda pedir información.","","Me gusta","1","","Compartir",""
"https://lh3.googleusercontent.com/a-/ALV-UjXUiWuHq9mQ8uRsiUWERUjYynB7g-_b40MQ6WrjaNN9iP4G_Y9w=w45-h45-p-rp-mo-br100","Edwin Cruz","2 opiniones","Hace 3 años","Contestén el Teléfono  para q tienen no pueden dar resultados rapidos ?¿","","Me gusta","3","","Compartir",""
"https://lh3.googleusercontent.com/a/ACg8ocLnTF1tOGmRCglv9V7x2ZOxR_fGjSfXnk3DjWeB4nt-Q58k-A=w45-h45-p-rp-mo-ba3-br100","Luis Romero","Local Guide · 25 opiniones","Hace un año","La atención es muy lenta","","","","","Compartir","Me gusta"
"https://lh3.googleusercontent.com/a-/ALV-UjWzLnvlY8oB50KcLZp0VKmDldnQKI_JpoCVQxzMg6HNhFoneeKR-g=w45-h45-p-rp-mo-ba4-br100","Silvia Alvarez Benalcázar","Local Guide · 68 opiniones · 119 fotos","Hace 5 años","Es una belleza el lugar y la atención. Un poquito de paciencia y listo","","","","","Compartir","Me gusta"
"https://lh3.googleusercontent.com/a-/ALV-UjUWjVOyyEfTYRrZM8Ieoh19n1WcR4K7zMGo8T1dtlEQoBWcGIKY=w45-h45-p-rp-mo-br100","Jorge Revilla","39 opiniones","Hace un año","Nos atendieron muy bien","","","","","Compartir","Me gusta"
"https://lh3.googleusercontent.com/a-/ALV-UjUVYnnSXQ2UxdkF5stvWPK9W9w43vGFVMGTfne_S0T9LlvLgXRJ3A=w45-h45-p-rp-mo-ba3-br100","Santiago Simi","Local Guide · 21 opiniones · 25 fotos","Hace 5 años","Atienden rápido fui por emergencia","","","","","Compartir","Me gusta"
"https://lh3.googleusercontent.com/a/ACg8ocKdTHWXXcuHzGriecs1SlGpMJqopeMvShl7kjpVpF26U_B-SBQ=w45-h45-p-rp-mo-ba3-br100","Alexandra Mantilla","Local Guide · 32 opiniones · 9 fotos","Hace 4 años","Me gusta la organización y atención del personal.","","Me gusta","1","","Compartir",""
"https://lh3.googleusercontent.com/a-/ALV-UjUrAxYn9D4i4JqcoVI54mx4h6BNgTylLrLCHcMJlL97C1mMeV4=w45-h45-p-rp-mo-ba5-br100","Lusshho","Local Guide · 152 opiniones · 712 fotos","Hace 5 años","La unidad de clowns Sysa HQSur es lo máximo!","","","","","Compartir","Me gusta"
"https://lh3.googleusercontent.com/a-/ALV-UjW6p4lQUSPRf5FDM7ZdNfdU4N8hMZWFQjQzpX-qIxBXxbgE9H3_wQ=w45-h45-p-rp-mo-ba3-br100","manuel guacapiña","Local Guide · 17 opiniones · 95 fotos","Hace 6 años","Esperemos que siga así con una buena atención al publicó siempre","","","","","Compartir","Me gusta"
"https://lh3.googleusercontent.com/a-/ALV-UjWJ__R6ZCcpdcEpG1mH3FgpntY-tfe7Y4UdCtOp-PF9u-lqNDzS=w45-h45-p-rp-mo-ba4-br100","Jose Yepez","Local Guide · 89 opiniones · 273 fotos","Hace 6 años","Muy moderno y excelente atención","","Me gusta","1","","Compartir",""
"https://lh3.googleusercontent.com/a/ACg8ocL_xjZU12896m2VLo8u4GPcQ7FloL3wBvnLtRv0xo03iYOnog=w45-h45-p-rp-mo-ba4-br100","Salome Jimenez","Local Guide · 136 opiniones · 294 fotos","Hace 5 años","Limpio y el parqueadero es grande..","","","","","Compartir","Me gusta"
"https://lh3.googleusercontent.com/a-/ALV-UjXxqjKyHICMJkgifLn91mvbkjcd1M2hOUDwbFr2b_aoNsZPf5aX=w45-h45-p-rp-mo-br100","Robert Navarrete","34 opiniones","Hace 3 años","Excelente muy buena atención","","","","","Compartir","Me gusta"
"https://lh3.googleusercontent.com/a-/ALV-UjXXYfLaZMdgqYFVUZ9h-CU6J8TEM03hK3E5tXqTmsVGn5IOvw50=w45-h45-p-rp-mo-br100","Luis Felipe A Quito","10 opiniones","Hace 2 años","Pesimo como todo lo del Iess","","Me gusta","1","","Compartir",""
"https://lh3.googleusercontent.com/a-/ALV-UjU0Ahfe0a64Pc0rclGhZ6R99zTwf1-m4d3rdoRozo8hpe6nOs8frQ=w45-h45-p-rp-mo-ba3-br100","Dar","Local Guide · 31 opiniones · 62 fotos","Hace 5 años","La atención fue aceptable","","","","","Compartir","Me gusta"
"https://lh3.googleusercontent.com/a-/ALV-UjUop8h-xHOAOz1T8IFHMPz7O5_OIWjVuydizLrAHfXSrqL1uSx69w=w45-h45-p-rp-mo-ba4-br100","Jawi Delgado","Local Guide · 59 opiniones · 133 fotos","Hace 3 años","Buena atención y buenas instalaciones","","","","","Compartir","Me gusta"
"https://lh3.googleusercontent.com/a-/ALV-UjV37MaKD1asxFWFD3MVqB-tsPET5OrRQKP5LC63SI5Ft7Gr39Qv=w45-h45-p-rp-mo-br100","Mercedes Zambrano","14 opiniones · 4 fotos","Hace un año","Buena","","","","","Compartir","Me gusta"
"https://lh3.googleusercontent.com/a-/ALV-UjX-jH-oVLCMGqGsTcmEUnvtA36NF9KuoVIle3p1zHdM_wGXxvU=w45-h45-p-rp-mo-br100","Jessica Vivanco","2 opiniones","Hace 2 años","Pésimo servicio","","","","","Compartir","Me gusta"
"https://lh3.googleusercontent.com/a/ACg8ocLzqNErs9OtGYPVCGx4QZpSLFh7IsIf19i4m4q9HoaB845b8A=w45-h45-p-rp-mo-br100","Jorge Tapia","4 opiniones","Hace 2 años","Exelente","","Me gusta","1","","Compartir",""
"https://lh3.googleusercontent.com/a-/ALV-UjVUNissiH_kbedfbh5qTJ4-2OayvFOrOBuwlZ5yikk8epT6bIm2Aw=w45-h45-p-rp-mo-br100","Julio Pincay","63 opiniones · 568 fotos","Hace 2 años","Excelente","","","","","Compartir","Me gusta"
"https://lh3.googleusercontent.com/a-/ALV-UjUW6cQN5p5GzA4G6KrNFrH3cHEt3hyAB2PBdPkxV1OfoKr8RKDw4w=w45-h45-p-rp-mo-br100","Telma Macias","1 opinión · 1 foto","Hace 5 años","Es muy buena","","Me gusta","1","","Compartir",""
"https://lh3.googleusercontent.com/a-/ALV-UjW_tBD9QIP1uBZedsNTWn2_OWZ99m-TQY4ifmqrZeyuP3hDRQ8=w45-h45-p-rp-mo-ba5-br100","Marco Tipanquiza","Local Guide · 531 opiniones · 39 fotos","Hace 2 años","Aceptable","","","","","Compartir","Me gusta"
"https://lh3.googleusercontent.com/a-/ALV-UjUWo3vWdTcIfTwtiWWeFUEaVyPyS6H9gYMAguS3j4HB7BWSbzBo=w45-h45-p-rp-mo-br100","José Matute","122 opiniones · 3 fotos","Hace 2 años","Excelente atención","","","","","Compartir","Me gusta"
"https://lh3.googleusercontent.com/a-/ALV-UjVC2YosSSBHghhq_jtxSWk2LWT4OMPGe55HSvQKAhPonSUOGG_V=w45-h45-p-rp-mo-ba3-br100","Germanico Villegas","Local Guide · 77 opiniones · 16 fotos","Hace un año","Atención buena","","","","","Compartir","Me gusta"
"https://lh3.googleusercontent.com/a-/ALV-UjXp-uH4ud5dw88RnnAfsGgw1uzvMMlolQU3R8KM-V29QNMuasSf=w45-h45-p-rp-mo-br100","Priscila Aguirre","5 opiniones · 8 fotos","Hace un año","😉…","","","","","Compartir","Me gusta"
"https://lh3.googleusercontent.com/a-/ALV-UjUU6pp2eKs3FKlzzzdEaZ3K-9RfkO6alB8otcHtlpNQTOOFQzes=w45-h45-p-rp-mo-br100","Jonathan Méndez","1 opinión · 2 fotos","Hace 6 años","Excelente hospital","","","","","Compartir","Me gusta"
"https://lh3.googleusercontent.com/a/ACg8ocIc94S6hwC2F17bFlCTe0leF9-rnGUBdFbGcUbKr5m0jURvwg=w45-h45-p-rp-mo-br100","Juankaconstruye","10 opiniones · 2 fotos","Hace 6 años","Atención rápida en emergencias","","","","","Compartir","Me gusta"
"https://lh3.googleusercontent.com/a-/ALV-UjWI-k-y246DljhHHaVPazyQWV0VhDUr4l5jy06YfWb1ZAhi2kI=w45-h45-p-rp-mo-ba5-br100","Christian raul Luna tutiven","Local Guide · 185 opiniones · 283 fotos","Hace 3 años","IESS para el sur de Quito","","","","","Compartir","Me gusta"
"https://lh3.googleusercontent.com/a/ACg8ocLcnekAeL9w8RWdmx5nXn4q8oe3xGKwTx62KMP2DRXST9yHIg=w45-h45-p-rp-mo-ba4-br100","Juan Pablo Lagos","Local Guide · 126 opiniones · 40 fotos","Hace 6 años","Excelente lugar","","","","","Compartir","Me gusta"
"https://lh3.googleusercontent.com/a-/ALV-UjVZhl3WPSOjSnWscyqA4I6PzScF1ua9IUekDX2qE3Ifdot11N5E=w45-h45-p-rp-mo-br100","Jose Carrera","1 opinión · 1 foto","Hace 4 años","Es un asco","","","","","Compartir","Me gusta"
"https://lh3.googleusercontent.com/a-/ALV-UjWhDa9y9ne4pN82RQzF8NUCLfZBp9w3pi-ZfnVEDPBq3G1q_H4=w45-h45-p-rp-mo-ba3-br100","Aracely Vidal","Local Guide · 49 opiniones · 4 fotos","Hace 2 años","Buena atención.","","","","","Compartir","Me gusta"
"https://lh3.googleusercontent.com/a/ACg8ocL2Q4I3rdg_0g8mRA6BRoz7lFBD3gCkKvZ074-EeUelmh2FMW4=w45-h45-p-rp-mo-br100","CARLOS SOTOMAYOR VERGARA","41 opiniones","Hace 4 años","Felicitaciones","","","","","Compartir","Me gusta"
"https://lh3.googleusercontent.com/a/ACg8ocJ14hZNYdCVfpMBMJf-Kkp-gZjQRcoMqM5J53viXdFW8dEJXQ=w45-h45-p-rp-mo-ba5-br100","Alex francisco Ulloa Calderon","Local Guide · 86 opiniones · 1,121 fotos","Hace 4 años","La atención","","","","","Compartir","Me gusta"
"https://lh3.googleusercontent.com/a-/ALV-UjWCc8Kmbzi_TPnwAiRR1P7zBdsMamE5xVa0sKi3swPDYD2bBNM=w45-h45-p-rp-mo-ba2-br100","Sergio Játiva","Local Guide · 8 opiniones · 7 fotos","Hace 6 años","Moderno Hospital","","","","","Compartir","Me gusta"
"https://lh3.googleusercontent.com/a-/ALV-UjUg5_j8r7maLUu0KUrCOg2x7RPB2pz7J_oaujaXvB-mkVsvade1=w45-h45-p-rp-mo-ba3-br100","Alejandro Dávila","Local Guide · 31 opiniones · 5 fotos","Hace 6 años","Excelente","","Me gusta","1","","Compartir",""
"https://lh3.googleusercontent.com/a/ACg8ocLCrINUB1BinHieKP3y-pXwA7JSU4wozqn6javQBVxRjeJSTg=w45-h45-p-rp-mo-br100","Jose Curillo","2 opiniones","Hace 4 años","Buena atención","","","","","Compartir","Me gusta"
"https://lh3.googleusercontent.com/a-/ALV-UjUs5UElK-C8aSt2PptSYLFn4ZeNef8JQqGCU-Kc0C_NnmZ4xzzLmw=w45-h45-p-rp-mo-ba3-br100","Roy Lee Pyatt","Local Guide · 25 opiniones · 65 fotos","Hace un año","A pesar de que los mismos problemas ocurren una y otra vez, nunca parece haber mejoras. Cada vez que el laboratorio deja de funcionar es una auténtica pesadilla. Los quioscos de facturación están amontonados, hoy uno está fuera de servicio…","","","","","Compartir","Me gusta"
"https://lh3.googleusercontent.com/a-/ALV-UjXiStO_asO-AsIXDz8UGynB9mvTBMMqLrwiX6GFPYSV38izZBgaiA=w45-h45-p-rp-mo-ba5-br100","Jimmy Fabien Brito Cortez","Local Guide · 438 opiniones · 737 fotos","Hace 2 meses","Excelentes instalaciones","","","","","Compartir","Me gusta"
"https://lh3.googleusercontent.com/a-/ALV-UjWtKUeqJ7gFxF7igQ85RlKk8hLWbdnk5IpJo1U59Kcq2zVyDcN9=w45-h45-p-rp-mo-ba2-br100","Alex Quintanilla","Local Guide · 13 opiniones · 7 fotos","Hace 3 años","","","","","","",""
"https://lh3.googleusercontent.com/a-/ALV-UjXTBxulU6g9JZhXfGu6tqGfoo0kpCHSFEhlJ0IMHJZ8hS22XZecbA=w45-h45-p-rp-mo-ba5-br100","Victor Amores","Local Guide · 36 opiniones · 488 fotos","Hace 3 años","","","","","","",""
"https://lh3.googleusercontent.com/a-/ALV-UjXj31I1XHCYKDL6FMC_95e-Ux9coSo1mbFq0zY80KGXjX4G30gajQ=w45-h45-p-rp-mo-ba5-br100","Jimmy Andrade T.","Local Guide · 232 opiniones · 1,043 fotos","Hace 5 años","","","","","","",""
"https://lh3.googleusercontent.com/a/ACg8ocLl5oMSL_5RCzr3u8sjrZ5njUs6F00Kc3tu2Z2uzotEoVPCfg=w45-h45-p-rp-mo-br100","Luis Villanueva","1 opinión","Hace 6 años","re","","","","","Compartir","Me gusta"
"https://lh3.googleusercontent.com/a-/ALV-UjUzZYO8DMuaV3HCbWV8i8PhrNHS89FMQAwBJFh_L-_VM6rtv9d-=w45-h45-p-rp-mo-ba3-br100","AUTOS 593","Local Guide · 27 opiniones · 11 fotos","Hace 4 años","Excelente","","","","","Compartir","Me gusta"
"https://lh3.googleusercontent.com/a/ACg8ocKuufQ5XBrOsZPwriy9KDGgZs-avj-mQcsSevE4KnmvPCRvTA=w45-h45-p-rp-mo-br100","JOSE LUIS GUATO AMAYA","7 opiniones · 1 foto","una semana atrás","","","","","","",""
"https://lh3.googleusercontent.com/a-/ALV-UjUP13yizgCXARh-49C8l64ppBqEQvAHXiBN_18OBMSrYUNPLa9P=w45-h45-p-rp-mo-ba3-br100","Marlo Sánchez","Local Guide · 21 opiniones · 2 fotos","Hace un mes","","","","","","",""
"https://lh3.googleusercontent.com/a/ACg8ocJit3bGpJ9p2ue0OD5lPgbkGjRW5EddS6skR1-SOVpvh-dYZA=w45-h45-p-rp-mo-ba5-br100","Ricardo Ortega O","Local Guide · 185 opiniones · 20 fotos","Hace un mes","","","","","","",""
"https://lh3.googleusercontent.com/a-/ALV-UjUt0Tcopmf97bzpiX5JGEXuiYo6GMfIo57sLZU0wMtaw0Enso75sA=w45-h45-p-rp-mo-ba3-br100","Cougar Diaz","Local Guide · 18 opiniones · 62 fotos","Hace un mes","","","","","","",""
"https://lh3.googleusercontent.com/a-/ALV-UjWzWtW4JrD4a4JmCACEvBJtA8lTOQbUrRxzACRNDXQfSgdhy-0o=w45-h45-p-rp-mo-ba2-br100","Giovanny Fernando Almachi Peña","Local Guide · 5 opiniones · 9 fotos","Hace 2 meses","","","","","","",""
"https://lh3.googleusercontent.com/a-/ALV-UjWpsFC4MeOhubENQEUDC-dEYWWuu8eW-MGV7P4EzKvlevH6zwhb=w45-h45-p-rp-mo-br100","gabriel santiana","","Hace 3 meses","","","","","","",""
"https://lh3.googleusercontent.com/a-/ALV-UjVexQVq1-a04no3gCi3M8VqT5ri5wKVjoL4AJv-pC_CsxWBIpU=w45-h45-p-rp-mo-br100","Erika Ortiz Mancheno","","Hace 3 meses","","","","","","",""
"https://lh3.googleusercontent.com/a-/ALV-UjVTN13wLL1rBNscv-YwHCWwM-te-udx0t2RdedBGOsj4pw36TetQA=w45-h45-p-rp-mo-ba4-br100","andres guaman","Local Guide · 4 opiniones · 238 fotos","Hace 9 meses","","","","","","",""
"https://lh3.googleusercontent.com/a-/ALV-UjWfPfp6CzWDwicVQ4RUiFJYxLrAxxkWfcZOOInf67mLxy4zCC6a=w45-h45-p-rp-mo-br100","Luis Victor Montaño Valdiviezo","21 opiniones · 1 foto","Hace 9 meses","","","","","","",""
"https://lh3.googleusercontent.com/a-/ALV-UjWb7OHX3LCQfiWpMNG-4_frupRK8WC4Egv9hbm-RU3jX8KuZRLnTw=w45-h45-p-rp-mo-ba3-br100","Deyber Bonifaz","Local Guide · 14 opiniones · 106 fotos","Hace 9 meses","","","","","","",""
"https://lh3.googleusercontent.com/a-/ALV-UjVnz_5iC61HbhlVEbsNH-CSMKmqNGVvU8TlVLLhlCuEOHD1hZww=w45-h45-p-rp-mo-br100","Miguel Aleaga","3 opiniones","Hace 9 meses","","","","","","",""
"https://lh3.googleusercontent.com/a-/ALV-UjWlfsyvajxaDFJGqt5R1KksMWkUCUR7d8s3GHrzIyR6f81kMciR=w45-h45-p-rp-mo-ba3-br100","Carlos Carrera","Local Guide · 33 opiniones · 11 fotos","Hace 10 meses","","","","","","",""
"https://lh3.googleusercontent.com/a-/ALV-UjUBO-9z_3ogpTmsgZLHQ37O3jmQrHo0tLvxUsT3qDYl9KMBvjU=w45-h45-p-rp-mo-br100","Miguel Angel Cueva Ochoa","2 opiniones","Hace un año","","","","","","",""
"https://lh3.googleusercontent.com/a-/ALV-UjWCnYm9-XeJtzGVTq_CVen7v77fSSgy_Z8vmX_jgKnyuHDi6Xf4=w45-h45-p-rp-mo-ba5-br100","May Iza","Local Guide · 46 opiniones · 845 fotos","Hace un año","","","","","","",""
"https://lh3.googleusercontent.com/a-/ALV-UjU-txFZxXvVcEogztRO2tOH6sju8nmI7w4KNUwQuTTWhg9RcJaUyA=w45-h45-p-rp-mo-br100","Stefany venegas Diaz","1 opinión","Hace un año","","","","","","",""
"https://lh3.googleusercontent.com/a-/ALV-UjVij1Bd8MW1RSfQbXY77PkbspSW14FO0KHxMOxjzRpb_-lSPNdj=w45-h45-p-rp-mo-ba6-br100","La travesia dcm","Local Guide · 497 opiniones · 142 fotos","Hace un año","","","","","","",""
"https://lh3.googleusercontent.com/a-/ALV-UjXWdY-2fBoISjRasNSLi_mzAUdJ5BXofhaJVskPDoXDAqISe9qU8g=w45-h45-p-rp-mo-ba2-br100","Ángeles Cardona","Local Guide · 4 opiniones","Hace un año","","","","","","",""
"https://lh3.googleusercontent.com/a/ACg8ocINoJSuJGi5Cl7Qp6hCiUVrXM9MW2Bm2r1F2y6XzlSliSC34Os=w45-h45-p-rp-mo-br100","dilxn_nem","1 foto","Hace un año","","","","","","",""
"https://lh3.googleusercontent.com/a-/ALV-UjULuO5rgHbyogqeF5Hna3Pjni16RswjY13ZzHbPF4BxOBUYw4ZN=w45-h45-p-rp-mo-ba2-br100","Eliza Nicolalde","Local Guide · 1 opinión · 1 foto","Hace un año","","","","","","",""
"https://lh3.googleusercontent.com/a/ACg8ocIHclaMTQpqZFwhiD0thZ2Bk5jnGRemPB4zKjDtX9Wv2De7MA=w45-h45-p-rp-mo-ba2-br100","Stalin L","Local Guide · 4 opiniones","Hace un año","","","","","","",""
"https://lh3.googleusercontent.com/a-/ALV-UjVEG_4rmI_E0EfIZZoop1Kk-dlab14bGaJ3yqd1o_yQMNUvI1ly=w45-h45-p-rp-mo-ba5-br100","wilson montero","Local Guide · 107 opiniones · 31 fotos","Hace un año","","","","","","",""
"https://lh3.googleusercontent.com/a-/ALV-UjVR0Qv-BwRPBgrmWtUOGdw4eD3jSXx41aJFUHweuPXg1KhwFYUpww=w45-h45-p-rp-mo-ba3-br100","Ludys Castro","Local Guide · 29 opiniones · 77 fotos","Hace un año","","","","","","",""
"https://lh3.googleusercontent.com/a-/ALV-UjWhqCskUx5Ijya5KJzKVgTxJDNeZbCuJ20c-cBfVTcGx5f4q67eTA=w45-h45-p-rp-mo-ba2-br100","CATALINA LUCIA PACHACAMA CHICAIZA","Local Guide · 5 opiniones","Hace un año","","","","","","",""
"https://lh3.googleusercontent.com/a-/ALV-UjUtwVybiiblPQAjVa8h65r8o5shc8KSqCOxfT7jMKpK_T0I8Zc=w45-h45-p-rp-mo-br100","MLMD EBCM","1 opinión","Hace un año","","","","","","",""
"https://lh3.googleusercontent.com/a-/ALV-UjX9-FuSo4S8AcljXwvgPa514X5ahPFQ0YWPc0FyQxnfaarAUAM=w45-h45-p-rp-mo-ba3-br100","Sophia De La Torre","Local Guide · 32 opiniones · 54 fotos","Hace un año","","","","","","",""
"https://lh3.googleusercontent.com/a-/ALV-UjUu2zOm_bsC_XMHiKGbpkHZIB2TF3yJQvcJxQ8OoP52XEFM1Sxf=w45-h45-p-rp-mo-br100","Hyren Drf","","Hace 2 años","","","","","","",""
"https://lh3.googleusercontent.com/a-/ALV-UjWM32Gqssp8eFpssXuudjYs48rW8Gk4gSpHdyRZQVy4qIbA9YI=w45-h45-p-rp-mo-br100","Edison Galárraga Dr.","8 opiniones · 9 fotos","Hace 2 años","","","","","","",""
"https://lh3.googleusercontent.com/a-/ALV-UjWvCtpV8vYxu-rJbHZlfgyjkHplP903dBVbNnkHfTAlhcsZdMY1=w45-h45-p-rp-mo-ba3-br100","Patricio Cueva","Local Guide · 22 opiniones · 77 fotos","Hace 2 años","","","","","","",""
"https://lh3.googleusercontent.com/a-/ALV-UjUboyyMuCNV7NHXI9xLC_rFA4liCt3vHMokFgtyzDacBBBi2gzh=w45-h45-p-rp-mo-ba4-br100","YEAN RODRIGUEZ","Local Guide · 39 opiniones · 55 fotos","Hace 2 años","","","","","","",""
"https://lh3.googleusercontent.com/a-/ALV-UjVoyhuINg8k58HDomiO7NBM-sUoTswlfgQXg90qWbS5bggUYHq3=w45-h45-p-rp-mo-ba4-br100","I I","Local Guide · 16 opiniones · 18 fotos","Hace 2 años","","","","","","",""
"https://lh3.googleusercontent.com/a/ACg8ocKkGTWoqKbavdvr9HxxX88ooHNaxFC8DHjnjbxc22RS9Eywxg=w45-h45-p-rp-mo-ba3-br100","Jorge Hidalgo Vizuete","Local Guide · 7 opiniones · 4 fotos","Hace 2 años","","","","","","",""
"https://lh3.googleusercontent.com/a/ACg8ocLY26YzHafk4JN1C8IunodjKj53pfBaTGfw1_ozLRqeu8fnow=w45-h45-p-rp-mo-br100","Cristian Rodriguez","","Hace 2 años","","","","","","",""
"https://lh3.googleusercontent.com/a/ACg8ocJc9hjVqiQOZbwl44CU4TVpnB83k2EXQgF6CGc4_sTcHEncmw=w45-h45-p-rp-mo-br100","Karen Nicole Alvarez Moreira","3 opiniones","Hace 2 años","","","","","","",""
"https://lh3.googleusercontent.com/a-/ALV-UjWlrsbw0hwFTdanaNrbbVuH6aBmC4MTjez9ezLw3cUwh9GuQDIx=w45-h45-p-rp-mo-br100","ERIKA ZAMBRANO","","Hace 2 años","","","","","","",""
"https://lh3.googleusercontent.com/a-/ALV-UjUecYeBXG6CsxYaDIJmQ68gGb8v4mMTyvv-XA6pP1mB6Zc83-YGgg=w45-h45-p-rp-mo-br100","BRYAN RIVERA","3 opiniones","Hace 2 años","","","","","","",""
"https://lh3.googleusercontent.com/a-/ALV-UjUSxQNQO7gPclhIBY64_er46U2Pn-L1g-VnKMeFXsHUzUxuR1D9GA=w45-h45-p-rp-mo-ba3-br100","Anahid Tx","Local Guide · 3 fotos","Hace 2 años","","","","","","",""
"https://lh3.googleusercontent.com/a-/ALV-UjUL_tTySZEZZCP4vZbJ3q0vGG2QyAoFgH4dFyUWtb--8aZ745PY=w45-h45-p-rp-mo-ba2-br100","Daniel Bedoya Villarreal","Local Guide · 15 opiniones · 4 fotos","Hace 2 años","","","","","","",""
"https://lh3.googleusercontent.com/a-/ALV-UjX_8ODKJCCPfeKAjy2NSRuNv6M-uIeTRENaYhsAeGyUGr8Bb7dn=w45-h45-p-rp-mo-ba4-br100","Antonio Arízaga","Local Guide · 101 opiniones · 197 fotos","Hace 2 años","","","","","","",""
"https://lh3.googleusercontent.com/a-/ALV-UjUvHTTQ9eUbtlOCpA3NAeT5-4m7-irdRKoiPo3p4adJphpSVYFu=w45-h45-p-rp-mo-ba3-br100","Geovanna Jimenez","Local Guide · 34 opiniones","Hace 3 años","","","","","","",""
"https://lh3.googleusercontent.com/a-/ALV-UjUIV7NFM_M0j1aj37NYnjPtutE61J9tdEZ2JGf-dLSqslFUMUU_Lw=w45-h45-p-rp-mo-br100","TAHILIN MENDEZ","2 opiniones","Hace 3 años","","","","","","",""
"https://lh3.googleusercontent.com/a-/ALV-UjUfGkLA21cgPMgFwv_my_EIVLfe0HPreOQG3hOB9QF7nTcIKwg=w45-h45-p-rp-mo-br100","Mariana Valdez","","Hace 3 años","","","","","","",""
"https://lh3.googleusercontent.com/a-/ALV-UjXrygde9TPvbT1adkbbDnQtUV-4zezFeCCujnxtyFPA6VCzRbmT=w45-h45-p-rp-mo-br100","Boris Cano","13 opiniones · 22 fotos","Hace 3 años","","","","","","",""
"https://lh3.googleusercontent.com/a/ACg8ocJABxNztdsTnhiVAfch_bGJjIpbAmmLqevbjCGWnWlukfmH=w45-h45-p-rp-mo-ba4-br100","Liliana Mena","Local Guide · 50 opiniones · 46 fotos","Hace 3 años","","","","","","",""
"https://lh3.googleusercontent.com/a/ACg8ocK8OfkbMfKufNaNUsCJ9qXcjuvKTMznTwDC82Zei8She0dq7g=w45-h45-p-rp-mo-br100","Jonathan Salazar","","Hace 3 años","","","","","","",""
"https://lh3.googleusercontent.com/a-/ALV-UjV_M7RT7tUTZ0Khr-2rxXve-T7HhIRKFUzqXB67DJkSLaOv7Lr2=w45-h45-p-rp-mo-br100","DeMS","","Hace 3 años","","","","","","",""
"https://lh3.googleusercontent.com/a-/ALV-UjWUgEsp6va8s2b1LSN9FGXDfx6xXzsXaZOzKre-KOm9VdNWlmc=w45-h45-p-rp-mo-ba4-br100","Marianela Perez","Local Guide · 76 opiniones · 33 fotos","Hace 3 años","","","","","","",""
"https://lh3.googleusercontent.com/a-/ALV-UjWFwAcH0uiv7tgLPQL5Y6M6VWKCzS2FcFKhzP6AOjmQhGwa1-Ca6Q=w45-h45-p-rp-mo-ba5-br100","Rodolfo Suarez","Local Guide · 171 opiniones · 729 fotos","Hace 3 años","","","","","","",""
"https://lh3.googleusercontent.com/a-/ALV-UjUhwkNY0Ch-EjWl0wIP31k7D1Jb8uaeJLXmGOHye_NaLKrQIj9r=w45-h45-p-rp-mo-br100","Antonela Reyes","","Hace 3 años","","","","","","",""
"https://lh3.googleusercontent.com/a-/ALV-UjXm7ud2CmrtHCqUTjJw_wj9D5IZCM7wdv9qcDjlKf1sMi5WOuaxIA=w45-h45-p-rp-mo-br100","Mariela Figueroa","1 opinión","Hace 4 años","","","","","","",""
"https://lh3.googleusercontent.com/a/ACg8ocIuT6oGftqJfipRZw3yEgVrI5rYM2iDlwwC4sqxxv-xQt8n-w=w45-h45-p-rp-mo-br100","Aby Sánchez","9 opiniones","Hace 4 años","","","","","","",""
"https://lh3.googleusercontent.com/a-/ALV-UjXEXJq6x7Oh8V-LlEspNZlO6sP6BBdh_P_ZjeLADFTTvuvizkzj=w45-h45-p-rp-mo-br100","Maximiliano Bravo","","Hace 4 años","","","","","","",""
"https://lh3.googleusercontent.com/a-/ALV-UjWW8e0so8JB8EFv-qqOOOhyAYfrUAKkf_mmU5_0gNTw3zq4QIl0tw=w45-h45-p-rp-mo-ba2-br100","Tatiana Campaña","Local Guide · 3 opiniones · 18 fotos","Hace 4 años","","","","","","",""
"https://lh3.googleusercontent.com/a-/ALV-UjWuLxgE6bqC5a9cuIlIi3Zxja_ugFbvDd8V3JrRHt81jTAxEoke=w45-h45-p-rp-mo-ba3-br100","Franco Lopez","Local Guide · 14 opiniones · 117 fotos","Hace 4 años","","","","","","",""
"https://lh3.googleusercontent.com/a-/ALV-UjVI7-qJUBqiyRpcl6Falpl8VCEJIk1xq12BbLubSzUaROqVEd1_=w45-h45-p-rp-mo-ba3-br100","Pablo Leon","Local Guide · 38 opiniones · 29 fotos","Hace 4 años","","","","","","",""
"https://lh3.googleusercontent.com/a/ACg8ocKFSnGwYR16qdfVr1fCQ8tPoyKSy7WVRFPHiaAYIHy7YLrUJw=w45-h45-p-rp-mo-br100","Michelle Arias","1 opinión","Hace 4 años","","","","","","",""
"https://lh3.googleusercontent.com/a-/ALV-UjXcWLIC4VAoEcv7kufVNE7Otnhk4xuxWhmxuqiWxlHdSv60QBid=w45-h45-p-rp-mo-ba4-br100","Nelson Andrade","Local Guide · 84 opiniones · 125 fotos","Hace 4 años","","","","","","",""
"https://lh3.googleusercontent.com/a-/ALV-UjXBv8FZZ0-ahBf9gF1_tN1SEhuVtLKbORURQChEZL0JdWKOkBE=w45-h45-p-rp-mo-ba4-br100","Christian Flores","Local Guide · 78 opiniones · 18 fotos","Hace 4 años","","","","","","",""
"https://lh3.googleusercontent.com/a-/ALV-UjUM7-m0x-XP2GaFtOWZj2lO2mLkihLPlbS-Z-SSVMMCZT0CDd5j=w45-h45-p-rp-mo-ba3-br100","Oswaldo Jaya","Local Guide · 2 opiniones · 18 fotos","Hace 4 años","","","","","","",""
"https://lh3.googleusercontent.com/a-/ALV-UjWrEeVOv_Lulxg3lRz3EcigobL7oWMAojIoy1GydeJUPJJjO_mx=w45-h45-p-rp-mo-ba2-br100","Mercy Jimenez","Local Guide · 8 opiniones · 10 fotos","Hace 4 años","","","","","","",""
"https://lh3.googleusercontent.com/a-/ALV-UjWERvm0qQu0-zhO8Duxn0QwIZtmG3t6Zekr08ogDh6LvmUJ6a88=w45-h45-p-rp-mo-br100","M Brito","8 opiniones","Hace 4 años","","","","","","",""
"https://lh3.googleusercontent.com/a/ACg8ocJfCwtg0mZyAxWvj3-EGnR7y7Ws8NMCk-CAvyM8jO0sl3iadA=w45-h45-p-rp-mo-br100","Mario Andrés","5 opiniones","Hace 4 años","","","","","","",""
"https://lh3.googleusercontent.com/a/ACg8ocLaANYr5ooYEqCccE_bubw8KPTaEPn7stz1Yh5Qr1LddiYjJg=w45-h45-p-rp-mo-ba3-br100","Diego Arias","Local Guide · 13 opiniones · 63 fotos","Hace 4 años","","","","","","",""
"https://lh3.googleusercontent.com/a/ACg8ocIYAH-qkdyI_8e5-Kx5sg8lLELibtwjx1vJybueKx_K69Ra=w45-h45-p-rp-mo-br100","Johanna Nolivos","","Hace 5 años","","","","","","",""
"https://lh3.googleusercontent.com/a-/ALV-UjUQLBJZJWhDqBv-dGDDidkeACvmGOQOoq60nIkXCrbykkh6TfQ=w45-h45-p-rp-mo-ba4-br100","Gorky Bracamonte","Local Guide · 52 opiniones · 169 fotos","Hace 5 años","","","","","","",""
"https://lh3.googleusercontent.com/a/ACg8ocI6DpOpNYtfcLBi92c563OVhPgtaMIotbE18ae06sOjbYZdYA=w45-h45-p-rp-mo-br100","German Flores","","Hace 5 años","","","","","","",""
"https://lh3.googleusercontent.com/a-/ALV-UjXNLHCajgxuH4xjS6JVYXJWQx6Ev3q44NWH7tFTKjIl77Mo2Pj5=w45-h45-p-rp-mo-br100","Danny Gaibor","4 opiniones","Hace 5 años","","","","","","",""
"https://lh3.googleusercontent.com/a/ACg8ocJ_b_9G6LP-6X56kM-Z4ulubEQ3pl56EIvMitRIl58NjpVKsA=w45-h45-p-rp-mo-br100","Marco Pastaz","","Hace 5 años","","","","","","",""
"https://lh3.googleusercontent.com/a-/ALV-UjVaM77cz0TwMbZQ6d0VfnFtzWWOf8-N3aDgDUAchmEHahsZF9UQJQ=w45-h45-p-rp-mo-br100","Carlos Banda","4 opiniones · 2 fotos","Hace 5 años","","","","","","",""
"https://lh3.googleusercontent.com/a-/ALV-UjXed62PwnSx2NkRu3Eo0yOhFCFzCPNtIytiKbU8Qd51jCom6eDzVw=w45-h45-p-rp-mo-ba4-br100","Hugo Estrella","Local Guide · 72 opiniones · 120 fotos","Hace 5 años","","","","","","",""
"https://lh3.googleusercontent.com/a-/ALV-UjUc1iJIcBBP7h2p4ukrEpy26-36mXTxolnZjlpBLudgD9o5GPwFjA=w45-h45-p-rp-mo-ba3-br100","Mishell Mera","Local Guide · 42 opiniones · 12 fotos","Hace 5 años","","","","","","",""
"https://lh3.googleusercontent.com/a-/ALV-UjXj8gAM88jVcX50xo9a0_9au6UmojTGkUxvj69XcTEP-fxu4RJagA=w45-h45-p-rp-mo-br100","bolivar cruz","","Hace 6 años","","","","","","",""
"https://lh3.googleusercontent.com/a-/ALV-UjVrD9rGO9WR0WGtiMO4W-RTA_YALnlShSW9G37FdKz4fI4QiWUb=w45-h45-p-rp-mo-ba3-br100","Edwin Bless","Local Guide · 53 fotos","Hace 6 años","","","","","","",""
"https://lh3.googleusercontent.com/a-/ALV-UjU674u7jhW-Pa8cnXJeE4TQbK0Q7s2ZOkBsR1aRAZU2_SehcNkDGg=w45-h45-p-rp-mo-ba3-br100","Tatiana Quishpe","Local Guide · 12 opiniones · 89 fotos","Hace 6 años","","","","","","",""
"https://lh3.googleusercontent.com/a/ACg8ocLKw8dTSnv8kPH7m3w6hX5TDIeO2R6AVblhnqGIPtNORnXqTA=w45-h45-p-rp-mo-br100","Diego Aguirre","","Hace 6 años","","","","","","",""
"https://lh3.googleusercontent.com/a/ACg8ocLWkBbmUFZhC3Bb7PqznrVn8HGwPJ58PesOh0nfmrdANUnckw=w45-h45-p-rp-mo-br100","Amparito Ramos","","Hace 6 años","","","","","","",""
"https://lh3.googleusercontent.com/a-/ALV-UjVdWHQPQCIN7YSJglQzEgfpZeqso-EeOQII0fQ_9o04381exbmB=w45-h45-p-rp-mo-br100","Daniela Yar","","Hace 6 años","","","","","","",""
"https://lh3.googleusercontent.com/a/ACg8ocILG1UvUd1oR0WHlIfIPhUlTGJ9E2fnLXZyzd80HG709q1BUg=w45-h45-p-rp-mo-ba3-br100","Alejandro Dávila","Local Guide · 7 opiniones · 6 fotos","Hace 6 años","","","","","","",""
"https://lh3.googleusercontent.com/a-/ALV-UjVhDqw8KD4QU90L9C-2WOMTlHWtVWJQiXvzMSBK_b49eGt1nNoF=w45-h45-p-rp-mo-br100","Daniela Alexandra","","Hace 6 años","","","","","","",""
"https://lh3.googleusercontent.com/a-/ALV-UjVQMd_3igPqRfQnwaljnw5lMuDgfQCL7HFGjoFRGqcKdVZDiB21=w45-h45-p-rp-mo-br100","EDUARDO JOSE HERRAEZ FERNANDEZ","","Hace 6 años","","","","","","",""
"https://lh3.googleusercontent.com/a-/ALV-UjXddiqLKakjV6AIAtSgVn4gkzkwPv0bK9atmnjS8ZkJCWV3JRNF0A=w45-h45-p-rp-mo-ba5-br100","Karin Puente","Local Guide · 356 opiniones · 1,356 fotos","Hace 6 años","","","","","","",""
"https://lh3.googleusercontent.com/a-/ALV-UjW_4Ag8RXi1Q7B6RaSLoHL5alq0EBW40TOdLy_ixmqTT7P754al=w45-h45-p-rp-mo-br100","MICHELLE ALQUINGA","1 opinión","Hace 6 años","","","","","","",""