"NBa7we src","d4r55","RfnDt","rsqaWe","wiI7pd","dSlJg","Hzvxle","pkWtMe","dSlJg 2","znYl0","znYl0 2"
"https://lh3.googleusercontent.com/a/ACg8ocK4HisOYmqMtuVd6NNRYiGqkNlXWbm069jEKYwgB114SBNj1w=w45-h45-p-rp-mo-ba3-br100","Airam Santana","Local Guide · 52 opiniones · 24 fotos","Hace 8 meses","La atención fue rápida, cordial y muy profesional por parte de los médicos y todo el equipo encargado de la salud de los pacientes. Salimos muy contentos con la atención recibida. Un hospital con un servicio que en muchos países ni por privado encuentras. Gracias!!","","Me gusta","1","","Compartir",""
"https://lh3.googleusercontent.com/a/ACg8ocIZHYBMxSm_IUsy1jswWLsYi4i9sUJsMgc2Di-IW2cL0YHlEkU=w45-h45-p-rp-mo-br100","silvana salgado","4 opiniones · 10 fotos","Hace 2 meses","Mi hija dio a luz y su bebé tuvo que quedarse en cuidados intermedios de neonatología. Maltrato y descuido por parte de la mayoría de enfermeras a cargo es lo que se recibió en este lugar.…","","Me gusta","3","","Compartir",""
"https://lh3.googleusercontent.com/a-/ALV-UjUIXJy8zhDXdwh9nxLegrIrzolqndg9u0F9HQBBy6WitwaxyPQI=w45-h45-p-rp-mo-ba5-br100","Salinas de Guaranda","Local Guide · 297 opiniones · 87 fotos","Hace 3 meses","El Hospital de Especialidades CAM es el más grande del seguro Social, siempre está lleno pero hay buena atención. Los médicos especialista son muy profesionales y con gran experiencia lo cual se agradece mucho.  Ojalá todos los hospitales del seguro tuvieran  la misma capacidad .","","","","","Compartir","Me gusta"
"https://lh3.googleusercontent.com/a-/ALV-UjWlL0tKZVt6J1pQkBX6cudI-R11TtiKQqAqTtLqvHEdx9ysWcd7wg=w45-h45-p-rp-mo-br100","KaEstefania Guzman","6 opiniones · 1 foto","Hace 3 meses","Buena experiencia en el trato de doctores, área de traumatología columna mi mamá salió muy bien.. lo único de malo es que debemos comprar materiales e insumos que si es un gran gasto, en el. Debemos tener derecho para algo se está pagando el iess, por otra parte buena atención médica","","","","","Compartir","Me gusta"
"https://lh3.googleusercontent.com/a-/ALV-UjW06X2s1OrhtuDHcRnxfgnKV6pBWGu8FHWWmaFxXHm3Io6jhClU=w45-h45-p-rp-mo-br100","andy estalin espinoza bravo","3 opiniones · 1 foto","Hace 2 meses","Atención rápida, eficiente, pero para transferencias es un total caos","","","","","Compartir","Me gusta"
"https://lh3.googleusercontent.com/a-/ALV-UjXlf5pQCozgQDrZLK6LMnRMthik26I85OaJwG3L5CzA3t5oAie2=w45-h45-p-rp-mo-br100","Kenny D","5 opiniones","Hace 3 meses","Aquí las enfermeras son unas groseras mal educadas con sus comentarios fuera de lugar, enserio si no tienen vocación mejor dedíquense a otra cosa y ni hablar de esos guardias inhumanos que no dejan entrar a ver al familiar ni dan informes…","","Me gusta","4","","Compartir",""
"https://lh3.googleusercontent.com/a/ACg8ocIQOYK0cdwKRIlF9SEhq8T14wNqzClm5f-V_l0qWYYR9fTUFQ=w45-h45-p-rp-mo-br100","Arelis Andrade Cañizales","6 opiniones","Hace un mes","Yo tuve allí a mi bebe, a pesar que la ginecóloga que me envió a sala de parto fue un poco grosera, la cesárea, el cuidado a mi bebe y a mi fue maravilloso, gracias 🥲…","","","","","Compartir","Me gusta"
"https://lh3.googleusercontent.com/a-/ALV-UjXP0u-piEh2isT2ssE_a8mhBwyrL-sMEsM7rP8TuWxShPrd-to=w45-h45-p-rp-mo-ba3-br100","Azucena Pino Paredes","Local Guide · 22 opiniones","Hace 2 meses","Los dra gineoncóloga Pamela Vallejo  fue mi cirujana y es una excelente profesional. Todo el personal estuvo muy atentados a mis cuidados. Quedé muy bien de mi cirugía. Les agradezco muchísimo","","Me gusta","1","","Compartir",""
"https://lh3.googleusercontent.com/a-/ALV-UjXd_5XhISAl4H2n1pQTXz2P7sZwusz7bCMnJ1DuSthPVcAeA2eL=w45-h45-p-rp-mo-br100","Michael P","2 opiniones · 3 fotos","Hace un mes","Lamentablemente funciona a medias. Ahora se supone toca pagarle al tipo de los turnos para que no te saque el día de la cita...
Que lastima toparse con gente tan de última en una institución pública","","Me gusta","1","","Compartir",""
"https://lh3.googleusercontent.com/a-/ALV-UjUsT5IRpeNJ2meppYr4-MRB8et-340r8BUD215BIA0X4ARvK0ei=w45-h45-p-rp-mo-br100","Gabriela Sanchez","2 opiniones","Hace un mes","Buenas tardes, por favor, a sus fisioterapistas que no se pongan a chismear ni estar en los celulares cuando tengan pacientes, y se dediquen a ellos, para eso mismo van, para que les ayuden a recuperarse","","","","","Compartir","Me gusta"
"https://lh3.googleusercontent.com/a/ACg8ocIAWVH8f3ZXZZ9cm2iiwgeXw5BgEUWtWm2NPEGriuVxGBu4Qw=w45-h45-p-rp-mo-br100","Lourdes Castillo","1 opinión","4 semanas atrás","Por favor no contesta en el número telefónico me podrían ayudar si talvez ya llego la medicina Fenitoína Sódica  EPAMIN","","","","","Compartir","Me gusta"
"https://lh3.googleusercontent.com/a-/ALV-UjX9ED6elnxh6yvGHHPCuG9savqOhn-GK_XAannqLjPIPSx6QaNU=w45-h45-p-rp-mo-br100","JOSÉ URQUIZA","3 opiniones","Hace 5 meses","El día de hoy en horas de la tarde en emergencias del Hospital Andrade Marín, se presentan dos señoras y un caballero,  se acercan a ventanilla sacan turno para emergencias. Toman asiento a esperar, a los pocos minutos sale una señora…","","Me gusta","2","","Compartir",""
"https://lh3.googleusercontent.com/a/ACg8ocICwUcnz8-ezJKAREOMbtnwOK78IIMhC79SCXhETEFROA95mw=w45-h45-p-rp-mo-br100","Oswaldo Andres","3 opiniones · 1 foto","Hace 2 meses","Indignación, maltrato al afiliado@, acciones incoherentes hacia sus pacientes en general una pena que los profesionales no hagan su trabajo, siempre están aburridos e incapaces de brindar un buen servicio.","","Me gusta","1","","Compartir",""
"https://lh3.googleusercontent.com/a-/ALV-UjXb2o3rOgpeipGS0AZ7FN2kW74ezDYk3ROheS5mpl2bHqYTzggi=w45-h45-p-rp-mo-br100","jose tipan","1 opinión","Hace 4 meses","Mi padre necesitaba un examen de emergencia y dijieron que no funcionan los equipos le tuvieron cinco días esperando la derivación solo estabilizándole cuando ya nos dieron la derivación ya nos dijieron que pasó mucho tiempo y ya está falleciendo","","Me gusta","1","","Compartir",""
"https://lh3.googleusercontent.com/a-/ALV-UjWq2n--4Kkp4aaIfwIeotcp2oy9E-PULoOIYoGZhenh4o9_fCjo=w45-h45-p-rp-mo-ba5-br100","Adolfo Moreno","Local Guide · 285 opiniones · 377 fotos","Hace 3 meses","Cuidado medico a personas afiliadas al Seguro Social. Uno de los mejores hospitales con muchos doctores especializados. Necesita cita por Call Center","","","","","Compartir","Me gusta"
"https://lh3.googleusercontent.com/a-/ALV-UjXMuDvMuNM5NZ-gJ8tbyLPsiR11ECll8RTjIa-NNpGKa9C6K4Jd=w45-h45-p-rp-mo-br100","Emily Gallo","2 opiniones","Hace 9 meses","Horrible. Nunca había estado en un hospital tan horrible. Mi papá fue hospitalizado y yo estoy cursando la universidad, vine en la tarde a quedarme en la sala de espera, por si necesitaba algo, pero ni siquiera pude quedarme ahí. Me dejaron…","","Me gusta","4","","Compartir",""
"https://lh3.googleusercontent.com/a/ACg8ocJrxxS9yhGHK0tF2RlwxSnbs_DFEkli-b7SM2eesnYktmTY=w45-h45-p-rp-mo-br100","NORA RAQUEL PRADO","2 opiniones","Hace 3 meses","horrible le tratan a uno como si fuera una pelota que le mandan de lado a lado y no le resuelven un problema grave. despues de haber aportado tantos años ni siquiera le atienden","","Me gusta","1","","Compartir",""
"https://lh3.googleusercontent.com/a-/ALV-UjXrBaMZrsuLNS1aPdJhnU8k-T4_o5hW9Uc90La3gI6Oamo44qUSyQ=w45-h45-p-rp-mo-br100","Emily Cedeño","11 opiniones","Hace un mes","Es terrible que no puedan atender de emergencia a una persona que ha aportado más de 25 años! Y tengan que referir de un lado a otro a las personas","","","","","Compartir","Me gusta"
"https://lh3.googleusercontent.com/a-/ALV-UjUzR5f5uEsoaM9363_4xhUe8bT9zfL293sRZobeO1-lRt0Klj-GFA=w45-h45-p-rp-mo-ba6-br100","Guidecuador Travel","Local Guide · 281 opiniones · 4,142 fotos","Hace 2 años","Siendo una época muy dura por el covid , este hospital se mantiene con estándares de calidad muy altos , si bien es cierto a veces toma mucho tiempo entrar al sistema de citas y demás, una vez adentro la situación es completamente buena y…","","Me gusta","4","","Compartir",""
"https://lh3.googleusercontent.com/a/ACg8ocJIhwcjO-gNYVRMJzeZaUTdQUaoK84UHtLoa-oxLIBoMpPktA=w45-h45-p-rp-mo-ba2-br100","Andres C","Local Guide · 7 opiniones · 7 fotos","Hace un mes","Guardias mal educados pero personal médico muy amable","","","","","Compartir","Me gusta"
"https://lh3.googleusercontent.com/a/ACg8ocITL6YMFE3D7YRYiMkfCH0EEwVqxI3wQbSJTMsv4Kyy7kLiRg=w45-h45-p-rp-mo-br100","Antonio Páez","2 opiniones","Hace 5 meses","7 meses esperando una  colonoscopia y llegó el día del exámen ya tomada la medicación y me dicen que no tienen los equipos. Una vergüenza","","","","","Compartir","Me gusta"
"https://lh3.googleusercontent.com/a-/ALV-UjWnNyS1-V0QxtR_bfNbVmCf06tKL9eGb44rXvyPnzAPaVbBpr_P=w45-h45-p-rp-mo-br100","Daniela Carrera","3 opiniones · 2 fotos","Hace 8 meses","Excelente, a mi abuelito le atendieron y el trabajo es impecable a pesar de que es un personal para un montón de gente. Muy agradecida por el trabajo brindado, aunque las situaciones no son fáciles en el sector salud del país, las personas allí dan un buen servicio.","","Me gusta","2","","Compartir",""
"https://lh3.googleusercontent.com/a-/ALV-UjVZ3ZO42gybalTwLwlhy3HIFnCZ8pvfRC32QS-MwZsVF8ODEVBM=w45-h45-p-rp-mo-ba6-br100","Julio Tobar","Local Guide · 287 opiniones · 1,604 fotos","Hace 2 años","Un buen servicio
Lastima que no tengan materiales y toca comprar hasta aspirina","","Me gusta","2","","Compartir",""
"https://lh3.googleusercontent.com/a/ACg8ocJIBn4Qi7I9RuvONlgXbbdSKc3OTBMs9rkL6Lsv5kchNPb3LQ=w45-h45-p-rp-mo-br100","Kevin Juna","2 opiniones","Hace 10 meses","Pésimo a mi madre la tienen internada desde este viernes 21 de julio para operararle el día sábado pero resulta que mandan a comprar tantos insumos de los cuales ni ocupan todo, se compra en vano y sobre todo lo más preocupante y la…","","Me gusta","2","","Compartir",""
"https://lh3.googleusercontent.com/a-/ALV-UjUCtjNADYvzqueoZ7qWYk5p_hV_FGUF563vedWE5z3Dr3qOXrax=w45-h45-p-rp-mo-ba3-br100","Rorayma Salinas","Local Guide · 60 opiniones · 26 fotos","Hace un año","Acudí al área de emergencia porque tenía un fuerte malestar, fiebre desde hace 3 días y me ""atendieron""por traje, al revisarme el ""médico"" me dijo que no me podían atender allí no ofrecerme los medicamentos. Le solicité una justificación y…","","Me gusta","1","","Compartir",""
"https://lh3.googleusercontent.com/a-/ALV-UjXInip5zPTAz_MogWRwFGIKkGKb4gVyDmD1TeUgNV_u7Vb5n888SQ=w45-h45-p-rp-mo-ba3-br100","Julio Villalba","Local Guide · 29 opiniones · 49 fotos","Hace 9 meses","Excelente atención, operaron en Maxilofacial a mi madre, pese a las dificultades del país se nota el trabajo y vocación de la gente del hospital. Los tiempos de espera del sistema de salud pública siempre son un problema pero la atención excelente.","","Me gusta","1","","Compartir",""
"https://lh3.googleusercontent.com/a/ACg8ocIbISUIGvQSKQHWH9r6DRtWYEr-u9ocG9p4wcYYJopuY7m2Bw=w45-h45-p-rp-mo-br100","Gabriel Garcia","2 opiniones · 1 foto","Hace 8 meses","Pésima atención fui con mi bebe pequeña por que tiene el ojo hinchado, la enfermera brava como perro ya que no se dejaba tomar los signos, al no tener inestables los signos nos enviaron  a un dispensario del ies s de la marin a las 12 de la noche, que les parece uno paga para nada , es el peor hospital del iess,","","Me gusta","1","","Compartir",""
"https://lh3.googleusercontent.com/a-/ALV-UjUTrRV5YzKPcRQXOzNfxBtZ4weMXf_dVPD80Ahsvip5iOph1Suc9g=w45-h45-p-rp-mo-ba3-br100","Mireya Villalta","Local Guide · 30 opiniones · 6 fotos","Hace un año","Tenía cita hoy 24/03/23 en obstetricia con la Dra Daniela Sanchez Cobo a las 15:40, llego a las 15:40 porque lamentablemente se debe trabajar duro para poder pagar un seguro (que ni buena Atencion brinda). A lo que llego NO hay nadie en el…","","","","","Compartir","Me gusta"
"https://lh3.googleusercontent.com/a-/ALV-UjXSO0lXnHdJ6HGl1O_OkAfHXXv6aSx4YlLYeOaktKJgyJTMFKTUEw=w45-h45-p-rp-mo-br100","Patata lu","1 opinión","Hace 7 meses","Pésima la atención, las enfermeras son unas groseras y te gritan si no haces lo que ellas te piden, ni siquiera nos explican cómo hay que ingresar ni nada, te gritan a la maldita sea.","","Me gusta","1","","Compartir",""
"https://lh3.googleusercontent.com/a-/ALV-UjV-aWL6hCauM037IRG7nzsqW7WcGrCvsEYMCOzPxaeKPlJiOHNbFQ=w45-h45-p-rp-mo-ba4-br100","Ederson PreciadoMontaño","Local Guide · 56 opiniones · 110 fotos","Hace 2 años","Excelente Hospital del Instituto Ecuatoriano de Seguridad Social, una atención agradable y con un grupo humano de profesionales en medicina, lo recomiendo para todos los afiliados","","Me gusta","1","","Compartir",""
"https://lh3.googleusercontent.com/a-/ALV-UjVe1XSTeXwZMvpOzFtNLIwRAaYfqfpnU8iE6Cq2XFbmM1cxtxk=w45-h45-p-rp-mo-ba4-br100","Alfonso PAZMIÑO","Local Guide · 161 opiniones · 37 fotos","Hace un año","Lcda. Fabiola en urología 3 piso, exelente persona, don de gentes y alto sentido de responsabilidad, felicitaciones y a su ayudante también, cambiaron los sueros toda la noche cada 45 minutos","","","","","Compartir","Me gusta"
"https://lh3.googleusercontent.com/a/ACg8ocInG0A1ZadNoPzBlPyBX8o1EMiibAoxS3dFwOHp3ByAZnGa6A=w45-h45-p-rp-mo-br100","Luz Cisne","1 opinión","Hace un año","Negligencia tras negligencia. Si no desea vivir una experiencia muy lamentable estando enfermo mejor ni se acerque a este hospital que lo que parece es un simple hotel. Hay falta de insumos y de buenos profesionales empáticos y morales. Hay…","","Me gusta","1","","Compartir",""
"https://lh3.googleusercontent.com/a-/ALV-UjX0wEY7iKyWV-E63AoqeSDjl1Sxnf2Hf-Duu_ANIu5PRuzQUTui=w45-h45-p-rp-mo-br100","Johis Samaniego","9 opiniones · 6 fotos","Hace 11 meses","En los casos de enfermedades crónicas o graves la verdad son ágiles, cuenta con médicos muy humanos, pero al ser público dependen de financiamiento del estado, lo cual varias veces provoca retrasos en servicios, falta de medicación o reactivos para los exámenes.","","","","","Compartir","Me gusta"
"https://lh3.googleusercontent.com/a-/ALV-UjUFeTB5_Hh8WCUkD-fNAGDJHtz_Bc5-qDD-9ELGWOrUIIgP2i_aQA=w45-h45-p-rp-mo-ba4-br100","Nia D.C","Local Guide · 74 opiniones · 19 fotos","Hace un año","No me gustó el trato que dan las enfermeras en el Banco de Sangre. El 16/08/2022 fui a donar sangre para mí compañera laboral, que se encuentra muy delicada con su salud y solo recibí frases cómo ""usted es obsesa"" ""Su sangre es de mala…","","Me gusta","5","","Compartir",""
"https://lh3.googleusercontent.com/a-/ALV-UjWivdATi_-r_mqtwUUT1H4sFOHW_WbJfBbwMonPZnhMicODMAxOqQ=w45-h45-p-rp-mo-ba4-br100","Fernando RodSan","Local Guide · 179 opiniones · 32 fotos","Hace un año","Muy buena infraestructura y atención (3n general), necesita ampliar un ala administrativa y de consulta externa en el espacio sobre el actual parqueadero, además la entrada principal remodelarla para construir un nuevo edificio con todos…","","","","","Compartir","Me gusta"
"https://lh3.googleusercontent.com/a-/ALV-UjUUpa1od-QaSj13p0LVR8yZD6Yr43CXgzKDqZVX44wzvKbFcY6K=w45-h45-p-rp-mo-ba5-br100","Javier Vizcaino","Local Guide · 141 opiniones · 468 fotos","Hace un año","Complicado la atención tanto al ingreso como el personal medico ., el ingreso esta custodiado por guardias para nada amables mala información prepotentes groseros patanes una total porquería deberían primero saber a quien contratan para…","","Me gusta","3","","Compartir",""
"https://lh3.googleusercontent.com/a-/ALV-UjV0RtHG_4lf054JpfpQi1YOZpVnI27FHQmsnfkd44-AMkuj=w45-h45-p-rp-mo-br100","Rosi Sandoval","1 opinión","Hace un año","Llevo más de un año esperando atención y cuando por fin logro hacerme atender me dicen que espere en la lista para ponerme la prótesis en mi cadera el dolor no alivia con nada, soy docente qué clase de calidad de vida me ofrecen .. con…","","","","","Compartir","Me gusta"
"https://lh3.googleusercontent.com/a-/ALV-UjW4TjdAezZaYFYrEZjiKGhdFq8B7BJBgEsQnyv_FwIAVoo_0XA=w45-h45-p-rp-mo-ba3-br100","Fernando Cruz Tamayo","Local Guide · 70 opiniones · 5 fotos","Hace 6 meses","Excelentes médicos. Un poco lenta la atención pero resuelven problemas.","","","","","Compartir","Me gusta"
"https://lh3.googleusercontent.com/a-/ALV-UjV0lwEh2wOONDYDw0km4HUzO1kY2vTL-p2rzggGiMdDM3qmzwpX=w45-h45-p-rp-mo-ba3-br100","Roberto Peña","Local Guide · 34 opiniones · 15 fotos","Hace 10 meses","Despues que tenga agendada su cita y el médico no haya renunciado lo atienden con normalidad... la rutina es como en todo sitio público","","","","","Compartir","Me gusta"
"https://lh3.googleusercontent.com/a-/ALV-UjWC-3fM63rzRBE53MRZ3yX9534UiqhUQ1RWwPllkpT5tYkT2Imj=w45-h45-p-rp-mo-br100","Mery Frey","3 opiniones","Hace 2 años","Tristemente este hospital es conocido como el hospital con los mejores profesionales en comparación a los otros hospitales. Si bien es cierto, la gente que viene al hospital Andrade Marín, son personas con recursos muy bajos, por ende los…","","Me gusta","8","","Compartir",""
"https://lh3.googleusercontent.com/a-/ALV-UjWYYRmoVq5t8Ndk98G59arovOKTYjtq3J44GWvQ5enQOYtVPfjj=w45-h45-p-rp-mo-ba5-br100","Mauricio Gudiño","Local Guide · 251 opiniones · 146 fotos","Hace un año","Entiendo que al tratarse de un hospital del seguro público no se tenga una buena disposición con el personal de la comunidad pero es importante entender el servicio al que están comprometidos y no solo ver cómo un ""trabajo"", cuando eso se…","","","","","Compartir","Me gusta"
"https://lh3.googleusercontent.com/a-/ALV-UjU_6UOJbtPPUETwDlFmxnQEuzeAKTHZkACccDT5K9UPRirWrtfP=w45-h45-p-rp-mo-ba6-br100","D Z","Local Guide · 435 opiniones · 1,604 fotos","Hace 2 años","La atención de las enfermeras es pésima en comparación a otros hospitales del estado. Literalmente no hay espacio y las enfermeras tienen que encargarse de varios pacientes al mismo tiempo. Todo el servicio es lento, entrar ahí es literalmente una lotería.","","Me gusta","1","","Compartir",""
"https://lh3.googleusercontent.com/a-/ALV-UjUnlTN2Pj1lS9ctsT2rU5D-KROq9LEDopdJnMaZixZ_oPyZc58=w45-h45-p-rp-mo-br100","Sharon Paladines","3 opiniones","Hace 9 meses","el sevicio es pesimo fui con mi mama y pasamos mas de medio dia para que atendieran una fractura, no se para que estamos pagando","","","","","Compartir","Me gusta"
"https://lh3.googleusercontent.com/a/ACg8ocKxKPy4mDXrMN6cLPNiMDQamBvfCS01TxMlJ7B_aQBqV0A5RA=w45-h45-p-rp-mo-br100","Doris Azucena Bonilla Aguilar","1 opinión","Hace 6 años","Tiene demasiadas falencias, a pesar de los aportes de sus afiliados no se puede acceder a la atención oportuna  que se merecen, se tiene que esperar meses para una cita y se juega con la salud de los usuarios, muchos no resisten la espera…","","Me gusta","3","","Compartir",""
"https://lh3.googleusercontent.com/a/ACg8ocLqP1U-yMRC1bamscWyJXeXTk4wSGOuJ8svgqxoEqfLjDshKQ=w45-h45-p-rp-mo-ba4-br100","Hugo Novoa","Local Guide · 70 opiniones · 41 fotos","Hace un año","Estoy constantemente en el hospital ya que tengo mi familia que es afiliada al seguro social... lo lamentable de todo es que debemos hacer cola con los pacientes aparte de que no se puede conseguir citas médicas y si le dan una....es para…","","Me gusta","1","","Compartir",""
"https://lh3.googleusercontent.com/a-/ALV-UjUGd0zeSdbCjIuEVPofWI-36jWxOVBPrwZrUCYFvKHQDgNTFyC78Q=w45-h45-p-rp-mo-ba3-br100","LUIS FERNANDO ROSERO MAYANQUER","Local Guide · 19 opiniones · 90 fotos","Hace 2 años","Dan lástima realmente lo mediocres que son, especialmente una Dra. Ordoñez, traumatologa de emergencias..
Cuando te va a atender lo hace con tremenda mala gana, te hace esperar por…","","Me gusta","5","","Compartir",""
"https://lh3.googleusercontent.com/a-/ALV-UjUvL_kvb0BtXhjXhJapg35SZBAglhQBCWPVmG3ica8Pkhyzr-wC=w45-h45-p-rp-mo-br100","karen sosa","1 opinión","Hace 10 meses","Pésima atención llamas a preguntar sobre citas y nadie sabe  te dicen valla al hospital vas al hospital y nada mismo y tampoco te ayudan","","","","","Compartir","Me gusta"
"https://lh3.googleusercontent.com/a/ACg8ocLmvl9229jBc_O-i5bEBMeHxTe0YuhDAnszO8xTLfHPfVj7CRM=w45-h45-p-rp-mo-ba4-br100","Rafael Andrade","Local Guide · 102 opiniones · 7 fotos","Hace 4 años","Entré por el área de emergencias por una fractura de la pierna. Todos me atendieron muy bien y con una rapidez digna de agradecer. Los médicos muy amables, y me derivaron a cirugía en cuestión de un par de minutos. Lamentablemente no tenían…","","Me gusta","3","","Compartir",""
"https://lh3.googleusercontent.com/a-/ALV-UjUHMNsNusuBhq46tBshGCRGXU_y3kPD6KrOgilsHY5JovMrLtj1=w45-h45-p-rp-mo-ba3-br100","Luis Sisa","Local Guide · 20 opiniones · 14 fotos","Hace un año","mala la atención fui a darle el encuentro en ese sitio a mi hijo que estaba en emergencia le pregunté al guardia me envió a la ventanilla pregunté allí me dijo esta en consultorio ya  adentró como siempre con mi educación le saludé  al doctor desde la puerta me dijo salga afuera q le pasa  porque se dentra, casi me pega","","Me gusta","1","","Compartir",""
"https://lh3.googleusercontent.com/a-/ALV-UjX4DAy7-yrgNlRgCFhkd-ZZTanDFbGMhLB9xMOxRsIcgLnb3vqb=w45-h45-p-rp-mo-ba2-br100","Bryan Mendoza “EL MANABA”","Local Guide · 15 opiniones · 11 fotos","Hace un año","Lo peor tengo mi seguro vengo hacer atender Ami hija y tiene de fiebre 39.3 y no me la atienden doctores incompetente lo único me dicen no se le va atender Pésimo #Ecuador
#Iess","","Me gusta","2","","Compartir",""
"https://lh3.googleusercontent.com/a/ACg8ocI-vtN9WxKGSdDwWonwIsvVvz0f40j4qsTyRvkPuWv90cQxNQ=w45-h45-p-rp-mo-br100","Erika Condor","1 opinión","Hace 2 años","Nose como puedo hacer para cojer cita con el neurologo del Carlos andrade marin ya madrugo 5 veces con el papel de la derivacion  y lo que me dicen que no hay turnos que vuelva el fin de mes y asi me tienen es para mi hijita que tiene epilepsia y ya nose que mas hacer porque no dan turnos ...","","Me gusta","2","","Compartir",""
"https://lh3.googleusercontent.com/a-/ALV-UjUlZPwo8XYbZtkWD2Lgg4anG7tdoPoO_LEntjqotHD_TfF0MmXoiw=w45-h45-p-rp-mo-ba4-br100","Oscar Mauricio","Local Guide · 42 opiniones · 129 fotos","Hace 8 meses","No existe comunicación entre guardias y doctores para dar información sobre los pacientes hay que esperar horas para saber algo","","Me gusta","2","","Compartir",""
"https://lh3.googleusercontent.com/a-/ALV-UjUqMwv3R1i8Br0zeASXFs5RNF2pODP_jA1w78iIKZJg-1-kc6pdRw=w45-h45-p-rp-mo-ba3-br100","Monny","Local Guide · 40 opiniones · 111 fotos","Hace 2 años","Buena atención los profesionales son de primera","","Me gusta","1","","Compartir",""
"https://lh3.googleusercontent.com/a/ACg8ocJQXj_DR8pGsOitXN1WdOIr3oNr36oEzpFM5401m_kTjsPIvQ=w45-h45-p-rp-mo-br100","Martha Kelly","1 opinión","Hace 6 años","Bueno tango a mi hermano hospitalisado en Neumologia desde la semana anterior, muy Feliz con el trato que el recibe de parte del el personal . Lo unico mal que encuentro en este hospital es las visitas que lo hacen tan complicado y no…","","Me gusta","1","","Compartir",""
"https://lh3.googleusercontent.com/a-/ALV-UjX8Q8vAtTaUFHq6k7pQCflyXjSP0LipervobFbSK0L05kyHDlHyTQ=w45-h45-p-rp-mo-ba5-br100","Kenneth Vera","Local Guide · 372 opiniones · 566 fotos","Hace 7 años","Recientemente. fueron acreditados por alcanzar muy altos niveles de calificación en sus modelos de gestión de calidad. Hay que tener en cuenta que las casas de salud superan su capacidad muchas veces por lo que no hay consultas dependiendo de la demanda si no por la capacidad que tiene el hospital.","","","","","Compartir","Me gusta"
"https://lh3.googleusercontent.com/a-/ALV-UjXuQD_sjEpHEHcwtdjFyYfMBII-qNp593i1kV5uw504E8-zhkZI=w45-h45-p-rp-mo-br100","Mercedes Aguilar","7 opiniones","Hace 4 años","Agradezco mucho al hospital, a los doctores, enfermeras, personal en general, tuve una cirugía y todo estuvo excelente!! Gracias por el gran aporte y el gran cuidado que dan a sus pacientes, aun debo volver por controles y espero que siga así de bueno como me atendieron en la cirugía!!!","","Me gusta","1","","Compartir",""
"https://lh3.googleusercontent.com/a-/ALV-UjWhaj1O3aggjl9ix_MTtPOksDVLEQMvnzy7mQXorOLULz5UWsx8=w45-h45-p-rp-mo-ba4-br100","Gabriela Morales","Local Guide · 109 opiniones · 151 fotos","Hace 5 años","El hospital es administrado por el Instituto Ecuatoriano de Seguridad Social IESS. Se trata de una instalación de propiedad pública ubicada en el centro de Quito. Ofrece servicios integrales a los individuos cubiertos por la seguridad de la…","","Me gusta","1","","Compartir",""
"https://lh3.googleusercontent.com/a-/ALV-UjUjiETlwXEDS1-zLVSYr2zcC-402URjgLYhhi3iw62xxYDM-UTGDQ=w45-h45-p-rp-mo-br100","Patricio Novillo","6 opiniones · 1 foto","Hace 4 años","En el área de Urologia, creen q al aten dernos nos hacen un favor, todos deben cumplir su trabajo y con esmerado trato, y el médico tratante al extender una orden de ingreso a cirugía, de e subir al sistema, en mi caso, en el tercer piso de…","","","","","Compartir","Me gusta"
"https://lh3.googleusercontent.com/a-/ALV-UjUtqXpJYbI0e0MeDwDx0Q2U3rg2SsWPNHLUpiUMA70xkptpEKGs=w45-h45-p-rp-mo-ba4-br100","Rodrigo Morales","Local Guide · 125 opiniones · 57 fotos","Hace 4 años","Por primera vez en mi vida me realizaron en el mismo dia para pre operatorio examen de sangre , orina , electrocardio grama  Rx  y consulta con medicina interna pero como siempre sigue la insertidumbre espera han pasado nueve meses y cuanto tiempo mas pasara para la cirigia","","","","","Compartir","Me gusta"
"https://lh3.googleusercontent.com/a-/ALV-UjXlYYQp2TmTSdJ5Jp4OhYCwzuuaz_gmgTNArkx5mPjPi8DdjwA=w45-h45-p-rp-mo-br100","WILSON ANDRES AYALA FREIRE","1 opinión","Hace 5 años","Señores directivos de HCAM los pacientes oncológicos y familiares
seguimos en la incertidumbre porque los equipos se encuentran dañados en radioterapia y no hay profesionales, necesitamos atención prioritaria…","","Me gusta","1","","Compartir",""
"https://lh3.googleusercontent.com/a-/ALV-UjVGYVSyDykUZJuH1XEwKkkhGyqpGbsASYkJIs7A8IC3aFHBpOH80g=w45-h45-p-rp-mo-br100","Vero Eliza","1 opinión","Hace 2 años","Necesito ayuda por si alguien sabe,mi papá tiene un tumor cerebral y no hay modo que lo operen,si no lo operan, el tumor va a crecer y va afectar sus movimientos corporales, el es asegurado se llama José Abraham Cayambe Tené,","","","","","Compartir","Me gusta"
"https://lh3.googleusercontent.com/a/ACg8ocIAnrj2dZHn1gke-3XB-gePXP-n1LepBngNURFUo29YpOFL8w=w45-h45-p-rp-mo-ba4-br100","Rams Del","Local Guide · 66 opiniones · 225 fotos","Hace un año","Siempre la gente que se dedica a la salud, tendra mis respetos y deseandoles que sigan en esa lucha constante salvando mas personas.","","Me gusta","1","","Compartir",""
"https://lh3.googleusercontent.com/a-/ALV-UjWoN73lu4Hb_T31-SaHfiH-49Wty9eHh-zNqT9YdUATVLbYd4eO=w45-h45-p-rp-mo-ba5-br100","Marlene Vizuete","Local Guide · 186 opiniones · 177 fotos","Hace 4 años","Excelente hospital queria agradecerle a los Doctores Palacios,Zoporta y la Doctora Plaza,  mi padre Franklin Vizuete fue operado con gran éxito y a toda la área de Neurocirugía, gracias a las señoritas enfermeras, y a todo el personal que…","","Me gusta","2","","Compartir",""
"https://lh3.googleusercontent.com/a/ACg8ocIOkDddV7ASgcezynfKooDVQD_VYTLLK4wJPI8B8PqvhhxGunw=w45-h45-p-rp-mo-br100","Yulia","2 opiniones","Hace 7 años","Fuí hoy a hacerme atender por sufrir un dolor muy importante en la zona sacro-lumbar, a tal punto la dolencia que camina casi arrastrando los pies. Fuí a emergencia, tardó lo normal, bastante rápido diría yo, pero uego que me revisaron de…","","Me gusta","1","","Compartir",""
"https://lh3.googleusercontent.com/a/ACg8ocKXA_p7PI1y0AKQVXWGinnSRi05q951QYPUwBcSwryR9X-XyA=w45-h45-p-rp-mo-br100","Catalina Vizuete","1 opinión","Hace 4 años","Excelente hospital y muy agradecida con el Dr Palacios y Dra Plaza de neurocirugía excelentes profesionales operaron a mi padre Franklin. Vizuete Viteri de un tumor en la columna y esta super bien caminando Dr. PALACIOS Dios le Pague por…","","Me gusta","1","","Compartir",""
"https://lh3.googleusercontent.com/a-/ALV-UjXp9CO8h-uwl3Hy_8VoY-D33iQ7q_A8ciD7ajlHBXW76VEYDr1W=w45-h45-p-rp-mo-ba5-br100","Yessie Coronado","Local Guide · 197 opiniones · 252 fotos","Hace 5 años","Las instalaciones no son adecuadas, son viejas y en mal estado. No existen accesos ni ascensor para las personas que lo podemos usar escaleras o gradas. El. Personal en general atiende de mala gana aún sabiendo que nosotros pagamos por ese…","","Me gusta","1","","Compartir",""
"https://lh3.googleusercontent.com/a-/ALV-UjUmXoDFIuE-O9mnEGcWztD00VG2K6igcpxUV7LvCNnE1Sn0j6BVFQ=w45-h45-p-rp-mo-br100","Wendy Yadira Rodriguez Gonzalez","2 opiniones","Hace 3 años","Malo muy malo el servicio de calle center mi padre ingreso muy mal por covid uno y todos estamos angustiados xq por otras razones no podemos estar junto a él, pero aunq llamamos en los horarios establecidos no contestan así te mates…","","Me gusta","2","","Compartir",""
"https://lh3.googleusercontent.com/a/ACg8ocI6_Prnai6nDcP2OlzqteR3EFYmAa0BBL7-yVHYd3NjYqjr=w45-h45-p-rp-mo-br100","Mishelle Tobar","1 opinión","Hace 3 años","El peor servicio de enfermería en hospitalización de ginecología y obstetricia. Y hay que tener mucho cuidado con la comida del hospital estuvimos 3 pacientes con infeccion estomacal por la comida.","","Me gusta","5","","Compartir",""
"https://lh3.googleusercontent.com/a-/ALV-UjVEwtYL9XMYRPRpgt2fsYKvCgtNYBGbnAX0u4cXMkGQOBsbGP9o5A=w45-h45-p-rp-mo-ba3-br100","Cris Enca","Local Guide · 99 opiniones · 2 fotos","Hace 2 años","Sin lugar a duda la peor atención posible, asegurados que han aportado toda su vida, reciben trato inhumano e indiferente aunque estén muriendo, las licenciadas son inhumanas y maltratan a cualquier familiar que entra en ese lugar, cero…","","Me gusta","6","","Compartir",""
"https://lh3.googleusercontent.com/a-/ALV-UjW8w8QibxqXzTa0yRGC1NGucM1jlqHuQzQWsp-gC1-fA5QTCA7MIw=w45-h45-p-rp-mo-ba4-br100","DAMIÁN","Local Guide · 38 opiniones · 264 fotos","Hace 3 años","Cómo es posible que un hospital como este me haya entregado medicamentos caducados con fecha de mayo. Cuando ya está.os septiembre. Que clase de atención hay en este hospital. Tanto que uno paga para que el servicio desde la guardiania sea un completo desastre....","","","","","Compartir","Me gusta"
"https://lh3.googleusercontent.com/a-/ALV-UjVqrR-bLXx3epapqsgBTfAtfKRsNVT3i1IXFZXY9V5PSFkwMRA_=w45-h45-p-rp-mo-ba5-br100","DanyTV","Local Guide · 172 opiniones · 15 fotos","Hace un año","Servicio para los afiliados al IESS saturado casi todo el tiempo. Las instalaciones necesitan mantenimiento.","","","","","Compartir","Me gusta"
"https://lh3.googleusercontent.com/a-/ALV-UjUehs-Ys_f5RwHZPEf9Vwvea41kXlydJEk9hjSpn_alpIRatrvfXg=w45-h45-p-rp-mo-ba3-br100","David Lara","Local Guide · 43 opiniones","Hace un año","El hospital es un lugar sucio y peligroso. Las enfermeras son groseras y el personal médico no tiene ni idea de lo que está haciendo. No recomiendo este hospital a nadie.","","Me gusta","3","","Compartir",""
"https://lh3.googleusercontent.com/a-/ALV-UjWChivPdImMRMUfh0IxUDrDKN7t9jqTJgkg1GjFlWWP0l0oyKzWzA=w45-h45-p-rp-mo-ba6-br100","Carlos Miranda","Local Guide · 605 opiniones · 2,252 fotos","Hace 10 meses","Buena atención, pero no se puede entrar las visitas en emergencia","","","","","Compartir","Me gusta"
"https://lh3.googleusercontent.com/a-/ALV-UjXjjYVXekmKreSvdhQHX2NGWSvGU0zbEWR29pTz1FqTO-bn0SH48w=w45-h45-p-rp-mo-ba3-br100","Margarita Raza","Local Guide · 61 opiniones · 1 foto","Hace 6 años","El personal de vigilancia es muy mal educado no son ágiles para prestar ayuda. Deberían aprender Lo que son en el hospital del Iess del sur. Todo el personal presta atención inmediata.","","Me gusta","1","","Compartir",""
"https://lh3.googleusercontent.com/a/ACg8ocLO0-HcUNGjbAe04rjuzTRcfpKl_NO3KX8isuoSbNDTiC4bvA=w45-h45-p-rp-mo-br100","Angel Calderon","1 opinión","Hace 4 años","Gracias a los doctores Palacios,Plaza y Zoporta operaron a un gran amigo Franklin Vizuete de un tumor de la columna y esta bien caminando lo que pensamos que iba a quedar mal pero no gracias a Dios y a estos excelentes profesionales eminencia de neurocirugia","","Me gusta","1","","Compartir",""
"https://lh3.googleusercontent.com/a-/ALV-UjXi1k2inj32T48EJfSZ2o72f7M1hdZHY5IrCd8OwOa-Q8lWRn2G=w45-h45-p-rp-mo-ba4-br100","David Ronquillo","Local Guide · 62 opiniones · 198 fotos","Hace 4 años","Muy buen servicio, los edificio podrian estar un poco más renovados , pero el servicio medico es muy bueno. El staff medico es de gran ayuda al paciente.","","","","","Compartir","Me gusta"
"https://lh3.googleusercontent.com/a/ACg8ocLTWP7lCrwH2buo6gvnrJ6sj56azuvqWPmAI3RC7uebbUwhGg=w45-h45-p-rp-mo-br100","ELSA Sanche Valdivieso","2 opiniones","Hace 4 años","No hay PEMETREXED para la quimioterapia . Si mi esposo no la recibe empeorará . En estos tiempos de tanto atraco como es posi le que no haya previsión para enfermos catastróficos. EXPLICACION POR FAVOR¡¡¡¡¡","","","","","Compartir","Me gusta"
"https://lh3.googleusercontent.com/a/ACg8ocIgqTzUqrIgP8zbK8bK2EAITEwp_vs4jnB2wCqjmLBaJ_HA1A=w45-h45-p-rp-mo-br100","Migdalia Solorzano","1 opinión","Hace 5 años","Una excelente atencion muy   agradecida con el personal medico  estuve internada algunos días la atencion  es buena .Gracias Dra. Davila .por todo   Me realizaron una hablacion  en el corazón  y me siento feliz mi estilo d vida cambio  mil  gracias Dr. Jose  Luis Laso quien me realizo la ablación","","","","","Compartir","Me gusta"
"https://lh3.googleusercontent.com/a/ACg8ocLwpyXdAN4U8PFfv9GoO4JnrYfM78xZEJpdPVCiZ3KqdLYJ2A=w45-h45-p-rp-mo-br100","Caro Herrera","1 opinión","Hace 4 años","Deberian cambiar a todo el personal de call center son maleducados y groseros  q pena q le hagan quedar mal al hospital no pueden resolver una pregunta y solo cuelgan el telefono  no tienen respesto","","","","","Compartir","Me gusta"
"https://lh3.googleusercontent.com/a/ACg8ocKv35LhviU8t61Mz-bYoIbKST_sDgSz6H6a8z1uhrDe2Y3gRdy1=w45-h45-p-rp-mo-ba4-br100","Ximena peña","Local Guide · 113 opiniones · 327 fotos","Hace 5 años","Hospital de tercer nivel atiene en hospitalización las 24 hrs!
Personal calificado ! Enfermeras muy cordiales y áreas muy controladas por guardias de seguridad !","","Me gusta","1","","Compartir",""
"https://lh3.googleusercontent.com/a-/ALV-UjUbY6WcKtvX3iNCxpeQ8sk10VdZyEUgAgAV4LYhkUEWMnVCKJD5bw=w45-h45-p-rp-mo-ba5-br100","Juan Pablo Cevallos","Local Guide · 311 opiniones · 130 fotos","Hace un año","Buena atención aunque para los turnos es difícil. Deberían tener un detector de metales para controlar las personas que ingresan.","","","","","Compartir","Me gusta"
"https://lh3.googleusercontent.com/a-/ALV-UjWlnjNDw2whxeAV8rvwOnZ0uqUJ0BSlj55kxdLAwnfVbrKaadD-hA=w45-h45-p-rp-mo-ba5-br100","Fernando Valdivieso N","Local Guide · 411 opiniones · 502 fotos","Hace 2 años","La atención lamentablemente es lenta, no hay medicinas y el trato a pacientes y familiares es poco adecuado, en emergencias. 😔👎…","","Me gusta","1","","Compartir",""
"https://lh3.googleusercontent.com/a-/ALV-UjXPSQcHkB_LDRaRtblyBjJRZAv1hWZqSr4PW_Ab-lAVo7XXdwsI=w45-h45-p-rp-mo-br100","Juliana Vicente","1 opinión","Hace 3 años","He llamada por call center opción 0 y me han tratado de forma hostil esto es muy duro para mi soy paciente de oncología y me encuentro en controles, por favor cual ha sido mi delito para tal maltrato y no es la primero vez que pasa","","Me gusta","2","","Compartir",""
"https://lh3.googleusercontent.com/a-/ALV-UjVX9ATd_pAQrCTwIqGpbw4h2QOHdoSpn3mchZJFTlsljLckThXe=w45-h45-p-rp-mo-ba3-br100","Cristian Vizuete","Local Guide · 69 opiniones · 38 fotos","Hace 4 años","Totalmente agradecido  con 3 doctores DR PALACIOS, DRA PLAZA Y DR ZOPORTA de neurocirugía...muy buen servicio le operaron a mi padre y lo hicieron excelente y los resultados totalmente positivos","","Me gusta","2","","Compartir",""
"https://lh3.googleusercontent.com/a-/ALV-UjVfyxRFQ9FMoFHspEAidQnPPo_UG0U4zEFehK1FuoNuHfob-Xbr_A=w45-h45-p-rp-mo-ba4-br100","Javier Ricardo zambrano Basurto","Local Guide · 111 opiniones · 365 fotos","Hace 2 años","Yo me hago chequeos generales hay super bien la atención para mi si en buen lugar para emergencia","","Me gusta","3","","Compartir",""
"https://lh3.googleusercontent.com/a-/ALV-UjWsKduoZvIGIWqtUsqTPv5nVY6WrDQejWB-ded2M7Vp3G0TGQcwDw=w45-h45-p-rp-mo-ba4-br100","Ruben Dario Avila Cueva","Local Guide · 85 opiniones · 35 fotos","Hace un año","La atención médica excelente lastimosamente no hay todas las medicinas","","","","","Compartir","Me gusta"
"https://lh3.googleusercontent.com/a/ACg8ocJvpSkdskuF5HsLqvh5g2BetQD89OgP-iFbBK5hqug-QsuCRg=w45-h45-p-rp-mo-br100","andry gonzalez","2 opiniones","Hace 9 meses","Buena atención fui con un familiar grabé lo atendieron al instante","","","","","Compartir","Me gusta"
"https://lh3.googleusercontent.com/a-/ALV-UjUCeee5Bg-MVsV6CUjObyKSs9bx22IGj_Mb1VS6gtI4Cy-FcL9v=w45-h45-p-rp-mo-ba4-br100","Andres Villegas","Local Guide · 127 opiniones · 40 fotos","Hace un año","Muchas veces los equipos están en mal estado generando problemas para los usuarios y los médicos","","Me gusta","1","","Compartir",""
"https://lh3.googleusercontent.com/a-/ALV-UjW3R6SRDp_XSyGp9dN17FBtOSDhAVr98wSemF158uMdfoSySnGx=w45-h45-p-rp-mo-br100","Ibañez Lara Steveen Joel","1 opinión · 1 foto","Hace un año","Excelente hospital, salvaron la vida de mi hermana","","Me gusta","1","","Compartir",""
"https://lh3.googleusercontent.com/a/ACg8ocKk2t4ue0QnjtGTp9p999oMI_Y3qvi_uYUaxJR8ocZFhJwb=w45-h45-p-rp-mo-ba2-br100","Holger Moreira","Local Guide · 17 opiniones · 1 foto","Hace 5 años","Hospital Carlos Andrade Marin (HCAM) del IESS ubicado al centro norte de Quito. A pocas cuadra del parque el Ejido y de la Iniversidad Central . A una cuadra de la avenida America y en esta la parada del IESS del metro.El mas completo de los Hospitales del IESS de Quito","","","","","Compartir","Me gusta"
"https://lh3.googleusercontent.com/a-/ALV-UjUK3pf02WpwVZuEfAE-ujS9et2v9gQL1ixJtDL21WTbDqgiX7BX=w45-h45-p-rp-mo-ba4-br100","Remigio Ismael Cuichán G.","Local Guide · 96 opiniones · 164 fotos","Hace 3 años","Buena atencion para niños, considerando la Pandemia en el área de pediatría se manejan buenos protocolos cuando detectan pasientes con covid,...","","","","","Compartir","Me gusta"
"https://lh3.googleusercontent.com/a/ACg8ocLxgh8dU_2ZkTeMjmCEzYB4DQtsrVP5jyQfHq6-Ni2vaAkg6g=w45-h45-p-rp-mo-br100","Diego Cayan","2 opiniones","Hace un año","La atencion es rapida y tiene especialistas para lo que se requiere","","","","","Compartir","Me gusta"
"https://lh3.googleusercontent.com/a/ACg8ocLKLkDbIID9UvF6b5iswk6McOYSAbYyUv-pUQhRCIEsKfBIEg=w45-h45-p-rp-mo-br100","Mirian Cargua","1 opinión","Hace 4 años","Gracias a los Dr Palacios Dra Plaza y Dr Zoporta por el excelente profesionalismo operaron a mi amigo Franklin Vizuete  de un tumor de la columna y se encuentra muy bien muchas gracias","","Me gusta","1","","Compartir",""
"https://lh3.googleusercontent.com/a-/ALV-UjXN8eN3VBVe3en_kaL2VBKA9W_TlhbjZOutkaOYqv91EmDznFPkTg=w45-h45-p-rp-mo-ba4-br100","MERCY LÓPEZ","Local Guide · 169 opiniones · 63 fotos","Hace un año","Bueno el hospital andrade Marin es bien amplió,  y atiende a miles de personas 🤷…","","","","","Compartir","Me gusta"
"https://lh3.googleusercontent.com/a-/ALV-UjWzbh3SQUP16mWN4ZDktiaoOKjEtyRkKldIkqwiX8Jdry6LGOlw=w45-h45-p-rp-mo-br100","FRANKLIN VIZUETE","3 opiniones","Hace 4 años","Dios los bendiga y proteja en especial a neurocirugia son una eminencia. Excelentes profecinales, gracias por devolver la vida a las personas.","","Me gusta","1","","Compartir",""
"https://lh3.googleusercontent.com/a-/ALV-UjW4M75TqoeEnw30wph0NV0X6xwoPbRBVCBeLlsi4lP0zOvJAe4S=w45-h45-p-rp-mo-br100","Oswaldo Chiguano Pallo","1 opinión · 1 foto","Hace 7 años","FELICITACIONES A LOS DOCTES DE CIRUGÍA QUIENES OPERARON BIEN QUE LOGRÓ SANAR MI CÑADO JORGE ALCIDES NEGREETE GRACIAS POR BRINDAR TODO RECUPERÓ Y SE ENCUENTRA BIEN QUE SIGAN SALVANDO LA VIDA","","Me gusta","1","","Compartir",""
"https://lh3.googleusercontent.com/a-/ALV-UjXZLIPpqoDbCM9me33qQK7e1PCuXc02ZMTsEhARhDP3okTv0h6t1A=w45-h45-p-rp-mo-ba4-br100","Ricardo Navarrete Palacios","Local Guide · 100 opiniones · 81 fotos","Hace 2 años","Un excelente hospital. Lleno con los mejores profesionales del país.","","","","","Compartir","Me gusta"
"https://lh3.googleusercontent.com/a-/ALV-UjXP-McD6m1iP9joct2WLyIrkjAp4HCa2sHCrtFp4Y7dpUSPapUk8A=w45-h45-p-rp-mo-ba3-br100","Diego Arauz","Local Guide · 5 opiniones · 102 fotos","Hace 4 años","Las agendas de las citas son mal hechas por que hacen esperar mucho a los usuarios, en mi caso espere tres horas y no me parece bien esperar mucho tiempo.","","Me gusta","1","","Compartir",""
"https://lh3.googleusercontent.com/a-/ALV-UjXSocJ62nEBeCjENAHW7oJpNBgqLGSMHp50ktGMk-nsTgB0t8I=w45-h45-p-rp-mo-br100","Lourdes Margarita","5 opiniones · 4 fotos","Hace 2 años","La atención es pésima ,los doctores no atienden en el  horario efectuado del turno .","","","","","Compartir","Me gusta"
"https://lh3.googleusercontent.com/a-/ALV-UjW89r5nN3iSxwJdXxkVgPFCMytW_tJag-4CXoiiuc2qovWd-x5Y_w=w45-h45-p-rp-mo-ba5-br100","Arelis Monasterio","Local Guide · 212 opiniones · 198 fotos","Hace un año","Fui a talento humano y la segunda persona que me atendió me dio buenas respuestas y me ayuda. Gracias","","","","","Compartir","Me gusta"
"https://lh3.googleusercontent.com/a-/ALV-UjV09JqUgtxdNP8clhpJO50K92IWuQRkMlbNFV10MU_g3pdWaisocg=w45-h45-p-rp-mo-ba6-br100","Eduardo Yaguar","Local Guide · 638 opiniones · 1,139 fotos","Hace 6 años","Es uno de los mejores Hospitales Públicos del país por ende es muy concurrido pero tengo buenas experiencias de atención en el mismo","","Me gusta","1","","Compartir",""
"https://lh3.googleusercontent.com/a-/ALV-UjVMWLuwad3XDpXQHkEBLPhuSFqXA1tUglR0gDIm6gmAMf-C6_8f=w45-h45-p-rp-mo-br100","Boris Aráuz","5 opiniones","Hace 9 meses","Muy buenos enfermeros","","","","","Compartir","Me gusta"
"https://lh3.googleusercontent.com/a-/ALV-UjWwLf-WGV6mPKfdioGRlK6Xv8M9Z5ezVd6EgebzC1QSyD_uWV_P=w45-h45-p-rp-mo-ba5-br100","Hector Espinoza","Local Guide · 297 opiniones · 587 fotos","Hace 5 años","Es una excelente Institucion de Salud. Tecnologia de Punta y Profesionales de muy alto nivel.","","Me gusta","1","","Compartir",""
"https://lh3.googleusercontent.com/a-/ALV-UjU15lkKuImst6kZoYBDbdoyz5otjYxKBNw-jYLsV2qCO5TjlbGW=w45-h45-p-rp-mo-ba5-br100","Robert Beltran","Local Guide · 543 opiniones · 712 fotos","Hace un año","Es la mejor instalación de salud del IESS, desafortunadamente arrastra los problemas de la institución.","","","","","Compartir","Me gusta"
"https://lh3.googleusercontent.com/a-/ALV-UjXK2VIcCBSbv5x4Ag5LKi2BH_4hf6uyfoD4uN13B61Kos2AvvA=w45-h45-p-rp-mo-ba2-br100","Jorge Guerra","Local Guide · 23 opiniones · 3 fotos","Hace 4 años","Pésima atencion la persona que está en emergencia es un completo patán y prepotente, la atención un completo desastre","","Me gusta","3","","Compartir",""
"https://lh3.googleusercontent.com/a-/ALV-UjV3c8amrdhwxRITd6qpmazO70NSC7E63DSt07L-06Hvh9u3jHZLJg=w45-h45-p-rp-mo-ba5-br100","W iesby","Local Guide · 69 opiniones · 972 fotos","Hace 7 años","Que desmejorado está el servicio... demaciados pasantes, sin sillas en las salas de espera, demora en la atención... horrible","","Me gusta","1","","Compartir",""
"https://lh3.googleusercontent.com/a-/ALV-UjUAqp0oPj0Tu_EDg6A7ilNTA_OKTx9D__Q2Y1iqmshDCcdzGkeN=w45-h45-p-rp-mo-ba4-br100","Vicente Ortiz","Local Guide · 67 opiniones · 124 fotos","Hace 3 años","Hospital del Iess (seguro social)
Con paciencia se recibe buena atención","","","","","Compartir","Me gusta"
"https://lh3.googleusercontent.com/a/ACg8ocIJxMe1Ao1V2eE1mr7uBF5HzDO1GGbn-BAGevcDqlXMg2fuuA=w45-h45-p-rp-mo-ba4-br100","Walker Jarrin","Local Guide · 123 opiniones","Hace 3 años","Muy buena atención, me ayudaron en todo lo que necesite, en hospitalización son excelentes","","","","","Compartir","Me gusta"
"https://lh3.googleusercontent.com/a-/ALV-UjUMyLfwqQBneIulqrlxRL72rhSjrkvQ14f1VqJZ1Bbc6t5NT099=w45-h45-p-rp-mo-br100","ADRIANA QUIMBIAMBA","2 opiniones","Hace 9 años","Al estar hospitalados le dan una habitación lo cual las enfermeras se me robaron mi cobija y quería que pague yo ¡¡¡justicia!!!","","","","","Compartir","Me gusta"
"https://lh3.googleusercontent.com/a/ACg8ocKGiQ5fP67ODhKM_4CGH5Km3zkaTTnd_HCJC26QcstRQg-3og=w45-h45-p-rp-mo-br100","Antonio Asquí Álvarez","1 opinión","Hace 4 años","La atencio es de primera me realisaron dos cirujias muy delicadas gracias Dr Aulestia","","Me gusta","1","","Compartir",""
"https://lh3.googleusercontent.com/a-/ALV-UjW6Y9oUP5Oq1HLWkg4HzxFE4EdRctl4busGtL0Yqvxk1FiZsYQ=w45-h45-p-rp-mo-ba4-br100","ISAC xACID","Local Guide · 86 opiniones · 70 fotos","Hace 7 años","Hay buenos profesionales,  pero atienden a una infinidad de pacientes,  nosotros apoyemos la salud con un poco de tolerancia.","","","","","Compartir","Me gusta"
"https://lh3.googleusercontent.com/a/ACg8ocJCoLjnjRCme1IasnmlIv9ZvNfBcCdnsxlRV3pnBdH8kkStBg=w45-h45-p-rp-mo-ba4-br100","Johnny Xavier Pérez","Local Guide · 44 opiniones · 35 fotos","Hace 4 años","Tiene amplio parqueadero y sus instalaciones son muy seguras para transitar con tranquilidad.","","","","","Compartir","Me gusta"
"https://lh3.googleusercontent.com/a-/ALV-UjWqaJCq7j2YtYFRhq6_2fF9GM_A47PzMdFQ1FmxZyFjGzJ4iwVH=w45-h45-p-rp-mo-br100","Antonio Villavicencio","1 opinión","Hace 6 años","Buenas tardes por favor quiero saber la hora y día de entrega de turnos para el servicio de desintometria. Gracias","","","","","Compartir","Me gusta"
"https://lh3.googleusercontent.com/a-/ALV-UjURCa55NwRnxCL9lXn7eNT9ezD1MfstJSRnQy4dT_XO7Nbj-9EV=w45-h45-p-rp-mo-br100","Hijo de Dios","5 opiniones","Hace 9 meses","Buen atención y buen servir a los clientes","","","","","Compartir","Me gusta"
"https://lh3.googleusercontent.com/a-/ALV-UjUoSqZRGcBSGSxbkXHAZfeOegCUtYNFqTFQIiPd-uDCY1KqX_eu-g=w45-h45-p-rp-mo-ba4-br100","kari cuenca","Local Guide · 74 opiniones · 24 fotos","Hace un año","En Atención le daría un4 de 5
En salud 4
Coordinación 4
Seguridad 5","","","","","Compartir","Me gusta"
"https://lh3.googleusercontent.com/a-/ALV-UjVy0rT4rSrCsdGORNz6IcNJv5Bhi7REDwWV5WbXVbbj8MF4-Xa_Sg=w45-h45-p-rp-mo-ba4-br100","Antonio Achig","Local Guide · 193 opiniones · 4 fotos","Hace un año","Atención buena. Lo malo los insumos. No tienen","","","","","Compartir","Me gusta"
"https://lh3.googleusercontent.com/a/ACg8ocKzo6LPn9wT4cU2Djzk82W4wPCotO5zm7RDZ2n8B-gahoUADQ=w45-h45-p-rp-mo-br100","Byron Perez","2 opiniones · 1 foto","Hace 4 meses","Cumpleaños de papazote","","","","","Compartir","Me gusta"
"https://lh3.googleusercontent.com/a-/ALV-UjU1Gr15UJNzDQZHFmkRJRAf5ZEMKJPgIqZTW6W7yfxxRng_XWwZ=w45-h45-p-rp-mo-br100","richard sanchez","3 opiniones","Hace 9 meses","Un buen lugar, 5 estrellas","","","","","Compartir","Me gusta"
"https://lh3.googleusercontent.com/a-/ALV-UjUzK77o6rlBrO0svaog4e23ZN2VW5UC8Syn0nPSyTMDeRpjyh-UIQ=w45-h45-p-rp-mo-ba2-br100","Marlon Rodriguez","Local Guide · 8 opiniones · 13 fotos","Hace 7 años","Es un hospital público que cumple con todos los estándares necesarios en caso de una emergencia además cuenta con la atención de cualquier especialidad","","","","","Compartir","Me gusta"
"https://lh3.googleusercontent.com/a/ACg8ocKZyVqHzV8TnnvXC2P6t9fjSvHXVWaTrP-1DUUqmh5rkUWr9Q=w45-h45-p-rp-mo-br100","joao roldan","5 opiniones","Hace 9 meses","Excelente 👌 lugar muy bonito…","","","","","Compartir","Me gusta"
"https://lh3.googleusercontent.com/a-/ALV-UjWjORWDCWyP6U6nUVWCHoqpkfpp2241xExnz7Fr0qMC1Ep3KYOf=w45-h45-p-rp-mo-br100","Natu Mangua","6 opiniones","Hace 3 años","Excelente atención en emergencias odontológicas, totalmente agradecida😊…","","Me gusta","1","","Compartir",""
"https://lh3.googleusercontent.com/a-/ALV-UjWIKujzxBLOc_I6SH-j5VeGmzoj1gFUVEQpKeGMfNM1wc5qB2KtBw=w45-h45-p-rp-mo-ba3-br100","IZA u","Local Guide · 39 opiniones · 19 fotos","Hace 5 años","Es un hospital q carece de amabilidad existe personal q es grosero y no hay material necesario","","","","","Compartir","Me gusta"
"https://lh3.googleusercontent.com/a/ACg8ocKnHMBUAeWU1xY0p1I7t5bqHtHUNWK69NA8LctUlj3mdQhxGg=w45-h45-p-rp-mo-br100","Juan Herrera","1 opinión","Hace 9 años","En lo personal es una buena atencion lo unico q es un poquito malo es en la alimentacion y lo q es en atencion es perfecta","","","","","Compartir","Me gusta"
"https://lh3.googleusercontent.com/a-/ALV-UjXVuJv69gwgiwNL0u20QsWxlyZ7YVeWn-aWIWttVdvtIRLSqhYJ=w45-h45-p-rp-mo-ba5-br100","Juan Carlos Diaz","Local Guide · 407 opiniones · 560 fotos","Hace 7 años","HOSPITAL PARA AFILIADOS AL SISTEMA SOCIAL DEL ECUADOR....BUENA ATENCIÓN CON MÉDICOS MUY CALIFICADOS..","","Me gusta","1","","Compartir",""
"https://lh3.googleusercontent.com/a/ACg8ocKQ3hxiHATx6KLz8_m_PCzYL_CewiVQIETMIwhHpOE5C6eYKQ=w45-h45-p-rp-mo-br100","Gloria Galarza","16 opiniones · 5 fotos","Hace 5 años","Que relajo de atención, esperar 4 horas para que te den tremenda medicación !ibuprofeno!","","","","","Compartir","Me gusta"
"https://lh3.googleusercontent.com/a-/ALV-UjU6swTrBaJS4h48nRusrSMn4lG6KnyDUi5K3ZSOOKwrdlqpeERs=w45-h45-p-rp-mo-ba3-br100","CESAR CARGUACHI","Local Guide · 13 opiniones · 8 fotos","Hace 8 meses","Muy buena atención","","","","","Compartir","Me gusta"
"https://lh3.googleusercontent.com/a-/ALV-UjXKQe4kNFuSFHoQcfqk8QW8uBxcKF7Qq6oR5ylTKC8QX2NBIuo=w45-h45-p-rp-mo-ba5-br100","OSWALDO RIOFRIO","Local Guide · 446 opiniones · 25 fotos","Hace 2 años","Buen lugar, buena atención, no tiene parqueadero","","","","","Compartir","Me gusta"
"https://lh3.googleusercontent.com/a/ACg8ocLieR__CtFYd4DGDj9dg7bGV1oFj1O7I1uV7emJA6nz145JtA=w45-h45-p-rp-mo-br100","Talento Humano","3 opiniones","Hace un año","podrían mejorar el sistema de citas","","","","","Compartir","Me gusta"
"https://lh3.googleusercontent.com/a/ACg8ocK6SieVJbp3tEmKR_XpSxcQtpo-FiLRbkZnKQhXwPcU825Ryg=w45-h45-p-rp-mo-ba4-br100","GERMAN LOPEZ","Local Guide · 115 opiniones · 380 fotos","Hace un año","Excelente lugar pero no hay medicina","","","","","Compartir","Me gusta"
"https://lh3.googleusercontent.com/a-/ALV-UjVQ7_e4ye_vd44ft-U3o7Q_x4tl51oXa51PN5UomxuBocYkVl8=w45-h45-p-rp-mo-br100","Trinidad Mosquera Felix","1 opinión","Hace 8 años","estoy que llamo a este numero del hospital y nadie contesta timbra y timbra y nada","","","","","Compartir","Me gusta"
"https://lh3.googleusercontent.com/a/ACg8ocLEukVUdzsTAtXa2a4cL1pBPZfZ4qjL1Z_0Bw6BWCNUDtcbBg=w45-h45-p-rp-mo-br100","Lorena Páez","1 opinión","Hace 5 años","Excelente atención en todos los servicios que me han atendido","","Me gusta","1","","Compartir",""
"https://lh3.googleusercontent.com/a-/ALV-UjXHElj6u_tqMxwucT93O2SKxFsfJUyad-PIFDH4FxpiF9Vv4swf=w45-h45-p-rp-mo-ba4-br100","MC G","Local Guide · 54 opiniones","Hace 9 meses","Muy lento un trato malo","","","","","Compartir","Me gusta"
"https://lh3.googleusercontent.com/a-/ALV-UjX6MAklNB61p5xt7jWWgv92TM9cuIVWL3gQCvE8Y81YhyxVbEdXqA=w45-h45-p-rp-mo-ba5-br100","Wendy Almeida","Local Guide · 308 opiniones · 56 fotos","Hace un año","Muy buenos profesionales","","Me gusta","1","","Compartir",""
"https://lh3.googleusercontent.com/a-/ALV-UjXTIHE68v8_gXzcb_eK6IC_xT1dUlzkl0B6PhaZlXppczFsF8VH=w45-h45-p-rp-mo-ba4-br100","Giovanny Campoverde","Local Guide · 131 opiniones · 266 fotos","Hace 2 años","Existe mucha negligencia en este hospital.","","Me gusta","1","","Compartir",""
"https://lh3.googleusercontent.com/a-/ALV-UjXPIvRtbHR-pcJjW7h8C05i9aXJ_RT6TshSBNHuU8Gkkrt7tFVI=w45-h45-p-rp-mo-ba3-br100","Patricio Gaibor A","Local Guide · 45 opiniones · 13 fotos","Hace 10 años","Un hospital con tecnología y personal en constante cambio para una mejor atención","","","","","Compartir","Me gusta"
"https://lh3.googleusercontent.com/a-/ALV-UjXINEJARKOzhE5ep2bO-NkFUkLgjA8NcnCtYQbF5J6gMCirGnOE=w45-h45-p-rp-mo-ba3-br100","Susana Larrea","Local Guide · 56 opiniones","Hace 5 años","Me han atendido con amabilidad y profesionalismo y agilidad.","","Me gusta","1","","Compartir",""
"https://lh3.googleusercontent.com/a-/ALV-UjU4r0NDTTxJaztHJGgdgGtV-hajzDn7Vl79ZYAnuwcubjZbV3jX8w=w45-h45-p-rp-mo-ba4-br100","Carlos Alberto Moreira Terán (Takechy)","Local Guide · 79 opiniones · 38 fotos","Hace 7 años","Es mi lugar de trabajo, es un Hospital impresionante!!!","","Me gusta","1","","Compartir",""
"https://lh3.googleusercontent.com/a/ACg8ocKybimcD0KFYBLSSe6UE2cFmDrEW8wd-KuwK5FocmmN9WiYRg=w45-h45-p-rp-mo-br100","Alex Salazar","9 opiniones","Hace 9 meses","Un lugar acogedor maravilloso","","","","","Compartir","Me gusta"
"https://lh3.googleusercontent.com/a/ACg8ocJaTWe6aKTaGe53rP-AooOJbx0Nd8fdMaNWwfVeb6sfjRz6tw=w45-h45-p-rp-mo-ba3-br100","Andy Toons","Local Guide · 44 opiniones · 64 fotos","Hace 6 años","Se demora la atención
Por lo demás excelente","","","","","Compartir","Me gusta"
"https://lh3.googleusercontent.com/a-/ALV-UjU8WlX-Ot4aT1IEUsUquDFmZ0sngDzQ-AhsVLghptg0lnXzBJa4zA=w45-h45-p-rp-mo-br100","Elizabeth Narvaez","1 opinión","Hace 9 años","faltan cosas por mejorar pero me parece bien lo que ya se ha hecho","","","","","Compartir","Me gusta"
"https://lh3.googleusercontent.com/a-/ALV-UjWeSHdgsABSFRnq6xbtdlnzIcYq3-6wybCpZk_0Tr8yLIx6DWMs=w45-h45-p-rp-mo-ba4-br100","Jorge Segovia","Local Guide · 132 opiniones · 422 fotos","Hace 11 años","Todavía falta mucho para una atención de calidad, reconozco que hay mejoras y buenos avances.","","","","","Compartir","Me gusta"
"https://lh3.googleusercontent.com/a/ACg8ocII_j9e5EPtqwUkEdjgBZy0PF8GJKeEfeJyvLYoAYZ1UWJyZG1M=w45-h45-p-rp-mo-ba2-br100","David Sanchez","Local Guide · 22 opiniones · 11 fotos","Hace 7 años","El servicio no es excelente pero ha mejorado mucho con respecto a años pasados","","","","","Compartir","Me gusta"
"https://lh3.googleusercontent.com/a-/ALV-UjVC9D5l1H7SDQ-2iVh3f7m91MVGq7xQmMvO8A5NhHdYqE8PGw-j=w45-h45-p-rp-mo-ba3-br100","Luis Gustavo Jarrín Yerovi","Local Guide · 49 opiniones","Hace 2 años","Atención de primera, a pesar de la falta de medicamentos.","","","","","Compartir","Me gusta"
"https://lh3.googleusercontent.com/a-/ALV-UjWx-HuRHwZ9moLDi7JgGylYRbXPNXrUJzMQsnIGiDau4_GKvjGTOQ=w45-h45-p-rp-mo-ba2-br100","Alejandro Vera","Local Guide · 12 opiniones · 36 fotos","Hace 6 años","Hasta ahora buena atencion y rapido ingreso","","","","","Compartir","Me gusta"
"https://lh3.googleusercontent.com/a-/ALV-UjWM6SqZ20RRGo3cpDQ1zbNpF-0vh5GfFoAa-YAsW8nq5Ir0IefT=w45-h45-p-rp-mo-br100","JAMILETH MOREIRA","1 opinión","Hace 9 meses","Exelente servicio 😉🙏…","","","","","Compartir","Me gusta"
"https://lh3.googleusercontent.com/a/ACg8ocILqqo7WkPuRX1qZb_0jtz01jh5FX3FY8HtAPBdVtX2Z94_ow=w45-h45-p-rp-mo-ba2-br100","Walter Raul","Local Guide · 16 opiniones · 3 fotos","Hace 8 meses","Puede mejorar","","","","","Compartir","Me gusta"
"https://lh3.googleusercontent.com/a-/ALV-UjW4phqKeoJzNGLFVoxLU8WbK6IyQQZ-jflj_CHwIKaoV1LGGBo=w45-h45-p-rp-mo-ba3-br100","Santi Cabrera Maldonado","Local Guide · 37 opiniones · 16 fotos","Hace 6 años","No hay un buen trato.. empezando desde el guardia de la entrada.","","","","","Compartir","Me gusta"
"https://lh3.googleusercontent.com/a/ACg8ocJit3bGpJ9p2ue0OD5lPgbkGjRW5EddS6skR1-SOVpvh-dYZA=w45-h45-p-rp-mo-ba5-br100","Ricardo Ortega O","Local Guide · 185 opiniones · 20 fotos","Hace 7 meses","Buena atención","","","","","Compartir","Me gusta"
"https://lh3.googleusercontent.com/a/ACg8ocKeSb2rOyXno7RzGNmUk7kgpawyvxRVnQ4DioOfM18qZBIa=w45-h45-p-rp-mo-ba2-br100","angel yanez","Local Guide · 5 opiniones · 35 fotos","Hace 11 meses","Buen ambiente","","","","","Compartir","Me gusta"
"https://lh3.googleusercontent.com/a-/ALV-UjWiKkJnk1ASnsFGUNXnnBhPhxIKTwjgenAESlTiGjGb2F_j7yf-=w45-h45-p-rp-mo-ba3-br100","Pamela Sánchez","Local Guide · 60 opiniones","Hace 10 meses","Falta empatía","","","","","Compartir","Me gusta"
"https://lh3.googleusercontent.com/a-/ALV-UjUhy4O3_POuQENItbLejS0Zszx__tr5IfkdhA9EJDBplY6udyXJYw=w45-h45-p-rp-mo-ba6-br100","EDD","Local Guide · 523 opiniones · 5,187 fotos","Hace 6 años","El hospital tradicional del Seguro Social Ecuatoriano...","","Me gusta","1","","Compartir",""
"https://lh3.googleusercontent.com/a-/ALV-UjV1sNQaZyIn9YCilfhReMxrwfpYbjVXgcR_LVWQZDQTzc0RnsTi=w45-h45-p-rp-mo-ba4-br100","Rosa Ana Tamayo","Local Guide · 134 opiniones · 209 fotos","Hace 7 años","A veces no brindan una atención ágil y oportuna...","","","","","Compartir","Me gusta"
"https://lh3.googleusercontent.com/a/ACg8ocJ-9wSu-c2BHvU4L27mp5a2n9En5pkQhhOreSYeem0P-QDwcg=w45-h45-p-rp-mo-br100","Monica Ponce","1 opinión","Hace 10 años","No quiero seguir a ki  quiero irme a casa","","","","","Compartir","Me gusta"
"https://lh3.googleusercontent.com/a/ACg8ocJtS1__-mvA-gqmKdGnHj5a48DxTrLQqIqYMwfmqvOa26EgmwCQ=w45-h45-p-rp-mo-ba3-br100","Edwin Patricio Troya Gómez “Djedwin”","Local Guide · 50 opiniones · 50 fotos","Hace un año","Exelentes profesionales","","Me gusta","1","","Compartir",""
"https://lh3.googleusercontent.com/a/ACg8ocJNJTLQh7jtpI-kMPCzkWMGMWvtq1mO3D09Zia91aEgRzfdYA=w45-h45-p-rp-mo-ba6-br100","Victor Hugo Lamiña","Local Guide · 607 opiniones · 786 fotos","Hace 2 años","Muy lenta la atención.","","","","","Compartir","Me gusta"
"https://lh3.googleusercontent.com/a-/ALV-UjVerXYFGqicXiPNw4tMc2MPhJuDKzcrcLhi3xFk0m3bHzr_djE=w45-h45-p-rp-mo-ba4-br100","Alejandro Paredes","Local Guide · 182 opiniones · 55 fotos","Hace un año","Aceptable","","","","","Compartir","Me gusta"
"https://lh3.googleusercontent.com/a-/ALV-UjXHNo7614kxRN8SgO8zVRHixahZf7j1m-7i0piJpNwRN3UZnAI=w45-h45-p-rp-mo-ba5-br100","Enrique Ponce","Local Guide · 184 opiniones · 407 fotos","Hace un año","Buen lugar en hospital","","","","","Compartir","Me gusta"
"https://lh3.googleusercontent.com/a/ACg8ocLRjjKQM7bMR7useksmDyfSpdDVXO6bQ6MUThnDk5ZHjTdeQA=w45-h45-p-rp-mo-br100","nena Jane","1 opinión · 1 foto","Hace 6 años","Pesima atencion médicos y personal...","","","","","Compartir","Me gusta"
"https://lh3.googleusercontent.com/a-/ALV-UjWR_jERQH6PTSpRRSO8UCWeFW4DFGY3_21SRv_I3a_jKnXJzLgenw=w45-h45-p-rp-mo-ba3-br100","Ángel León Jaramillo","Local Guide · 17 opiniones · 85 fotos","Hace 7 años","Cirugía - Hospitalización","","","","","Compartir","Me gusta"
"https://lh3.googleusercontent.com/a-/ALV-UjVQBF87fcGAr2eS4FAa4vcviE94IHkBlvsYNECjpxvYnBKVqthS=w45-h45-p-rp-mo-br100","Gloria Trejo","17 opiniones · 5 fotos","Hace 10 años","En el Hospital CAM Quito mucha espera. !!!!!","","","","","Compartir","Me gusta"
"https://lh3.googleusercontent.com/a-/ALV-UjVwF1Catc7nuT_EFIbr4Lnve6n3XkcH7FLWrFAP51nFTqVCFT6O=w45-h45-p-rp-mo-ba4-br100","EDWIN NÚÑEZ","Local Guide · 101 opiniones · 43 fotos","Hace 5 años","Hospital de tercer nivel del IESS en Ecuador.","","Me gusta","1","","Compartir",""
"https://lh3.googleusercontent.com/a-/ALV-UjV4EbKMAvnAcQ3fZ45WZjfuM8lYrgk2gc5QAGfxmJ_O61trYIhF=w45-h45-p-rp-mo-ba3-br100","Patty Alex","Local Guide · 84 opiniones · 10 fotos","Hace 4 años","Si sigues los procesos el servicio mejora","","","","","Compartir","Me gusta"
"https://lh3.googleusercontent.com/a-/ALV-UjVEeiswFhdxOF_8oz39mHLS06Hc39ZR5vRrxr7Wp1wlRdqnrahp=w45-h45-p-rp-mo-ba5-br100","Richard","Local Guide · 244 opiniones · 449 fotos","Hace 5 años","Excelente atención en Oncologia","","Me gusta","2","","Compartir",""
"https://lh3.googleusercontent.com/a-/ALV-UjXbPPmfGxPPenV3-Iq0tbiIuwTQl3Nrh7tc_4y4Kv1yurtODm47=w45-h45-p-rp-mo-ba2-br100","Byron Serrano Ortega","Local Guide · 7 opiniones · 13 fotos","Hace 11 años","Registra la ubicación lejos de la real. A mejorar,,,,!","","","","","Compartir","Me gusta"
"https://lh3.googleusercontent.com/a-/ALV-UjV8tAEt5UHecT3vUmXeCTObp_Kg3aDNVgLo0xlCV-iH7fiwqLM=w45-h45-p-rp-mo-br100","Tatiana Panchana","1 opinión","Hace 11 años","X la mariscal tambien puedo llegar","","","","","Compartir","Me gusta"
"https://lh3.googleusercontent.com/a-/ALV-UjUpPm3xaEXgX2ld-8cqQUceN63iVBW1db-lS4l1pAtsfdNwTtBcow=w45-h45-p-rp-mo-ba6-br100","Sam Zljr","Local Guide · 184 opiniones · 38 fotos","Hace 4 años","Más o menos de atención al afiliado","","Me gusta","2","","Compartir",""
"https://lh3.googleusercontent.com/a-/ALV-UjXdjXr2gYmV0mMEG53g_GQBPIRoAPV2Ida8gJIpUYoCyyqbizDU=w45-h45-p-rp-mo-ba4-br100","Patricio YANEZ VILLACIS","Local Guide · 94 opiniones · 142 fotos","Hace 3 años","Hospital de especialidades de la seguridad social","","","","","Compartir","Me gusta"
"https://lh3.googleusercontent.com/a/ACg8ocKUdjVXbLyjYHlzvILCfOuKj9qPiZGLnvshglirX14ovXrzaw=w45-h45-p-rp-mo-br100","Paola Gabriela León Vanegas","1 opinión","Hace 8 años","Podria ser mas detallado","","","","","Compartir","Me gusta"
"https://lh3.googleusercontent.com/a-/ALV-UjXJP9cSGZEjROFcp-cTRiJ3qwCj-Ft_oYF--KxeQuFBGKvoEE2G=w45-h45-p-rp-mo-br100","Erika Fiscal","2 opiniones · 2 fotos","Hace 8 años","No he tenido mayores inconvenientes","","","","","Compartir","Me gusta"
"https://lh3.googleusercontent.com/a-/ALV-UjXU2dIx7GUCdoGLw9rNZaOWk0Cx51yXlv1DJ4JnrEGBsbkI0fF7=w45-h45-p-rp-mo-br100","Báez Nancy.","8 opiniones · 1 foto","Hace 5 años","que ortopedistas trabajan alli?","","","","","Compartir","Me gusta"
"https://lh3.googleusercontent.com/a-/ALV-UjVrdzljk-FFkCW50KTCQwrVL-8u1HM-cLhibgSu0ZbTgimSCUc=w45-h45-p-rp-mo-ba4-br100","Mauricio Jaramillo","Local Guide · 156 opiniones · 8 fotos","Hace un año","Buena","","","","","Compartir","Me gusta"
"https://lh3.googleusercontent.com/a-/ALV-UjXY2eO1LwNwr2jEA1FiV8ph0S_VXbkIBPsdEKwB6_Lr4UzoSOM=w45-h45-p-rp-mo-br100","Jhojhan González","2 opiniones","Hace 2 años","Excelente servicio","","","","","Compartir","Me gusta"
"https://lh3.googleusercontent.com/a-/ALV-UjXYLmk2nLJh_DA0Ibiv5KjuYFpkhpujo5efSAo3vnaIQaJ3I_xu=w45-h45-p-rp-mo-br100","Cesaré Da Ponté","35 opiniones · 32 fotos","Hace 2 años","Excelente","","","","","Compartir","Me gusta"
"https://lh3.googleusercontent.com/a-/ALV-UjWD5dXU7cUL1PoegotmONQDEmyAzhfaoeXBpj56PlZJKe-jU94X=w45-h45-p-rp-mo-ba5-br100","Google Business","Local Guide · 145 opiniones · 1,884 fotos","Hace un año","Exelente hospital","","","","","Compartir","Me gusta"
"https://lh3.googleusercontent.com/a-/ALV-UjVQh3IpWUaRtCrOSi2t92W4bMu0p95cwS_gKwsrnCpa5WrBvoXa=w45-h45-p-rp-mo-ba4-br100","Jorge Segovia","Local Guide · 85 opiniones · 140 fotos","Hace 4 años","Hospital del IEES","","","","","Compartir","Me gusta"
"https://lh3.googleusercontent.com/a-/ALV-UjU8FdOq3zP7L8hsVHXpWuepg3iBuIU7aPHvfrlfOe9yUsDFunb7EA=w45-h45-p-rp-mo-ba3-br100","Patrick Medina","Local Guide · 36 opiniones · 31 fotos","Hace 3 años","Hospital de tercer nivel","","","","","Compartir","Me gusta"
"https://lh3.googleusercontent.com/a-/ALV-UjUouFgu-BGgLjpoPa6_-ZAxl-ocUSsR97liJtm4yvFxaOs1_iQeVA=w45-h45-p-rp-mo-br100","Washington David Mendez Mendez","216 opiniones","Hace 6 años","tiene bn referencias","","","","","Compartir","Me gusta"
"https://lh3.googleusercontent.com/a-/ALV-UjUnovsLnnHppmq9IMikONtC1QQeTfWNjzjNOxOcmO29UmCSqyE=w45-h45-p-rp-mo-ba5-br100","Carla Luzuriaga","Local Guide · 271 opiniones · 113 fotos","Hace 3 años","Buena atención.","","","","","Compartir","Me gusta"
"https://lh3.googleusercontent.com/a-/ALV-UjUnyNDpgPShUPJI53XVaopYfQJrbx-Z4gwaMfllCIuEVSrzJqI=w45-h45-p-rp-mo-ba2-br100","Angel Velez","Local Guide · 3 opiniones · 1 foto","Hace 8 años","Chevere","","","","","Compartir","Me gusta"
"https://lh3.googleusercontent.com/a-/ALV-UjW23rLzY35BExKak838rW8JBlNTPYi_waUn4wonMQvAlvaQ2XM=w45-h45-p-rp-mo-ba2-br100","Jonathan Jouqras","Local Guide · 3 opiniones · 19 fotos","Hace 10 años","Buen servicio","","","","","Compartir","Me gusta"
"https://lh3.googleusercontent.com/a-/ALV-UjWxf8o7GeOCqzm8ja2N7b2vDSqo1NQ3aX-nAw6ZjvrF9F5nI3zs=w45-h45-p-rp-mo-ba2-br100","Daniel Alvarado Pedroza","Local Guide · 16 opiniones","Hace 4 años","Excelente atención","","","","","Compartir","Me gusta"
"https://lh3.googleusercontent.com/a-/ALV-UjX9kd-TAmUF4zWxSXCLRyiVwiNpyccB-iBGbi_7PxB0zlNFCtXj=w45-h45-p-rp-mo-ba5-br100","Joffre Pérez Villarroel","Local Guide · 534 opiniones · 176 fotos","Hace 4 años","Hospital nivel uno","","","","","Compartir","Me gusta"
"https://lh3.googleusercontent.com/a-/ALV-UjUnlJRISwBEMninMPj3j3kl_72wkuSYC9vwOlJ7adbGIz1OS3SBgA=w45-h45-p-rp-mo-ba5-br100","Alvaro Villalba Quintero","Local Guide · 107 opiniones · 1,017 fotos","Hace 3 años","Excelente instalaciones","","Me gusta","1","","Compartir",""
"https://lh3.googleusercontent.com/a-/ALV-UjXaw8xKWgDthO0MDj8yb9115ELKeK1CpOtvfzrZhrUIeL2RaGw=w45-h45-p-rp-mo-br100","Andres Burneo","1 opinión","Hace 5 años","PÉSIMO","","","","","Compartir","Me gusta"
"https://lh3.googleusercontent.com/a/ACg8ocL4hmk4WLCGFQGP3WbPwVUmCRVCvHzxHABhz8SCyk_t3cCRzg=w45-h45-p-rp-mo-br100","Santiago Vasquez","8 opiniones","Hace 5 años","Quirófano","","","","","Compartir","Me gusta"
"https://lh3.googleusercontent.com/a/ACg8ocLWUSthWn0RcCayca9OhC_T7HQgBuAV96ka_rdSVyM_8cMXoA=w45-h45-p-rp-mo-br100","ramiro Chicaiza Guambi","2 opiniones · 7 fotos","Hace 3 años","🥺😔…","","","","","Compartir","Me gusta"
"https://lh3.googleusercontent.com/a-/ALV-UjVRkFOwnFHpDiNpW_Y1w0_1-Uyi9-d9fW7j_mjfdcCr0J7Vm14=w45-h45-p-rp-mo-br100","Maick Musick","6 opiniones","Hace 6 años","😟👎…","","","","","Compartir","Me gusta"
"https://lh3.googleusercontent.com/a/ACg8ocLSj-1YHRncxh2cnpplR2Z98DbmlTp0iXUBSgmhvUg5ELDJAQ=w45-h45-p-rp-mo-br100","pablo lopez","1 opinión","Hace 4 años","Excelentes profesionales","","","","","Compartir","Me gusta"
"https://lh3.googleusercontent.com/a-/ALV-UjVCEfRUaCsoEpE3Ki2R2nLJMRGwpMDDtdacmaFXt10n-m7Z2r4vKw=w45-h45-p-rp-mo-ba5-br100","Santiago Pinto","Local Guide · 355 opiniones · 116 fotos","Hace 2 años","Buenos doctores.","","","","","Compartir","Me gusta"
"https://lh3.googleusercontent.com/a-/ALV-UjVLplms8CEOEyYQlPzeLdGZ4N3zlIuOOcQQIp8WkBylQWz0HE8Ivg=w45-h45-p-rp-mo-ba5-br100","Francisco Flores","Local Guide · 99 opiniones · 579 fotos","Hace 3 años","Excelente!!","","Me gusta","1","","Compartir",""
"https://lh3.googleusercontent.com/a/ACg8ocKyc-GjTQ8fmNppN0yhOlxP0rTjKJp-FIKX1ISBIuOSKXAMB6Q=w45-h45-p-rp-mo-br100","Bryan Alexander Cevallos Martinez","1 opinión","Hace 10 meses","Hospital público","","","","","Compartir","Me gusta"
"https://lh3.googleusercontent.com/a-/ALV-UjVGAUHgrQJqnnIJlqPDp6fLhxV6noAFaC6CSn8TaqmfKGF0D88h3A=w45-h45-p-rp-mo-ba2-br100","LUCY SANTAMARIA","Local Guide · 1 opinión · 48 fotos","Hace 5 años","Hospital Carlos Andrade Marín","","","","","Compartir","Me gusta"
"https://lh3.googleusercontent.com/a-/ALV-UjVNEEICDqT_EfZp4cWiiKNHm6_LdQ-nExkNbMtDPIv74Xa5R7ze=w45-h45-p-rp-mo-br100","Martha Beatriz Briones Mayea","1 opinión · 1 foto","Hace 11 años","Buena  ....","","","","","Compartir","Me gusta"
"https://lh3.googleusercontent.com/a-/ALV-UjWjpS9wdYMbOKzU-G9jA0AmRLl1PdJBdwGgUOCs8AvLyseXP-0=w45-h45-p-rp-mo-br100","Xavier Proaño","4 opiniones · 7 fotos","Hace 9 años","Esperando a la doctora","","","","","Compartir","Me gusta"
"https://lh3.googleusercontent.com/a-/ALV-UjW7aBgoIYrJR3i7PRWGDsvaHTb5Q4LDxRfu5RnJ65ibj6UCQl0=w45-h45-p-rp-mo-ba3-br100","Andres Almeida","Local Guide · 26 opiniones · 85 fotos","Hace 3 años","Bueno","","","","","Compartir","Me gusta"
"https://lh3.googleusercontent.com/a-/ALV-UjW5WYraVEp5VWDFIbdpKIipjo7pET4k9AISxyYXsMbFhnqlx56e=w45-h45-p-rp-mo-ba3-br100","Rolando Vicuña","Local Guide · 47 opiniones · 7 fotos","Hace 4 años","Buena atención","","","","","Compartir","Me gusta"
"https://lh3.googleusercontent.com/a/ACg8ocKAJhZ7XTXWdBs-DRpsGTwuBhc7E3h3vskK3KLffoyCWP0Fdw=w45-h45-p-rp-mo-br100","jazmin bravo","1 opinión","Hace 6 años","Buena atencion","","","","","Compartir","Me gusta"
"https://lh3.googleusercontent.com/a-/ALV-UjVDuREicLSAEkA_-lN9Oo5TjBUWqXOUw3iqyF8Dcos5wkZjQWbg4g=w45-h45-p-rp-mo-ba4-br100","Christian Cáceres","Local Guide · 47 opiniones · 150 fotos","Hace 7 años","Excelentes profesionales","","","","","Compartir","Me gusta"
"https://lh3.googleusercontent.com/a-/ALV-UjUM89NsUoOFdzVSY5EJaUdBbnaNUGjqI-OjIUQSMc_SgjCiUJ_O=w45-h45-p-rp-mo-ba5-br100","Francisco Jarrin","Local Guide · 246 opiniones · 252 fotos","Hace 5 años","Excelente comida de mar alrededor del hospital.","","","","","Compartir","Me gusta"
"https://lh3.googleusercontent.com/a-/ALV-UjWpRItdxT1fqh2e0_irxnuDG4Lyog3s49LFe3kcxIrd-QpZsEdHsg=w45-h45-p-rp-mo-br100","Gladys Palacios","1 opinión","Hace 2 años","De acuerdo.","","","","","Compartir","Me gusta"
"https://lh3.googleusercontent.com/a-/ALV-UjU9JfWDdhqre3divTICLl8BRBCObyQgt5L3--NNVRCLe5eQMAc=w45-h45-p-rp-mo-br100","Jhon Rivera","1 opinión","Hace 4 años","Buenoo","","","","","Compartir","Me gusta"
"https://lh3.googleusercontent.com/a-/ALV-UjUEDQtfZiuel3Q8QAZpwT6RXxenAaseHR0Wg9YfVxaJCiKZoVYlYA=w45-h45-p-rp-mo-br100","ECUADOR LOPEZ","1 opinión","Hace 10 años","HCAM","","","","","Compartir","Me gusta"
"https://lh3.googleusercontent.com/a/ACg8ocJTi2ORAAxHS6Yx1VBH9xYn_OS59xeXz6c0lnTmK3c8oaoQkw=w45-h45-p-rp-mo-br100","Elvia Rivera Gaona","","Hace un mes","","","","","","",""
"https://lh3.googleusercontent.com/a-/ALV-UjVE1YU3wUaDUpd1nth5i0rrQSiDJvZPlrBPz3jjCmR_2NTrFco7=w45-h45-p-rp-mo-ba3-br100","Luís Adrián Jaya Varela","Local Guide · 48 opiniones · 79 fotos","Hace 2 meses","","","","","","",""
"https://lh3.googleusercontent.com/a/ACg8ocLNaD0GPBWxOMLgrKrOOje48VoEo43bryrceA6-uB4sAtfViQ=w45-h45-p-rp-mo-br100","Alicia Llaguno","","Hace 2 meses","","","","","","",""
"https://lh3.googleusercontent.com/a-/ALV-UjVgt6lawgNklLf8UpzcT5IJbIonoab7FFcaPTLnkDd1xjBwkBam=w45-h45-p-rp-mo-ba4-br100","Sandro Herrera","Local Guide · 57 opiniones · 14 fotos","Hace 2 meses","","","","","","",""
"https://lh3.googleusercontent.com/a-/ALV-UjWU_pDnWduRXqI5kcEOypC81MTTdi3h7-lBi5j9dYHNTg6V-xI=w45-h45-p-rp-mo-ba2-br100","Karen Bone Flores","Local Guide · 10 opiniones · 3 fotos","Hace 3 meses","","","","","","",""
"https://lh3.googleusercontent.com/a/ACg8ocKrWkYF5esJUR7MfOKLDY7v_u-QfdyQd9mee5gdQ8euOOZf=w45-h45-p-rp-mo-ba2-br100","Suilyn Contreras","Local Guide · 8 opiniones","Hace 4 meses","","","","","","",""
"https://lh3.googleusercontent.com/a-/ALV-UjUB5NnhsWcgSIUJGE_REDhmW9vsCNavEfd9OHEHNsSwtULcOKuF=w45-h45-p-rp-mo-ba4-br100","Roberto Puente","Local Guide · 59 opiniones · 294 fotos","Hace 4 meses","","","","","","",""
"https://lh3.googleusercontent.com/a-/ALV-UjUNCCUMUfjwukiej_lrrkNcP9manDawFuw1D7mU-5I1MrDcTGQm4g=w45-h45-p-rp-mo-br100","Fernando Araque Ponce","","Hace 5 meses","","","","","","",""
"https://lh3.googleusercontent.com/a/ACg8ocL4JCuwXPVid2p_zqIJC2eX0ghumYNiiK64LeaxX50xJMOYSQ=w45-h45-p-rp-mo-br100","Herman Roman","2 opiniones","Hace 5 meses","","","","","","",""
"https://lh3.googleusercontent.com/a-/ALV-UjWak2hruYTySL29mR3CAHYl8EhTDOH7d-visVp5HO_18Hr-nbqJ=w45-h45-p-rp-mo-ba3-br100","Majo Betancourt","Local Guide · 19 opiniones · 12 fotos","Hace 7 meses","","","","","","",""
"https://lh3.googleusercontent.com/a-/ALV-UjWWf8bt8y99bynb1QcxwxaA45nBD8g5UZAR-uelSaykOU5VcYlfsg=w45-h45-p-rp-mo-ba2-br100","Gissela Velasquez","Local Guide · 14 opiniones","Hace 8 meses","","","","","","",""
"https://lh3.googleusercontent.com/a-/ALV-UjXaPvWpKWE7UZks55Yf-eBZyiOEe671zS3Zhic-i06QSMQ3TZPTfw=w45-h45-p-rp-mo-ba4-br100","javier zambrano","Local Guide · 48 opiniones · 38 fotos","Hace 9 meses","","","","","","",""
"https://lh3.googleusercontent.com/a-/ALV-UjUPYKU3HXIhlX2FTMxA1alfDxWbHIYGQGQTEPJm0lSubf8n_JNv=w45-h45-p-rp-mo-ba3-br100","Dar Elk","Local Guide · 13 opiniones","Hace 9 meses","","","","","","",""
"https://lh3.googleusercontent.com/a-/ALV-UjUdZwQ8O5M9_wguRQwwTId0DQKMrDWCbOgFB0Y9pIT9Je2m9Wnd=w45-h45-p-rp-mo-br100","Geovanna Fiigueroa","","Hace 9 meses","","","","","","",""
"https://lh3.googleusercontent.com/a-/ALV-UjVQjb5AIBvidzqgoxKtCj2BWofwWtK-HlEmAZnKF2-KAvQHiHY=w45-h45-p-rp-mo-br100","THE COPAJXD","1 opinión","Hace 9 meses","","","","","","",""
"https://lh3.googleusercontent.com/a-/ALV-UjXHSUkGBfHhw_EUzreegWJ0uAJQpYzL43nX0iEiVXXB3GIcGWsd=w45-h45-p-rp-mo-br100","Erika Paucar","","Hace 9 meses","","","","","","",""
"https://lh3.googleusercontent.com/a/ACg8ocJI-k9jHMz8Nq1Vjra-Wdv-YMlSlQ_c6eC2ycdSFn8VSyQPHQ=w45-h45-p-rp-mo-br100","Genesis dayana Zambrano Vasquez","","Hace 9 meses","","","","","","",""
"https://lh3.googleusercontent.com/a-/ALV-UjUyLbC2t5YU3QskKi9JNNq8VKCsipfb477XHQEyAq5Ocg6bBEc=w45-h45-p-rp-mo-ba3-br100","Ricardo Sanchez","Local Guide · 12 opiniones · 10 fotos","Hace 10 meses","","","","","","",""
"https://lh3.googleusercontent.com/a-/ALV-UjW5p7YaFDlTVyWKgDXvg1pjhfTH62hZWNUhT_3By_8HBkYjC4Cq=w45-h45-p-rp-mo-ba4-br100","Juan Sebastian Vasquez Larrea","Local Guide · 58 opiniones · 15 fotos","Hace 10 meses","","","","","","",""
"https://lh3.googleusercontent.com/a-/ALV-UjUWk_P5TDp5M_wYoTyUGukqp4LLp-v1b620FKJfa1eYAVWb-R0L=w45-h45-p-rp-mo-ba3-br100","Francisco Esteban Martinez Miranda","Local Guide · 42 opiniones · 7 fotos","Hace 11 meses","","","","","","",""
"https://lh3.googleusercontent.com/a-/ALV-UjUXw-F3JYlx5NJfotRucNEFM4DJGy1uMqhYZA4B4aD0rzt7ZPcGjg=w45-h45-p-rp-mo-ba3-br100","Fercho Tamayo","Local Guide · 28 opiniones · 57 fotos","Hace 11 meses","","","","","","",""
"https://lh3.googleusercontent.com/a-/ALV-UjXBkRMzRvioP7JNH26ZEjKkyTQhyugp-2xYUkiW-o6sQ6JASjJTrg=w45-h45-p-rp-mo-br100","Edrismar Salazar","","Hace 11 meses","","","","","","",""
"https://lh3.googleusercontent.com/a-/ALV-UjUOZ3P0hEvjfX0CwiIlnsJVfrb9MUmwivAwfwTiUtbHTUJJ7A3e=w45-h45-p-rp-mo-ba3-br100","Carlos V Sánchez A.","Local Guide · 58 opiniones · 2 fotos","Hace un año","","","","","","",""
"https://lh3.googleusercontent.com/a-/ALV-UjVAX5l2REUMY6KXAPYYHKW47uV7gVRZpW9S3XvKkO9HKir65E3lEg=w45-h45-p-rp-mo-ba4-br100","JuanPa Boada","Local Guide · 62 opiniones · 293 fotos","Hace un año","","","","","","",""
"https://lh3.googleusercontent.com/a-/ALV-UjUt0HvW21Acq2nWjvF5GnmEX842Gwc7idETFGwbGlthCb1tIYlf=w45-h45-p-rp-mo-ba3-br100","Tatter Otk","Local Guide · 44 opiniones · 4 fotos","Hace un año","","","","","","",""
"https://lh3.googleusercontent.com/a-/ALV-UjVDTK_0BbhryCQ1egStlD9ME7iRpPz-9yVChYaWBzFdBv9bnCeTbQ=w45-h45-p-rp-mo-ba3-br100","Javito","Local Guide · 40 opiniones · 72 fotos","Hace un año","","","","","","",""
"https://lh3.googleusercontent.com/a-/ALV-UjXW-W3PNXQ1H8lXSG2iMtgW05iUjp54UW_ZFX3OFhCdQVX41FCx=w45-h45-p-rp-mo-ba5-br100","Mar77n LB","Local Guide · 83 opiniones · 154 fotos","Hace un año","","","","","","",""
"https://lh3.googleusercontent.com/a-/ALV-UjV1DDYeI0tnO_mBk_XwXXPFrM71VvpcTJtaIw8ahrUVs3QTF0ey=w45-h45-p-rp-mo-br100","Angie","3 opiniones · 3 fotos","Hace un año","","","","","","",""
"https://lh3.googleusercontent.com/a/ACg8ocJbgWwEvDtM9m1jWIMiVLaIIJ0_qnFoMHEfIpISv9xlfeDFDQ=w45-h45-p-rp-mo-ba4-br100","Darwin Buenaño","Local Guide · 88 opiniones · 23 fotos","Hace un año","","","","","","",""
"https://lh3.googleusercontent.com/a-/ALV-UjVZLcME7TBFCXtfpd1Q1cbKTXHIOXL_VtNBTg22oEkSYLEfB-6jVQ=w45-h45-p-rp-mo-ba4-br100","Carlos Alfredo Aulestia Arroyo","Local Guide · 36 opiniones · 60 fotos","Hace un año","","","","","","",""
"https://lh3.googleusercontent.com/a-/ALV-UjXScNTA5ku_ETjPoOQv_AUrpQ9Kku0hY7PmfDDXMDd6ZJGpvcHS=w45-h45-p-rp-mo-ba2-br100","Artecla Clases de arte","Local Guide · 11 opiniones · 4 fotos","Hace un año","","","","","","",""
"https://lh3.googleusercontent.com/a-/ALV-UjWc3WmR1c326JAoiDXDQRLF0HxuEPxCNANyShQFOyxfRIX-03cnfg=w45-h45-p-rp-mo-ba3-br100","Fernando Zambrano","Local Guide · 6 opiniones · 33 fotos","Hace un año","","","","","","",""
"https://lh3.googleusercontent.com/a-/ALV-UjUO5uEZJIwdhzcf7k46pE2VLELqhCEolY90OsPKot3fC4v6RAYs=w45-h45-p-rp-mo-ba3-br100","Gina Puente C.","Local Guide · 61 opiniones · 68 fotos","Hace un año","","","","","","",""
"https://lh3.googleusercontent.com/a/ACg8ocLLv46lqgML1C2qQj1WoZEAeG0Meq68BNE7jgBOZzmQ2JhaxA=w45-h45-p-rp-mo-br100","Melida Arellano","5 opiniones","Hace un año","","","","","","",""
"https://lh3.googleusercontent.com/a-/ALV-UjVPYjOlKyBKzRWuE1KiH3cTtM6qooTDvJw1uZh-Wb8c5wbRzrI=w45-h45-p-rp-mo-br100","Santiago Toapanta","","Hace un año","","","","","","",""
"https://lh3.googleusercontent.com/a-/ALV-UjUT_vHKUR9cVxrF6rBPGI2LbCybNcBVitYLvs3p3J6P6c-nZsG4=w45-h45-p-rp-mo-br100","Edwin Balcázar","4 opiniones","Hace un año","","","","","","",""
"https://lh3.googleusercontent.com/a-/ALV-UjXDtom3Golohm7spcjScIKFL71-w6VNqOt2qVXYyEV2YWdkkAs=w45-h45-p-rp-mo-ba5-br100","Gabriel Moreno","Local Guide · 96 opiniones · 363 fotos","Hace un año","","","","","","",""
"https://lh3.googleusercontent.com/a-/ALV-UjXx2u27_u2V9-l0bhWLtdUsSaHz7-sqGnpI84P7q7NWprgFLlo=w45-h45-p-rp-mo-br100","Andrea Andrade","1 opinión","Hace un año","","","","","","",""
"https://lh3.googleusercontent.com/a-/ALV-UjWmyabIGBkQ2YhV1IQAxQagj_nJMcsn-e_DeEp9T4tq-RyQt210=w45-h45-p-rp-mo-ba3-br100","Jose enrique Naranjo","Local Guide · 5 opiniones · 8 fotos","Hace 2 años","","","","","","",""
"https://lh3.googleusercontent.com/a/ACg8ocLrEYHGBbH74QtOFNL6LxeXxTvT4gD_3VqMJf9PPAuL1dOOzg=w45-h45-p-rp-mo-br100","Guadalupe Zuñiga Vallejo","","Hace 2 años","","","","","","",""
"https://lh3.googleusercontent.com/a-/ALV-UjXZFavp-mLInKXG1CBJeYeg1li143RkzI7Cq3qrgC3mVn3fqfMo=w45-h45-p-rp-mo-br100","Bernardita Asmal","","Hace 2 años","","","","","","",""
"https://lh3.googleusercontent.com/a/ACg8ocIDpBgjRShw_kKNCN6kFoAB9wi276r1fvrsoIYfGMBpRJO1=w45-h45-p-rp-mo-br100","Nancy Molina","","Hace 2 años","","","","","","",""
"https://lh3.googleusercontent.com/a/ACg8ocLX8VQQuxsUkOuRwZSzfzvl6xujhIUa2PUIycCUFYvRoIn4eA=w45-h45-p-rp-mo-ba4-br100","Ferrari","Local Guide · 103 opiniones · 64 fotos","Hace 2 años","","","","","","",""
"https://lh3.googleusercontent.com/a-/ALV-UjVMJUgylbGTqNDVI6VtoMsK45c4w1KGqVa_uShfV6tN51ynh-d6=w45-h45-p-rp-mo-ba3-br100","Ariel Guerrero","Local Guide · 18 opiniones · 19 fotos","Hace 2 años","","","","","","",""
"https://lh3.googleusercontent.com/a-/ALV-UjWqT3oqR8Wk-uOND_gvZ8Je6oFZxXVd5NkMNuBR58y7hQxq_iLg=w45-h45-p-rp-mo-ba2-br100","Aguilar Sant","Local Guide · 13 opiniones","Hace 2 años","","","","","","",""
"https://lh3.googleusercontent.com/a/ACg8ocI4jJ5A6Z7SzB1UFDFHzxThExH9eHa3KhpquedB2mGFd7GPaw=w45-h45-p-rp-mo-br100","Roberto Daniel Taipe Tamayo","1 opinión · 1 foto","Hace 2 años","","","","","","",""
"https://lh3.googleusercontent.com/a-/ALV-UjWi1tt9bxrznvioRjJSvrvs_YWBShXE9rQyS88quvoJy1ffHtto=w45-h45-p-rp-mo-ba3-br100","Verónica Proaño","Local Guide · 7 opiniones · 4 fotos","Hace 2 años","","","","","","",""
"https://lh3.googleusercontent.com/a-/ALV-UjXTBxulU6g9JZhXfGu6tqGfoo0kpCHSFEhlJ0IMHJZ8hS22XZecbA=w45-h45-p-rp-mo-ba5-br100","Victor Amores","Local Guide · 36 opiniones · 488 fotos","Hace 2 años","","","","","","",""
"https://lh3.googleusercontent.com/a-/ALV-UjWnQsHJZX_cuiCfZva2-6RJraKmcSe9aJpMC3xg4uskoGXvSAGsAg=w45-h45-p-rp-mo-ba4-br100","Diana Alvarez","Local Guide · 72 opiniones · 164 fotos","Hace 2 años","","","","","","",""
"https://lh3.googleusercontent.com/a-/ALV-UjWnbSSxEAAr98PTGqIE9XjQsvZ4Ug8WWwNxU7GERxLtGgUM9IV8=w45-h45-p-rp-mo-ba3-br100","Pablo Gudiño","Local Guide · 12 opiniones · 4 fotos","Hace 3 años","","","","","","",""
"https://lh3.googleusercontent.com/a-/ALV-UjVXxcjCei2WoXP3e5G0Jzf16SMiatiLJhQTxg4ZXUprForJjM_I=w45-h45-p-rp-mo-br100","rocio sanchez guerrero","1 opinión","Hace 3 años","","","","","","",""
"https://lh3.googleusercontent.com/a/ACg8ocJ_pcGJ19yuTn8uosdRojWVq2R4OmHdVW9CBt_ynJw_4PyLsA=w45-h45-p-rp-mo-br100","Ana Lucia Bowen","2 opiniones","Hace 3 años","","","","","","",""
"https://lh3.googleusercontent.com/a-/ALV-UjWrPQ-ad9ABqffsBALu1cIKsjyBw8nogRPQn3x5bvHigeGu0i0_pQ=w45-h45-p-rp-mo-br100","David Avila","","Hace 3 años","","","","","","",""
"https://lh3.googleusercontent.com/a-/ALV-UjUVfpvyX4nk6Cn1bK8WLnQWFUkmXvT6sOBmHxRYoI0kTjxot7g=w45-h45-p-rp-mo-br100","Mary Rojas","21 opiniones · 113 fotos","Hace 3 años","","","","","","",""
"https://lh3.googleusercontent.com/a-/ALV-UjUsmxUQ-lZjxbn-8oA1tb0JZgcpEZFv3Y-O1H6hmLq-XCKCHFSi=w45-h45-p-rp-mo-br100","Marcelo Carrera","26 opiniones · 11 fotos","Hace 4 años","","","","","","",""
"https://lh3.googleusercontent.com/a/ACg8ocKux2UDtvNI6V2_2l9C8AkvMubEQC0nnBsAq7oFPdWc2cTmpQ=w45-h45-p-rp-mo-br100","Patty Tuarez Vera","","Hace 4 años","","","","","","",""
"https://lh3.googleusercontent.com/a-/ALV-UjU0leFNeY-Zqb141AYQKuVuCVm9s-kNqVmteu8P-qgkkbusxTi8=w45-h45-p-rp-mo-ba2-br100","DaviD AlexandeR","Local Guide","Hace 4 años","","","","","","",""
"https://lh3.googleusercontent.com/a/ACg8ocKejB54UxID8Z-vwZIm0TTiQ0G5PToFPjYW9DHj5f1KkmqHScw=w45-h45-p-rp-mo-ba2-br100","Ignacio Peralta","Local Guide · 3 opiniones","Hace 4 años","","","","","","",""
"https://lh3.googleusercontent.com/a-/ALV-UjXbWiVDyh0hrLaCl9a36A33qu2LQRYLYaO5j83iTS9aNG6OhU46=w45-h45-p-rp-mo-ba3-br100","Jose Lema","Local Guide · 45 opiniones · 31 fotos","Hace 4 años","","","","","","",""
"https://lh3.googleusercontent.com/a-/ALV-UjWzDrk6Lk0Ypnlw9mZPURuUPogBbViCCRZOB3d5ogldtu4SDnvL-Q=w45-h45-p-rp-mo-br100","Mel Walker","1 opinión · 3 fotos","Hace 4 años","","","","","","",""
"https://lh3.googleusercontent.com/a/ACg8ocLEUenP3ibB-FfL1_OnG-f2MWE12WFL6xecs3Txb5YmQa-x-A=w45-h45-p-rp-mo-br100","EDWIN GERMAN PANCHO MALES","","Hace 4 años","","","","","","",""
"https://lh3.googleusercontent.com/a/ACg8ocKUDPZH0eXcXJ1WRAB7Js9CAfXw3QpakpLcPh-It2qVZu59Hw=w45-h45-p-rp-mo-br100","Cecilia Toapanta","","Hace 4 años","","","","","","",""
"https://lh3.googleusercontent.com/a/ACg8ocKFtNkn4qoxQb0dwGVenpOkG8JOJ8xbLZ7WgOCOZo0magSmBA=w45-h45-p-rp-mo-ba4-br100","Martha Coba","Local Guide · 3 opiniones · 3 fotos","Hace 4 años","","","","","","",""
"https://lh3.googleusercontent.com/a/ACg8ocJt7bHGuBInwRy4DwLJkQTjEbpnX6YYsaP4QDOehueijrdByA=w45-h45-p-rp-mo-br100","JOse Bravo","4 opiniones · 2 fotos","Hace 4 años","","","","","","",""
"https://lh3.googleusercontent.com/a/ACg8ocIuT6oGftqJfipRZw3yEgVrI5rYM2iDlwwC4sqxxv-xQt8n-w=w45-h45-p-rp-mo-br100","Aby Sánchez","9 opiniones","Hace 4 años","","","","","","",""
"https://lh3.googleusercontent.com/a/ACg8ocK8zIouERguoAthBFTeF6mm57rY_kjtrCInh2jQk9y3TwrHEQ=w45-h45-p-rp-mo-ba2-br100","Mauricio Pumalpa","Local Guide · 2 opiniones","Hace 4 años","","","","","","",""
"https://lh3.googleusercontent.com/a-/ALV-UjWW16SwH-79Fb33PX6C8muAfJikYzK35q8RT5KZXAMIEFXyWV8T=w45-h45-p-rp-mo-br100","Jeferson Esteban España Portilla","","Hace 4 años","","","","","","",""
"https://lh3.googleusercontent.com/a/ACg8ocLXy84Z2PGH6tluGDp80GaRcfkiG6NqaM0hZV_basB1Gibb6A=w45-h45-p-rp-mo-br100","David Gudino","1 opinión","Hace 4 años","","","","","","",""
"https://lh3.googleusercontent.com/a-/ALV-UjWx8JvHvfRnWCWhhiaEyJWxADBpLfUOTfOBUEur5ogvxw2KpSU7=w45-h45-p-rp-mo-ba2-br100","Karen Zurita","Local Guide · 1 opinión · 1 foto","Hace 4 años","","","","","","",""
"https://lh3.googleusercontent.com/a-/ALV-UjXAC5VCEd0dJdNKqIQg5v3z8BXZFYrrTJgHqPXSWYGrqw6vpjT1=w45-h45-p-rp-mo-ba5-br100","Alex Kovalchuk","Local Guide · 7 opiniones · 11 fotos","Hace 4 años","","","","","","",""
"https://lh3.googleusercontent.com/a-/ALV-UjVkCNPyZvBGww-LaBbkkJ7eQ7H0TrVOyMCIcaU7DXHHodIHXLsq=w45-h45-p-rp-mo-ba4-br100","Juan Carlos Vidal Placencia","Local Guide · 29 opiniones · 125 fotos","Hace 4 años","","","","","","",""
"https://lh3.googleusercontent.com/a/ACg8ocLFlQOEDsRvPtUNvADVNiXBWQVofoBNiwH0J798YUP58q4xxA=w45-h45-p-rp-mo-br100","william correa","","Hace 4 años","","","","","","",""
"https://lh3.googleusercontent.com/a/ACg8ocK4B4MfOqnqvkZj7B7NHuLFRo4GMcj9ZI8VkuaIlndr4JVaGQ=w45-h45-p-rp-mo-br100","ruth loor","","Hace 4 años","","","","","","",""
"https://lh3.googleusercontent.com/a-/ALV-UjUA9A8xJKBSfFc4cicLeWnOveqytx3pG01vRK9_lixYSdgHkYpk=w45-h45-p-rp-mo-ba4-br100","Gabriel Vásquez","Local Guide · 3 opiniones · 41 fotos","Hace 4 años","","","","","","",""
"https://lh3.googleusercontent.com/a-/ALV-UjXmvvyC-v4vf0YruKy5lAp6fv1B-Bz8ni2s66Bt0gFQRne2kqwyCQ=w45-h45-p-rp-mo-br100","Diana Quevedo Reina","2 opiniones","Hace 4 años","","","","","","",""
"https://lh3.googleusercontent.com/a-/ALV-UjWj8jVUdPcXT02Oev1kptivciivo_SSW13UaL0DHY2ArcWcEHg=w45-h45-p-rp-mo-br100","Pablo Salazar Jaramillo","13 opiniones · 20 fotos","Hace 5 años","","","","","","",""
"https://lh3.googleusercontent.com/a/ACg8ocLkRkneCiUCRbDrun-EOoCpSNcUBgRA9gio2Hkvq1RtsTuIsg=w45-h45-p-rp-mo-br100","Marilyn Valdivieso","","Hace 5 años","","","","","","",""
"https://lh3.googleusercontent.com/a/ACg8ocKY1dvX2tPNTKpF7rV-nkY_GjRBW9C1XNTL8guQLNaaOQNWCg=w45-h45-p-rp-mo-ba4-br100","Silvy Alban","Local Guide · 104 opiniones · 6 fotos","Hace 5 años","","","","","","",""
"https://lh3.googleusercontent.com/a-/ALV-UjVHELi2HEOTH-seWy7evXgXdhqSEN54fwMIqx1gHEmX4zsVqlU=w45-h45-p-rp-mo-ba4-br100","Talia Acosta","Local Guide · 50 opiniones · 19 fotos","Hace 5 años","","","","","","",""
"https://lh3.googleusercontent.com/a-/ALV-UjVZ-4pPUv1I7dueUG2IR4dCa_8O6i-MPCAPVVKBXsbzQPlZ5CsSoA=w45-h45-p-rp-mo-ba3-br100","mayela teresa guillen guillen","Local Guide · 24 opiniones · 10 fotos","Hace 5 años","","","","","","",""
"https://lh3.googleusercontent.com/a-/ALV-UjUh68-EXeUBv7DWD_fu__kTdMIRviTqR7e0t85RxKJEoyCgibwVPg=w45-h45-p-rp-mo-br100","santiago fernando velasco granizo","4 opiniones","Hace 5 años","","","","","","",""
"https://lh3.googleusercontent.com/a/ACg8ocJtPGDnxfwHNl85syd4itAYrPFir2FPNqtDzyfNLEfG7IM6Sg=w45-h45-p-rp-mo-ba2-br100","daniel verdesoto","Local Guide · 24 opiniones · 6 fotos","Hace 5 años","","","","","","",""
"https://lh3.googleusercontent.com/a/ACg8ocIP8_mKgeRhFakzAB7k8Jr7UPIr53ilGtYI1vkz2O9rvbtvTA=w45-h45-p-rp-mo-br100","Gloria Mendez","4 opiniones","Hace 5 años","","","","","","",""
"https://lh3.googleusercontent.com/a-/ALV-UjV3U39jmExfI5IEmLkNhUIKOOqMibzcardHNQwpDStkUaxZLEXa=w45-h45-p-rp-mo-ba3-br100","Sofia Estrella","Local Guide · 16 opiniones · 12 fotos","Hace 5 años","","","","","","",""
"https://lh3.googleusercontent.com/a/ACg8ocL4Df61JaeMlzKP_aYjSiVDgB2tREAaF4EAbtQUa3vqyfInLQ=w45-h45-p-rp-mo-br100","Everson Marcillo","9 opiniones · 5 fotos","Hace 5 años","","","","","","",""
"https://lh3.googleusercontent.com/a-/ALV-UjXpbJCS8-HoeOEswtsd3vYBhGY2ULm2-X9klo_ym9z8ZuDnZaA=w45-h45-p-rp-mo-br100","CARLOS CAIZA","","Hace 5 años","","","","","","",""
"https://lh3.googleusercontent.com/a/ACg8ocLSRp6Nw0mcIfzhFOwwnJDijkFuN4zL3Fshg7-MN75hfCp5Rg=w45-h45-p-rp-mo-br100","Carlos Luis Franco Quintero","","Hace 6 años","","","","","","",""
"https://lh3.googleusercontent.com/a-/ALV-UjUxc0PUKtC0mTYkmO5qILsSZYtB01Ghf85WGUmk-g-l8UcFHE4q=w45-h45-p-rp-mo-br100","Alex M","2 opiniones","Hace 6 años","","","","","","",""
"https://lh3.googleusercontent.com/a/ACg8ocJFuGn3uF4xfjhGozBgdQjKiiKc8aHyweBfwkoG09AAyRS8Eg=w45-h45-p-rp-mo-br100","Daniela Ganchozo","1 foto","Hace 6 años","","","","","","",""
"https://lh3.googleusercontent.com/a-/ALV-UjUmLpBGuRwQ7JxQoS4N993MB-cb3gMnHs0PDoVR5DErVDl79SQ=w45-h45-p-rp-mo-br100","RVPC.","1 opinión","Hace 6 años","","","","","","",""
"https://lh3.googleusercontent.com/a/ACg8ocKLyOWjeSx1HoIswB7s4ulhTJQGb-dJG8HvbrnSttGka9f5Qg=w45-h45-p-rp-mo-br100","Gloria Arroyo","3 opiniones · 14 fotos","Hace 6 años","","","","","","",""
"https://lh3.googleusercontent.com/a/ACg8ocLuDI11Cm98mzHc362eK9m7uVFsIaehQl902YrWaGI8sYekbw=w45-h45-p-rp-mo-br100","Laura Quisphi","","Hace 6 años","","","","","","",""
"https://lh3.googleusercontent.com/a-/ALV-UjULuGbidGONrtXfVN3F6TaHJYkLuDPoYO0Cbetlz1fJ5n3ZLaU=w45-h45-p-rp-mo-br100","Gabriel Giovanni","","Hace 6 años","","","","","","",""
"https://lh3.googleusercontent.com/a/ACg8ocKutntwEYxl0z75YT6XjacHPd3MOIDEYpMpx55di-rccekffw=w45-h45-p-rp-mo-br100","Alfredo Morales","4 opiniones","Hace 6 años","","","","","","",""
"https://lh3.googleusercontent.com/a-/ALV-UjX7ip4FA-H05S15460RshD0-RFVYRNqJV3nNLvBPQdQCQ_E0x9heg=w45-h45-p-rp-mo-ba4-br100","Francys Mier","Local Guide · 4 opiniones · 113 fotos","Hace 6 años","","","","","","",""
"https://lh3.googleusercontent.com/a-/ALV-UjV-70pSe0jLRojc61r22GH4lNukJNhRBHxUW3g4Lkf1U2DczF_h-g=w45-h45-p-rp-mo-ba3-br100","Johanna Cobos Román","Local Guide · 25 opiniones · 36 fotos","Hace 6 años","","","","","","",""
"https://lh3.googleusercontent.com/a/ACg8ocK8QW_GF2fXQ1l93w28vTVG7jIwT4Unol_reUNzvWPni5qX-A=w45-h45-p-rp-mo-br100","Veronica Portilla","1 opinión · 1 foto","Hace 6 años","","","","","","",""
"https://lh3.googleusercontent.com/a/ACg8ocKiSkJvy1FusJCxf8K6t2TNwaOq8j_T6mwzlM4V1Hr1ahmenA=w45-h45-p-rp-mo-ba3-br100","Yadira Baez","Local Guide · 33 opiniones · 2 fotos","Hace 6 años","","","","","","",""
"https://lh3.googleusercontent.com/a-/ALV-UjUMIzcmc0xnA_7lp70Yg4sZN53TRmj-DqFB_VPVuT5wXfDx6HPG=w45-h45-p-rp-mo-br100","Rafael Farinango","","Hace 6 años","","","","","","",""
"https://lh3.googleusercontent.com/a-/ALV-UjVOAR-BmKO9RXQUpzH4gM26i2znNdyCrUINlt_np1XkrQwDScne=w45-h45-p-rp-mo-br100","wilian narvaez","3 opiniones · 12 fotos","Hace 6 años","","","","","","",""
"https://lh3.googleusercontent.com/a/ACg8ocInhEeeKvMGPT_KcY0-hHbsriGowdfPumWfPgaPvZxyvU5Xdw=w45-h45-p-rp-mo-br100","Lesly De La Torre","","Hace 6 años","","","","","","",""
"https://lh3.googleusercontent.com/a/ACg8ocJpf2W4f1MqJAbct-0c3MkuJSY1pOhYaLgWxd4bsK6R3GJHpns=w45-h45-p-rp-mo-ba2-br100","Carlos Campoverde Díaz","Local Guide · 22 opiniones · 5 fotos","Hace 6 años","","","","","","",""
"https://lh3.googleusercontent.com/a/ACg8ocLSW9DtAoRwAQI_ZuJw6VJqVjuxzgiPJ0ySVZgvChHmfZqQ3w=w45-h45-p-rp-mo-br100","José Colimba","","Hace 6 años","","","","","","",""
"https://lh3.googleusercontent.com/a/ACg8ocKOun-3IK3xZsk0NcQtRoR7E8vsJQfC7NKzLYjr6Bz1HEKujg=w45-h45-p-rp-mo-ba2-br100","Daniel Pinos","Local Guide · 4 fotos","Hace 6 años","","","","","","",""
"https://lh3.googleusercontent.com/a-/ALV-UjWpZQqBFoyanv-w4XdDLnQKK-wRnupJwaR2kcF0i9Q3GQPPQsw=w45-h45-p-rp-mo-ba3-br100","Andrés Estrella (Android-Ec)","Local Guide · 40 opiniones · 1 foto","Hace 6 años","","","","","","",""
"https://lh3.googleusercontent.com/a-/ALV-UjV1ebaqlzq6XXXbNH_OcqYKKyC7CpHN-MHYnqjXNFWrQCoAHrGb=w45-h45-p-rp-mo-br100","Andrea Villegas","2 opiniones","Hace 6 años","","","","","","",""
"https://lh3.googleusercontent.com/a-/ALV-UjVsO3oHHiHzDkaa7UBZEMD1ycus0WmgR499laAwRTWT8CTHERYT=w45-h45-p-rp-mo-br100","Juan pablo Ushiña A","6 opiniones","Hace 6 años","","","","","","",""
"https://lh3.googleusercontent.com/a-/ALV-UjWPVVbW902t89gSwXItsF3lXcIdWqH1RoiD5PQwUvm3_8wfskLw=w45-h45-p-rp-mo-br100","Favian Quishpe","1 opinión · 1 foto","Hace 7 años","","","","","","",""
"https://lh3.googleusercontent.com/a/ACg8ocKZ_e04_q8tSn9VvPdVBg_NaPOwC4_wQzl54HbQhbKB1VHB=w45-h45-p-rp-mo-br100","Stefani Quintero","","Hace 7 años","","","","","","",""
"https://lh3.googleusercontent.com/a-/ALV-UjXXJobw8MTvfVNvrRiQaiX_X1EtA7cA6Ld1zZXfziKuP-5x3K2HCw=w45-h45-p-rp-mo-br100","yordi alcivar chila","2 opiniones","Hace 7 años","","","","","","",""
"https://lh3.googleusercontent.com/a-/ALV-UjXqV8t92xjc3qOdb2O7ciRZP34J3B7h4ZMxAoAzAAYXfoxnuCGcnQ=w45-h45-p-rp-mo-ba4-br100","Daniel Tapia","Local Guide · 11 opiniones · 442 fotos","Hace 7 años","","","","","","",""
"https://lh3.googleusercontent.com/a-/ALV-UjW02LAKV8zpDLcAJ2nRjhuazfUYbMKixcCu1Jdvuip98KfGvXQ=w45-h45-p-rp-mo-br100","Fabian Jaya","","Hace 7 años","","","","","","",""
"https://lh3.googleusercontent.com/a/ACg8ocJsCyujC-RQmE5-qfl20_Tzp4Al39qHWLTD2TMyWQLbFRMzhw=w45-h45-p-rp-mo-br100","Fernando Cisneros Abad","","Hace 7 años","","","","","","",""
"https://lh3.googleusercontent.com/a/ACg8ocIkf_rY1MRLPzmXJujfycdb0Vri4qzfk4Eu-6tx5nXMQz7SbQ=w45-h45-p-rp-mo-br100","Jessica Lucas","","Hace 7 años","","","","","","",""
"https://lh3.googleusercontent.com/a-/ALV-UjXGNFetOvas2fam5Z_dKDzqUaS1pk7jvpdl9Ohjh_MIrUCbU466=w45-h45-p-rp-mo-br100","Maribel Mary","2 opiniones","Hace 7 años","","","","","","",""
"https://lh3.googleusercontent.com/a-/ALV-UjX5s1M2ehOS14LsLy04gCgI3pvptPKKJmSKTrzXcgVhjIxnaTbE=w45-h45-p-rp-mo-ba6-br100","Patricio Delgado","Local Guide · 541 opiniones · 959 fotos","Hace 7 años","","","","","","",""
"https://lh3.googleusercontent.com/a/ACg8ocI2__79CnrnwRYPRgyJYAeezNNHK3Kn2s_NWvpL2ZGadRvDpw=w45-h45-p-rp-mo-br100","Diego Herrera","2 fotos","Hace 7 años","","","","","","",""
"https://lh3.googleusercontent.com/a/ACg8ocK-sK-YfbnGO_xhaBxzjwzH-xkANlJPNT8QD9Q3tQ6kYg5hYA=w45-h45-p-rp-mo-br100","magdali palacios","","Hace 7 años","","","","","","",""
"https://lh3.googleusercontent.com/a/ACg8ocIomLVX8RLFs7INS1BhpqzYqYmVIQngaklXLwar5vzx6XFxKR3L=w45-h45-p-rp-mo-br100","Dome Burbano","1 opinión · 1 foto","Hace 7 años","","","","","","",""
"https://lh3.googleusercontent.com/a-/ALV-UjVvmZOumJvrKdA0lPW7PI_b_6t05X6hZPdf_5oGfR-zAyFs9lR19g=w45-h45-p-rp-mo-ba4-br100","Viviana Vásquez","Local Guide · 101 opiniones · 7 fotos","Hace 8 años","","","","","","",""
"https://lh3.googleusercontent.com/a-/ALV-UjXh-GyHl4YATwoIpHlAV8I0PdmNRUuuZWT9PqlLp_s6XbPVPc2ajw=w45-h45-p-rp-mo-ba3-br100","Anita Ruiz","Local Guide · 41 opiniones · 13 fotos","Hace 8 años","","","","","","",""
"https://lh3.googleusercontent.com/a-/ALV-UjVA6AUUW8OvrNKkVm9J5eu7aeTSuIaEOMgKKuAAiJ2u4Dlz8JZaZw=w45-h45-p-rp-mo-ba4-br100","Axel Zambrano","Local Guide · 102 opiniones · 27 fotos","Hace 8 años","","","","","","",""
"https://lh3.googleusercontent.com/a/ACg8ocJBl37VX1poInzQ_0H0rAGUzQW5QT-0_P0BBaAqXUVBg-yWtQ=w45-h45-p-rp-mo-br100","Cristian Quinaluisa","","Hace 8 años","","","","","","",""
"https://lh3.googleusercontent.com/a/ACg8ocIx0aVAdb7N42wmdX0BLAtT1nDlUTpT2mTcMUP3iZjlN2hU9w=w45-h45-p-rp-mo-br100","Monica Venegas","","Hace 8 años","","","","","","",""
"https://lh3.googleusercontent.com/a-/ALV-UjW8LDwlaNYPdSG1d4xzxNeoXXP6PZXisFvBob4NonT3G05sX3uraA=w45-h45-p-rp-mo-ba3-br100","Orlon Duarte","Local Guide · 14 opiniones · 57 fotos","Hace 8 años","","","","","","",""
"https://lh3.googleusercontent.com/a-/ALV-UjXKUeqnY95si74eoK5OB0QtMLZ9Kp8cR8Lj4LeuxKr6GGGyQjyvuQ=w45-h45-p-rp-mo-br100","JULIO CHECO","2 opiniones · 25 fotos","Hace 8 años","","","","","","",""
"https://lh3.googleusercontent.com/a-/ALV-UjXjj6d0WJffv0TYWPzdPQCPuT8MI7ae4jv5GSYJ8vPLDkwycPLX=w45-h45-p-rp-mo-br100","Adriana Carrera","2 opiniones · 5 fotos","Hace 8 años","","","","","","",""
"https://lh3.googleusercontent.com/a-/ALV-UjUykYYJQzaOH23VyeSKvWo7cAl1JdwD56twmjRCaoWiwqE-chg=w45-h45-p-rp-mo-br100","patricio salas","","Hace 8 años","","","","","","",""
"https://lh3.googleusercontent.com/a-/ALV-UjWhVXudnNbGaqXa3bGAFNszzMIyZIlnGqHM3Mfa4nCeN8gBpoAd=w45-h45-p-rp-mo-br100","Rodolf Vill45","12 opiniones","Hace 9 años","","","","","","",""
"https://lh3.googleusercontent.com/a-/ALV-UjUHdNMWKjYlTp5PRtKnvfVp8vn28wO88M2bJDgh11Z4AoEtjF3P=w45-h45-p-rp-mo-br100","Luis Marquez","","Hace 9 años","","","","","","",""
"https://lh3.googleusercontent.com/a-/ALV-UjU5F7O61yNNoiXr76srWtWA-7wkRP1LXmmWp2k2Fhvymp28Hq-A=w45-h45-p-rp-mo-br100","Erika Sánchez","2 opiniones","Hace 9 años","","","","","","",""
"https://lh3.googleusercontent.com/a-/ALV-UjUq3VZMZF7zo4667Vw1IxwPcuRlGYOgGBwVwuaTKFsp6NbXCWQg=w45-h45-p-rp-mo-br100","ALEJANDRA CÁRDENAS","","Hace 10 años","","","","","","",""
"https://lh3.googleusercontent.com/a/ACg8ocJtK8UgPx62mMfwoXV7yY7E77ftpNs25FZCZ8yFeV5u_lxI3g=w45-h45-p-rp-mo-br100","Fausto Rodriguez","","Hace 10 años","","","","","","",""
"https://lh3.googleusercontent.com/a-/ALV-UjVr2i_lHrxYZm4cPVDW9nUFn4c0_xP4UWqsr7-_5JCU0_uDIZ2TNQ=w45-h45-p-rp-mo-ba3-br100","Rubén Espinoza","Local Guide · 25 opiniones · 45 fotos","Hace 10 años","","","","","","",""
"https://lh3.googleusercontent.com/a-/ALV-UjXYLljWQ6NzlDRBLdN4HK4rkfeB0htt8ER1nGPT_Pt4TqpPoOsG=w45-h45-p-rp-mo-br100","Pablo Patino","11 fotos","Hace 10 años","","","","","","",""
"https://lh3.googleusercontent.com/a-/ALV-UjWgUbS8Zfj3RCr19PgGfkHNhJc9gDp1V6GvqdchCCWydYa0nvjuSA=w45-h45-p-rp-mo-br100","Luis Villacis (PUCHUKAY)","","Hace 10 años","","","","","","",""
"https://lh3.googleusercontent.com/a-/ALV-UjX-mX3jeIvqWofMQSr8m4d4tND73NWxK9AxR49snC_bnVeSCQVg=w45-h45-p-rp-mo-br100","Richard Mora","","Hace 11 años","","","","","","",""