"NBa7we src","d4r55","RfnDt","rsqaWe","wiI7pd","dSlJg","znYl0","dSlJg 2","znYl0 2","Hzvxle","pkWtMe"
"https://lh3.googleusercontent.com/a/ACg8ocItBPE-yT3cvplIFh4jExDXABDCZ0l66rsheISYMEQZo_aazQ=w45-h45-p-rp-mo-br100","Ximena Pérez Bermeo","16 opiniones","2 semanas atrás","Me parece que el número convencional para información de este hospital  San Francisco es lamentablemente ridículo, ya que no contestan, solo funciona la grabación y el momento que se va a poner el número de extensión vuelve otra vez la…","","Me gusta","","Compartir","",""
"https://lh3.googleusercontent.com/a-/ALV-UjUI869fzANon9FJJEAepfMjeuA36obPGRsrDZNaaVlbNuXP8aghiQ=w45-h45-p-rp-mo-br100","Andrea Alarcón","1 opinión","Hace 5 meses","La peor atención a las personas, más de 32horas en emergencia y no son capaces de entregar un resultado para ver si es operación o no! La gente se puede morir en su sala de espera y les vale un huevo! Ni un suero para aguantar y quieren que…","","","","Compartir","Me gusta","8"
"https://lh3.googleusercontent.com/a/ACg8ocIOgm4Rp7FpPrEoWdpLJJEfBf_ivHw8TBTbULU-MzYmPZ3-ng=w45-h45-p-rp-mo-ba2-br100","Byron Tuquerres","Local Guide · 16 opiniones · 13 fotos","Hace un mes","Pésima, Nefasta atención nos hicieron regresar a la casa en tres ocasiones indicando que mi esposa aún no dilataba, mi nena nació en la casa por negligencia de toda esta gente que no sabe hacer su trabajo, y eso que no explico con detalles…","","","","Compartir","Me gusta","1"
"https://lh3.googleusercontent.com/a-/ALV-UjW71WkovI0uWdM2t7m7BNrvDWPyfq14v0z_JoqkSrqgYPSpEyk=w45-h45-p-rp-mo-br100","Adriana Cabrera","5 opiniones · 1 foto","Hace un mes","Seguramente uno de los peores Hospitales de el país. El área de Emergencia, empezando por afuera, familiares esperando en el frío con sillas rotas, guardia déspota y enfermeras y médicos practicantes. Pagar aportes por un suero es una estafa !!!","","","","Compartir","Me gusta","1"
"https://lh3.googleusercontent.com/a/ACg8ocLNDQvtd2azZUSZIG8iFiJlZQ-UHJO1kBFSBGNUb88U68D7iA=w45-h45-p-rp-mo-br100","Byron Fajardo","1 opinión","3 semanas atrás","Pésima atención en emergencia pediátrica toman los datos pero no hay enfermer@s en el área de triaje para la preparación del paciente nos toca esperar más de media hora para el triaje cuando no hay pacientes en espera se le aborda al…","","","","Compartir","Me gusta","1"
"https://lh3.googleusercontent.com/a-/ALV-UjW2iDI422WwPVOdmwmJNCUpf_c817q_1N9LbDA19ahQp4tSHv_G=w45-h45-p-rp-mo-ba5-br100","Patty Montúfar","Local Guide · 89 opiniones · 692 fotos","Hace 2 años","Muy buena atención en el área de hospitalización de pediatría, tanto médicos como enfermeras fueron muy amables, cálidos y empáticos. La atención incluyó exámenes, medicamentos y alimentación para el niño y su acompañante. Incluso citas…","","Compartir","","","Me gusta","6"
"https://lh3.googleusercontent.com/a/ACg8ocK3dHiPNiiTVVFSJXrNr_P026dc8RyS5TCJSCTWTyiYNkEz2g=w45-h45-p-rp-mo-br100","cristhian pita","1 opinión","Hace un mes","Pésima atención llevo más de tres horas esperando q nos atiendan y nada q atienden encima esta saturando bajo y no se comiden en dar oxígeno q pena para descontar nos del seguro ahí si son buenos","","Me gusta","","Compartir","",""
"https://lh3.googleusercontent.com/a-/ALV-UjViBVZB2MeNaTPRvSt3TgBxS-ALqHv19RTIrsnZ0fJT4G1MDy_X=w45-h45-p-rp-mo-ba3-br100","PAOLA NUÑEZ","Local Guide · 32 opiniones · 9 fotos","Hace un año","Pesima atención.  Desde el triaje pediátrico. La enfermera de turno en la noche  muy antipática e impertinente  casi no le atienden a mi hijo con una fiebre alta. Segun ella era una gripe común nada más. Mi hijo empeoró aparte  con una…","","Compartir","","","Me gusta","6"
"https://lh3.googleusercontent.com/a/ACg8ocKho-s4aILOHztvnNglmiak0JFx1eu4A6TwRBjBymaaCm2N8Q=w45-h45-p-rp-mo-br100","Dayanara Azuaje","2 opiniones · 2 fotos","Hace 4 meses","Que tristeza que personas que hicieron juramentos de velar y cuidar a los enfermos sean una DESGRACIA como ser humano. Deberian hacer otra cosa es especial estos Dres CESAR CASTILLO SUQUILANDA Y EL DR PROAÑO DURAN JUAN CARLOS. estar en emergencia es lo peor que nos puede pasar. La gente se muere en emergencia y no les importa,","","","","Compartir","Me gusta","2"
"https://lh3.googleusercontent.com/a/ACg8ocLr43BCCgQdHyPc72ZCJuiN4rz_GxVDWipm3t3F19Vcszbpkg=w45-h45-p-rp-mo-br100","Sara Bowen Andrade","1 opinión","Hace 3 meses","Hoy fui atendida en el Hospital San Francisco ,exámenes de laboratorios  Gracias muy buena atención , pese a que es , inmensamente grande la cantidad de pacientes , Incluso , muchos jovenes y niños QUE NO PAGAN NADA Y VA EN DESMEDRO DE ESTA…","","","","Compartir","Me gusta","1"
"https://lh3.googleusercontent.com/a/ACg8ocJa6SqDKgZZMPzO2Eb-pAfvvnkmkPUVix8m_V9brWdym2oGQQ=w45-h45-p-rp-mo-br100","Jessica Benalcazar","1 opinión","Hace 5 meses","Noce si no hay control aqui en el.hospital San francisco de asis que desde ayer le tengo a mi suegra con la pierna rota y no hacen nada por ingresarle adentro durmio en la area de espera en una silla y asta hora ya son las 10 de la mañana…","","","","Compartir","Me gusta","4"
"https://lh3.googleusercontent.com/a/ACg8ocJX11-xSaS2eiQd1zTuOEwMwMYE7h_ZDfh2uXkHAAWeP9V8Lw=w45-h45-p-rp-mo-br100","Daly España","3 opiniones","Hace 4 meses","Pésimo servicio en el área de emergencia, el personal administrativo  y guardias groseros,  le negaron la atención a un paciente que estaban super mal,  que no podía ni caminar del dolor, por el hecho de que pese a que está afiliada como voluntaria le faltaban 4 días y no tenía fiebre, espero no tener que regresar nunca.","","","","Compartir","Me gusta","2"
"https://lh3.googleusercontent.com/a-/ALV-UjU_2rzrZObetrJYI2VSbarDm2QQvP0Qth4rTTnPHIuRhp3AxMVf=w45-h45-p-rp-mo-br100","Cuayal Posso Maria Elena","2 opiniones","Hace 6 meses","Un hospital que no sirve para nada solo dejan a los pasientes tirados en una esquina con un suero por 6 horas y los guardias muy antipáticos ven que las personas se desmayan y solo voltean la mirada.…","","","","Compartir","Me gusta","4"
"https://lh3.googleusercontent.com/a/ACg8ocJdYonIJe77FYUpJBcNZ__LYD9bHcIwRXagGFSxIoxRbj50IG0=w45-h45-p-rp-mo-br100","Santiago Botía C","10 opiniones","Hace 9 meses","La peor experiencia de mi vida en una sala de urgencias. Mi novia tenía apendicitis y se demoraron 18 horas en darnos el diagnóstico
Después de muchos exámenes. A lo que nos dicen que no nos pueden atender ahí…","","","","Compartir","Me gusta","5"
"https://lh3.googleusercontent.com/a-/ALV-UjXjjYVXekmKreSvdhQHX2NGWSvGU0zbEWR29pTz1FqTO-bn0SH48w=w45-h45-p-rp-mo-ba3-br100","Margarita Raza","Local Guide · 61 opiniones · 1 foto","Hace un año","Pésima atención, por la persona que entrega el turno para ser ingresado, la pésima limpieza, se ven en los pasillos las capas que ponen, sucias, incluso de sangre; no se tiene personal de enfermería un paciente tiene que atenderse solo, que…","","","","Compartir","Me gusta","3"
"https://lh3.googleusercontent.com/a/ACg8ocLhzt9jq9va2epVEyBT6D10II0Tr_7QGi_I7YLn-VXMQD4rLg=w45-h45-p-rp-mo-br100","Christian Mauricio Margarisca","4 opiniones","Hace 7 meses","La atención en este hospital es pesima, les calificara con cero pero no se puede, mi mamá el día de ayer ingreso por emergencias, le faltaba el oxigeno ingresamos a las 2 de la tarde y hasta las 6pm nunca la atendieron, se les reclama al…","","","","Compartir","Me gusta","3"
"https://lh3.googleusercontent.com/a-/ALV-UjXl-bKL-IR-G7O1vFpl3tEz8tXTaOKc79mesXSj77_eCd3N32ev=w45-h45-p-rp-mo-br100","Dayana Carolina Guaranga","2 opiniones","Hace 7 meses","Un lugar donde no tienen sentido de urgencia ni humanidad, desde los guardias un pésimo trato, en triage las enfermeras no tienen ni idea de lo que hacen, no saben tomar signos vitales, no tienen los implementos necesarios para atender a…","","","","Compartir","Me gusta","5"
"https://lh3.googleusercontent.com/a/ACg8ocJVYVgukWB3IV7cvgR-njjeMo8UAJthgAM8Zq5OXpviMX94Sg=w45-h45-p-rp-mo-br100","david zurita","1 opinión","Hace 5 meses","Horrible atención, nos tratan como se les obligará a trabajar y sin sueldo y da hasta miedo preguntar algo a alguien","","","","Compartir","Me gusta","3"
"https://lh3.googleusercontent.com/a-/ALV-UjVCLpCQtUazmfl3XI9UODkB11RpucJjFHnZjomZVRmV-TvaJY9n=w45-h45-p-rp-mo-ba2-br100","eduardo cisneros","Local Guide · 13 opiniones","Hace 7 meses","Un hospital donde se aporta mensualmente  $100 y a veces hasta más, tienen una pésima atención desde los guardia, pseudoprofesionales incompetentes, pésimos diagnósticos, 0 en sentido de urgencia, tienes que llegar más muerto que vivo para…","","","","Compartir","Me gusta","3"
"https://lh3.googleusercontent.com/a-/ALV-UjUY9dxQnSxaP59dOth5qRx_B9tA6pL-2NNuGnCyZzDkR5XirawuvA=w45-h45-p-rp-mo-br100","Duberling","6 opiniones","Hace un año","Pésima atención lleve a mi esposa por emergencia ya que estaba muy mal en cuanto a salud, se demoraron 1 hora para la toma de signos vitales y sin haber personas, la respuesta de la señorita es que no todavía no le reflejaba el nombre de mi…","","","","Compartir","Me gusta","2"
"https://lh3.googleusercontent.com/a-/ALV-UjWCa3ZlqDORboVd-SZPPzEYQ9AJt7_QPwXQxlcOhpB5lVnH3Dc=w45-h45-p-rp-mo-ba5-br100","Pancho Fuentes","Local Guide · 166 opiniones · 272 fotos","Hace un mes","Hay más guardias que personal médico, parece que entramos a una prisión, no disponen de insumos, medicinas, habitaciones... El personal de seguridad no tiene la más mínima empatía se creen dueños,  muy mal servicio","","","","Compartir","Me gusta","4"
"https://lh3.googleusercontent.com/a-/ALV-UjXd7JX9uJ9rwTKUfAMzR2UW565PvKq2_xJWPi_Y6rtFm_DNovI=w45-h45-p-rp-mo-br100","Sandra Del Rosario Bravo Albarracin","2 opiniones","Hace 8 meses","Buenas noches llevo más de cuatro horas esperando la atención, por emergencia el Dr del consultorio 1 que aparentemente me tiene que atender se lo pregunté a las 18:00pm y me informo que habían tres pacientes antes de mi ya son 20:56 PM y sigo esperando. Para colmo se le vuelve a preguntar y contesta grosero","","","","Compartir","Me gusta","3"
"https://lh3.googleusercontent.com/a-/ALV-UjV0ASuRxGxCJ8M0s_dLmg-QLBSK5ubQkzL71Y9l1QHOdzTAsu0PLg=w45-h45-p-rp-mo-br100","Diana Lituma","5 opiniones","Hace 8 meses","La atención es paupérrima
Desde triaje hasta los doctores de emergencia
Se ponen bravos por decirles que atiendan más rápido se las pasan en las redes…","","","","Compartir","Me gusta","3"
"https://lh3.googleusercontent.com/a/ACg8ocJCOW5FOxSxIoq7nF2O_Coh35wdN0pTmGraQuYR5FCN4p4nVw=w45-h45-p-rp-mo-br100","ElCharlie Mo","5 opiniones","Hace 8 meses","Entramos por emergencia por una subida de presión altísima de mi madre (218/103), y nos tuvieron a la espera por 1 hora y media, y para colmo no fué atendida!!! 😡😡😡😡😡😡 por lo que me tocó llevarle a otro lugar.... Pésimo Servicio!!! Pésimo Personal!!! No están en sus puestos de trabajo!!!…","","","","Compartir","Me gusta","2"
"https://lh3.googleusercontent.com/a-/ALV-UjVJyfmvbuBU5IX6L64t4Yec6FyVnvtc3jCmJddo7-Rj6vXK6ufy=w45-h45-p-rp-mo-ba3-br100","Ninsao M.","Local Guide · 48 opiniones · 10 fotos","Hace un año","Si pudiera le doy -100 de calificación. Pedimos profesionales, pésima antencion, pésimos diagnósticos, no tienen ni idea de lo que hacen. Diagnosticaron cáncer hicieron comprar una inyección por $300 y por lo pésimo de su servicio fui a una…","","","","Compartir","Me gusta","5"
"https://lh3.googleusercontent.com/a/ACg8ocIGUCsHRbKF5zu_9WEg1JL4gbkYmpGdyDfmN91yho-lXMb1bA=w45-h45-p-rp-mo-br100","Oswaldo Alberto","27 opiniones","Hace 7 meses","Pesima atención pascientes con fracturas pueden estar más de 15 días sin atención que clase de administración tienen y se dicen profecionales de la salud asco es lo que dan","","","","Compartir","Me gusta","3"
"https://lh3.googleusercontent.com/a-/ALV-UjWNrPPmJjIR8y29Htg4nLEadtBfh25Ywz7pz6Jq8DtgW1aeB7lmQg=w45-h45-p-rp-mo-ba4-br100","Eduardo Valdés Padilla","Local Guide · 39 opiniones · 36 fotos","Hace un año","La verdad me siento decepcionado, hace una media hora me regresé del hospital San Francisco en Quito a casa sin atenderme, fuimos a Emergencias, un dolor en el pecho, en el brazo y mareos, soy diabético e hipertenso, no querían que mi…","","","","Compartir","Me gusta","9"
"https://lh3.googleusercontent.com/a-/ALV-UjVcG3GlYXXp6mwBnb_oFpxcZiWjXiaMW_MMV3A7mnac7bKzZTyJ7Q=w45-h45-p-rp-mo-ba5-br100","eduardo medina","Local Guide · 371 opiniones · 489 fotos","Hace 8 meses","Falta atención no
Puede ser que uno con emergencia espere 5 o 6 horas para que lo atiendan, hospital desordenado pésima atención como todo el iess. Malo remalo medicinas dolo paracetamol e ibuprofeno","","","","Compartir","Me gusta","3"
"https://lh3.googleusercontent.com/a-/ALV-UjU0gM7Mnyr-m6NT_DK4DhXiNHi8IWSVvC-q2ZrHtDAHmNuPMnuK=w45-h45-p-rp-mo-br100","Cinthya Cruz","9 opiniones","Hace 11 meses","Se demoran demasiado en atender una emergencia. No dejan ingresar a los familiares muriendo de frío afuera. Regresé con mi esposo sin que lo atendieran porque no aguantaba más el dolor.","","","","Compartir","Me gusta","2"
"https://lh3.googleusercontent.com/a-/ALV-UjVP0Bcd5rUU67-T_0GTLwZXzKxCmKsg2KAQtgBm-GckBlQGbUxH=w45-h45-p-rp-mo-ba3-br100","Juriel Spaña","Local Guide · 17 opiniones · 30 fotos","Hace un año","Cada vez van de mal en peor, la atención en emergencias es pésima, no hay médicos disponibles y en muchos de los casos hay uno solo para tanta gente, además cancelan citas medicas de la noche a la mañana incluso cuando ya están agendadas de hace meses","","","","Compartir","Me gusta","2"
"https://lh3.googleusercontent.com/a-/ALV-UjVRCU7ct35ZNTswuyDHGgjPv7UwhPaQr4z_X7pgY21rn4FR6I8=w45-h45-p-rp-mo-ba3-br100","Angel Molina","Local Guide · 25 opiniones · 8 fotos","Hace un año","Cómo todo lo que tiene que ver con el seguro de este país pésimo la atención groseros desde los guardias los doctores médicos y demás personal creo que mejor atención y trato de recibe en el camal que en ese lugar mi madre tenía un cirugía…","","","","Compartir","Me gusta","2"
"https://lh3.googleusercontent.com/a/ACg8ocLt6JhF0dPilvpG4Cr32ATMRAMEFp8GAL85yB9MD4EIjzAZaA=w45-h45-p-rp-mo-br100","Michael Ott","4 opiniones","Hace un año","Hay una TIPEJA que toma los signos vitales que no atiende apropiadamente, se le explica la situación y aún así cataloga como -no urgente- UN ASCO de servicio, esta gente debería de ser despedida, pero creen que es ""gratis"" y no, no es gratis la atención, son unos pseudo profesionales, de profesionales no tienen nada.","","","","Compartir","Me gusta","3"
"https://lh3.googleusercontent.com/a-/ALV-UjUcse813OISLcE8XN9YGYV3qkRZRo89_yGU8wbg82YmuJTmX8k7=w45-h45-p-rp-mo-br100","Narcisa Barberán","1 opinión","Hace un año","Muy deficiente el trato que se da a los familiares de los hospitalizados, si bien es cierto que sólo pueden dejar ingresar un visitante por paciente me parece ilógico y hasta un atropello a los derechos humanos. Pues no hay el debido…","","","","Compartir","Me gusta","6"
"https://lh3.googleusercontent.com/a-/ALV-UjWYvidwyxpM7Qlkk3IXfegAT662TMrpeecB1NVu0mewjnmPA_Sf=w45-h45-p-rp-mo-ba3-br100","Luis Reypa","Local Guide · 22 opiniones · 3 fotos","Hace 10 meses","Parece que están sin ganas de atender y creen que hacen el favor o el gran sacrificio de atender a las personas.
En fin pésima atención.","","","","Compartir","Me gusta","3"
"https://lh3.googleusercontent.com/a-/ALV-UjWivdATi_-r_mqtwUUT1H4sFOHW_WbJfBbwMonPZnhMicODMAxOqQ=w45-h45-p-rp-mo-ba4-br100","Fernando RodSan","Local Guide · 179 opiniones · 32 fotos","Hace un año","Es un gran hospital, la falla como TODO en los últimos 5 años de Gobierno es la falta de personal de salud, la deficiente administración, el poco presupuesto para medicinas, ausencia de control y gestión en el mantenimiento de los equipos e…","","","","Compartir","Me gusta","2"
"https://lh3.googleusercontent.com/a-/ALV-UjVc2UI5QptUBuFRSNJUJxKapBxheVGOMBXiSUZN5MsOpzkO2FgZuw=w45-h45-p-rp-mo-ba3-br100","Javier Cedeño Ortiz","Local Guide · 48 opiniones · 38 fotos","Hace 5 años","La atencion medica es buena pero deberia mejorar en algunos aspectos y en algunos empleados como personal de guardiania e hidratacion.","","Compartir","","","Me gusta","1"
"https://lh3.googleusercontent.com/a-/ALV-UjXFRBjnyA4YBHZgwzshMeyL7CxVTQll33734zQ4R3Ku0DhcaCIR=w45-h45-p-rp-mo-ba5-br100","Skypower","Local Guide · 313 opiniones · 1,130 fotos","Hace 4 años","Atención Pésima, estuve en emergencia con un pronóstico reservado, y en un examen tan simple como sacar sangre me dejaron la aguja metida, chorreando sangre, todo por preocuparse por el tubo de muestra. Se imaginan eso cuando uno estaba con…","","","","Compartir","Me gusta","3"
"https://lh3.googleusercontent.com/a/ACg8ocJEE1UhHeKVuQWlSxIqknbT9WeGrt6IlDagpHLGrNUiXXmbTw=w45-h45-p-rp-mo-br100","Lourdes Cevallos","3 opiniones","Hace 6 meses","No comprendo para que esta emergencia si la atención es súper pésimo","","","","Compartir","Me gusta","3"
"https://lh3.googleusercontent.com/a-/ALV-UjUy2hD0amKcevBNgf4Btz_tky_ERYaw1Buzk2jrAkHjKFb0Cig=w45-h45-p-rp-mo-br100","Gustavo Eduardo Muñoz Samaniego","5 opiniones · 1 foto","Hace 5 meses","Necesito hablar por teléfono con alguien del hospital y nunca contestan","","","","Compartir","Me gusta","2"
"https://lh3.googleusercontent.com/a-/ALV-UjW5Ky2Hp-47vDUWLiDQxxGjgblzIUyQ2FN0T1eLKo5Apqj2j4Zm=w45-h45-p-rp-mo-ba3-br100","Eddy Patricio","Local Guide · 80 opiniones · 7 fotos","Hace un año","Para los recurso de los que disponen y el sueldo que les pagan a los empleados en el hospital, relativamente bien se han manejado, he estado por varias emergencias de familiares y la atención es relativamente buena.","","","","Compartir","Me gusta","1"
"https://lh3.googleusercontent.com/a-/ALV-UjXh0KY8uTp0v1orlS7_fyKFkOvck2lzNXZAYP9wi0oS-NPhCOo5lQ=w45-h45-p-rp-mo-ba3-br100","Henry Mendez","Local Guide · 21 opiniones · 25 fotos","Hace un año","Si no fuera por su sala de emergencia que es muy lenta y depende de la atención de los médicos del hospital para que ellos atiendan a sus afiliados en su tempo que les queda seria muy buena su atención.","","Me gusta","","Compartir","",""
"https://lh3.googleusercontent.com/a-/ALV-UjX-sTma70tEfDdGQlXbIvsO2ELRsfCZu6GChRDeBo7J6CW0N4Tz=w45-h45-p-rp-mo-br100","Jonathan Espinoza","4 opiniones · 9 fotos","Hace 4 años","La atención en este establecimiento del Estado deja mucho que desear. El mal trato al usuario, la.indiferencia y prepotencia son actores principales por parte del personal que labora en el sitio.…","","","","Compartir","Me gusta","3"
"https://lh3.googleusercontent.com/a/ACg8ocJ8Ef43pWuO6YPLFuWZ4kNKmPE7ovhfE3Ucooq7tMlXkmJw0g=w45-h45-p-rp-mo-br100","Jose Eduardo","1 opinión","Hace 2 años","Dice que la ubicación de este sitio es en la calle Junín: es erróneo, si esto queda por Carcelen, señores de Google: por favor eliminen está ubicación en calle Junín ..... parece que alguien puso a propósito un duplicado de este sitio en…","","","","Compartir","Me gusta","2"
"https://lh3.googleusercontent.com/a-/ALV-UjVfkHPL3DteMzMqKYa3HtJhYAxT37e05fI0Qf8Hupg5t404Fbp_JA=w45-h45-p-rp-mo-ba4-br100","Thea Cisneros","Local Guide · 49 opiniones · 127 fotos","Hace 2 años","Estuve en la Casa Abierta y me informe como el hospital trata los desechos químicos y los desechos contaminantes, desechos comunes. Estaban exponiendo algunas  Empresa con las que trabajan  las mismas que informaban  cuáles son los medios y…","","","","Compartir","Me gusta","1"
"https://lh3.googleusercontent.com/a-/ALV-UjUKmco3d7boqm0IQQ0D0m7xmVBa1Qol1nN0BZtZre-NaWtfgaTl=w45-h45-p-rp-mo-ba4-br100","Edwin Sandoval","Local Guide · 85 opiniones · 307 fotos","Hace 4 meses","Excelente atención gracias siempre así gracias","","Me gusta","","Compartir","",""
"https://lh3.googleusercontent.com/a-/ALV-UjXFKhu9wY5kgMbIM5YdFg7sC8jtsyNMJ9gAWcf8qJnAetsMx4By=w45-h45-p-rp-mo-ba5-br100","Mayerlin Acero","Local Guide · 134 opiniones · 236 fotos","Hace 4 años","En este hospital el servicio es de primera. La habitación super aseadas y modernas, los aparatos con que trabajan de última tecnología, lo único que no me.gusts es que no dan mucha información acerca de los pacientes y te hacen esperar…","","","","Compartir","Me gusta","3"
"https://lh3.googleusercontent.com/a-/ALV-UjXp9CO8h-uwl3Hy_8VoY-D33iQ7q_A8ciD7ajlHBXW76VEYDr1W=w45-h45-p-rp-mo-ba5-br100","Yessie Coronado","Local Guide · 197 opiniones · 252 fotos","Hace 4 años","La atención en emergencias es deficiente, las veces que entré he logrado presenciar como pasan el tiempo (sobre todo los doctores especialistas) y no atienden de manera oportuna aunque exista espacio y personal libre. En derivaciones…","","","","Compartir","Me gusta","3"
"https://lh3.googleusercontent.com/a-/ALV-UjWHXcpkEhVPu7iyVBxXZCLujwuiOmqo2Z4MdGi4RZUi80z-DpimKw=w45-h45-p-rp-mo-ba4-br100","Luisana Salazar","Local Guide · 88 opiniones · 51 fotos","Hace 4 años","Pésima atención en emergencia. Dejan a los pacientes esperando HORAS , para luego decir que eso no ño atienden ahí. Una pena, que de nuestro aporte salgan los sueldos de personas que no tienen vocación,  con cero empatia por los pacientes,…","","","","Compartir","Me gusta","1"
"https://lh3.googleusercontent.com/a/ACg8ocKwtT9ysW6woG-tG0BxE8wLZUPIgaj-7jTqzQy5WkN9O-URGj7I=w45-h45-p-rp-mo-ba3-br100","Carolina Luna","Local Guide · 27 opiniones · 4 fotos","Hace un año","Pésima atención, asistimos con mi esposo que es paciente renal, con fiebre, dolor de pecho, tos, escalofríos y no nos quisieron atender, según porque saturamos bien, llegamos al Batán luego de una hora de espera nos atendieron, diciendo que…","","","","Compartir","Me gusta","2"
"https://lh3.googleusercontent.com/a-/ALV-UjVbRB_aFM_Q7keXG5B0WWjDV0J-5A-iI4_lJXzV4dKkPxKOEfwtrg=w45-h45-p-rp-mo-br100","Erika Carranza","10 opiniones · 3 fotos","Hace un año","Pésima atención lleve a mi niña de 4 meses y mi niño 4 años con dolor y diarrea pero como no tenían fiebre no los atendieron después de 6 horas me dicen que no es emergencia porque no tienen fiebre que espere 24 horas me fui de hay sin atención.","","","","Compartir","Me gusta","1"
"https://lh3.googleusercontent.com/a-/ALV-UjVmjJHtjPccpJM5bXrcJEIV5d8T-OOOqa0HiNgo6biZYRXm4A4=w45-h45-p-rp-mo-br100","Rubén Gavín","29 opiniones · 12 fotos","Hace 2 años","Mala experiencia quería un certificado médico para presentar en el trabajo porque tengo síntomas de COVID. Pero esperé 1 hora para que solo me tomen los signos vitales y me digan que me vaya al batán o cotocollao.
Solo quería un certificado para el trabajo por Dios.","","Compartir","","Me gusta","",""
"https://lh3.googleusercontent.com/a/ACg8ocKeBc4b4_dBGQxpTPLyiHzVXluetvO2ccOPJTiwLvnD8rjp4A=w45-h45-p-rp-mo-br100","Anie Morales","2 opiniones","Hace 2 años","Fue decepcionante ayer martes desde la 13:20 ingrese a mi hijo recién al triage 16:30 y me quedé hasta las 19:00 porque nos comentaron que solo hay un solo médico y muchos niños con tanta dolencia que no fueron atendidos mi hijo fue con…","","","","Compartir","Me gusta","3"
"https://lh3.googleusercontent.com/a-/ALV-UjXzOQ3qavqOPu-gwxIQOIg1AeOKWAl0O6oRFAlfqYhhohkhN8kFpg=w45-h45-p-rp-mo-ba3-br100","Veronica Loyola","Local Guide · 29 opiniones · 8 fotos","Hace un año","La atención del personal médico es muy buena, lamentablemente el servicio de asesores falla frecuentemente lo que causa malestar principalmente en adultos mayores que requieren consulta externa.","","Me gusta","","Compartir","",""
"https://lh3.googleusercontent.com/a-/ALV-UjVVsikt2Iq7m-1w1AADutjWaWLulTNhhDIYKTr3sRDJ7c-nQLA=w45-h45-p-rp-mo-br100","Majo Santana","1 opinión","Hace 8 meses","Pésima atención llegué a las 6pm de la tarde son las 3am de la madrugada y sigo esperando atención. ,","","","","Compartir","Me gusta","3"
"https://lh3.googleusercontent.com/a/ACg8ocJtS1__-mvA-gqmKdGnHj5a48DxTrLQqIqYMwfmqvOa26EgmwCQ=w45-h45-p-rp-mo-ba3-br100","Edwin Patricio Troya Gómez “Djedwin”","Local Guide · 50 opiniones · 50 fotos","Hace 4 años","Son inhumanos se tanto tiempo aportando mi madre para que le manden Paracetamol y ni siquiera realizan una adecuada valoración de los pacientes ahora mi madre está internada en otra casa de salud particular ya que el dicho seguro social casi me deja morir.","","","","Compartir","Me gusta","2"
"https://lh3.googleusercontent.com/a-/ALV-UjXgicMIIFn-Stsb9CAbvn_WLKB5AI9fhmfaduzoAOnTtsIXVoxo=w45-h45-p-rp-mo-ba5-br100","MAURICIO ESPINOSA","Local Guide · 274 opiniones · 78 fotos","Hace 2 meses","Muy buena atención","","Me gusta","","Compartir","",""
"https://lh3.googleusercontent.com/a/ACg8ocJRm9phuvabVrrj3ZBDFR0CLwEL3KMAXeFjmYJ7zDNgAs0c1w=w45-h45-p-rp-mo-br100","Katy Cueva","3 opiniones","Hace 2 años","Mala atención al público en el departamento que recibe los certificados médicos para ser legalizados los dos señores de ahí tratan a la gente con nada de respeto estuve ahí y el uno le grito a una señora no le recibió el documento y la trató mal son servidores públicos y se deben a los usuarios","","","","Compartir","Me gusta","1"
"https://lh3.googleusercontent.com/a-/ALV-UjVBt0JtSNGCu60tFFdCceMo7fIhXSKDvkdxCqAHRlwUXM-4qxR_VQ=w45-h45-p-rp-mo-br100","Jessica Faz","2 opiniones","Hace 2 años","Son los mejores profesionales especialmente en emergencias actúan rápido y como se debe, fui bendecida al haber llegado allá cuando lo necesite,  allí me salvaron la vida✨🙏💪🏻…","","","","Compartir","Me gusta","1"
"https://lh3.googleusercontent.com/a-/ALV-UjUcD202VrgPakH1VYb0XH1n4Z2YJcizmt0a25bRhL3z-kyx7Q0=w45-h45-p-rp-mo-br100","Cristian Hidalgo","1 opinión","Hace 2 años","Los doctores jóvenes que ni saben los protocolos, las señoritas de admisión que no saben lo que es una emergencia y creen que tienen más poder que los doctores, más practicantes que médicos..un relajo todos por todo lado y después el COVID es porque se sale a la calle..vergüenza..","","","","Compartir","Me gusta","1"
"https://lh3.googleusercontent.com/a-/ALV-UjUELlyAxya46GDW5IZ3-ApOJef5IUfT8sKIPnGxrado6yTrlfF4=w45-h45-p-rp-mo-br100","Jeannette Valdivieso Andrade","1 opinión","Hace 3 años","Buenos días nuevamente, cambio mi comentario anterior ya que fui atendida telefónicamente entendiendo que tienen un número excesivo de llamadas y lógicamente es difícil comunicarse, también me fue posible arreglar cambio cita médica por lo que agradezco enormemente y felicito su pronta atención.","","","","Compartir","Me gusta","1"
"https://lh3.googleusercontent.com/a-/ALV-UjXga3zI76wV0GKuT94oD8-UGFUD4yKtrj3lKoVIguf8NOk0Qu0=w45-h45-p-rp-mo-br100","Andrea Reyes","16 opiniones · 1 foto","Hace un año","Pésima atención en información, imagen lo peor de lo peor y Urología, no saben tratar a sus pacientes, son groseros y groseras¡ especialmente con adultos mayores.","","Me gusta","","Compartir","",""
"https://lh3.googleusercontent.com/a-/ALV-UjX9oBE2SakeyTDkHDSDwB4z3SDJu6TWLfLyjabsgO3UvkU0lC4u=w45-h45-p-rp-mo-br100","Néstor Mogollón","5 opiniones","Hace 4 años","Si pudiera calificar a este centro de salud, hablando por pediatría, la calificación de este sería de 0, las demás areas serían de una a maximo dos estrellas, los dispensarios del ministerio de salud pública son un lujo, el mejor de todos…","","","","Compartir","Me gusta","1"
"https://lh3.googleusercontent.com/a/ACg8ocIZFUy8XhZwbXkbaaWkodrZnPX3qJcmsRfzHWaBCmnIX75oag=w45-h45-p-rp-mo-br100","Ximena Pasquel","7 opiniones · 3 fotos","Hace 6 años","Los doctores,doctoras,licenciadas,algunas enfermeras y asistentes completamente amables.
Pero los señores guardias totalmente cerrados y no entienden razones ni se toman…","","Me gusta","","Compartir","",""
"https://lh3.googleusercontent.com/a/ACg8ocJaNYMAv9sbjPjvCbSKWuW1VEd0fNtiKxXIqqCOp4isgr1yXg=w45-h45-p-rp-mo-br100","Rebeca Parreño","1 opinión","Hace 5 años","ESTAMOS EN EMERGENCIA CON MI FAMILIAR ANGELA MARIA RUIZ ALCIVAR EN ESTE MOMENTO Y ESTA QUE SE MUERE DEL DOLOR PORQUE PARECE QUE TIENE APENDICITIS Y ESTOS DEL IESS NADA QUE NOS ATIENDEN ESTAMOS EN EL SAN FRANCISCO Y RESULTA QUE NOS TIENEN A…","","","","Compartir","Me gusta","1"
"https://lh3.googleusercontent.com/a/ACg8ocKMF7Q134ucppN0bwBgHhNBn2lLfoy_SpV2YZCzSeK5YH_CoSyO=w45-h45-p-rp-mo-br100","cocoliso","6 opiniones · 3 fotos","Hace 5 años","Es muy triste e indignante lo que voy a contar de este centro de salud, mi madre fue ingresada por emergencia la madrugada del 8 de agosto sobre las dos de la mañana a lo cual ella llega con un fuerte dolor de estómago pero las personas…","","","","Compartir","Me gusta","10"
"https://lh3.googleusercontent.com/a/ACg8ocKM33JGiFDQD5-RyMPlp6xk43dqhXPg4B-4myRu6Pkq0fyaOQ=w45-h45-p-rp-mo-br100","Alex Haro","1 opinión","Hace 5 años","!!Indignante!!
Son las 11 de la noche y mi abuelita a punto de tener un infarto nos ingresan a una sala para hacerle un electrocardiograma llega un medico y por preguntar si…","","","","Compartir","Me gusta","3"
"https://lh3.googleusercontent.com/a-/ALV-UjW1QsgPau6Ehn7qRYmRvpoQKJVAdNah8jtQKkNtf3R30B8S97YK0A=w45-h45-p-rp-mo-br100","Adriana Rodríguez Mendoza","10 opiniones · 25 fotos","Hace un año","Los ascensores no sirven y se necesitan para traslado de pacientes que no pueden subir gradas por reciente cirugía 😤…","","Me gusta","","Compartir","",""
"https://lh3.googleusercontent.com/a/ACg8ocIW9l53sdOy5UbsXCSaaYboF6WWUnBQ06_rb8IufzYu3WCyfw=w45-h45-p-rp-mo-ba4-br100","Isama Online","Local Guide · 62 opiniones · 17 fotos","Hace 4 años","La atención es buena dentro de lo q cabe. Los médicos hacen su mejor esfuerzo pero la gente cree q siempre tiene prioridad.","","","","Compartir","Me gusta","1"
"https://lh3.googleusercontent.com/a/ACg8ocLf4hRWRjWeEf2RJdr2PoiCjWns9TxMuFM5cYNWAqzxKKfQ3w=w45-h45-p-rp-mo-br100","Marcelo Guayaquil","1 opinión","Hace un año","Por emergencia desde las 11am y siendo las 15:20 aún no somos atendidos hospital de la muerte","","Me gusta","","Compartir","",""
"https://lh3.googleusercontent.com/a-/ALV-UjWlzrjnSPbtq0ibmglB_38195-ho-HmRaRH4Wrf-aw5oAhPyHmg=w45-h45-p-rp-mo-br100","JOHANNA GONZÀLEZ","2 opiniones","Hace 5 años","AYER ESTA UN PACIENTE MUY GRAVE Y NO LE DAN INGRESO AL HOSPITAL ESTA CON PERITONITIS ES UN JOVEN CON GANAS DE VIVIR PERO EL HOSPITAL LO TIENE AFUERA POR MAS QUE LE DIERON EL TRALADO PIDO UN POQUITO DE SOLIDARIDAD QUE LO INGRESEN A UNA CAMA HOSPITAL SAN FRANSISCO DE QUITO","","Me gusta","","Compartir","",""
"https://lh3.googleusercontent.com/a/ACg8ocI1p5gyLfSkrG78pUZe-eVKgWx4FuDTc7RzaS4HJFBUelo77A=w45-h45-p-rp-mo-br100","Genoveva Carrasco","1 opinión","Hace 7 años","Excelente atención  médicos muy profesionales y sobre todo,muy HUMAMOS ,
mucho aseo,la sugerencia que tengo es UNA CAFETERÍA,el espacio está allí,ademas muy linda vista,pero no hay servicio.","","Me gusta","","Compartir","",""
"https://lh3.googleusercontent.com/a/ACg8ocJkqAAlCzecNTwK91bGCCvkTV6WCIDd5kr8ejWJv_4gwLvyFg=w45-h45-p-rp-mo-br100","Gabyta Flores","1 opinión","Hace 3 años","Emergencia del hospital atención rápida y amable, las escualidades se demoran un poco en atender pero solucionan los problemas de manera eficiente","","Me gusta","","Compartir","",""
"https://lh3.googleusercontent.com/a-/ALV-UjV5sC15JZva9O0ukY_ZNlN6Iiv2YRAP_StlZEWQKwEpLxuFinUM=w45-h45-p-rp-mo-ba3-br100","Carlos Iván Andrade","Local Guide · 36 opiniones · 10 fotos","Hace 2 años","A pesar de las filas de espera para mis turnos, la atención es excelente y tiene los insumos necesarios","","Me gusta","","Compartir","",""
"https://lh3.googleusercontent.com/a/ACg8ocJ5sxNcv1mctwxKGt7k20TgFwDRtNQQd8-Rji0Hh7sKWbWUKQ=w45-h45-p-rp-mo-br100","Edison Paspuel","1 opinión","Hace un año","Me envian al batan o cotocollao, sabiendo q estan cerradas las vias por carrera de bicicletas","","Me gusta","","Compartir","",""
"https://lh3.googleusercontent.com/a/ACg8ocLQr-T8LXTdXcmBBVlIoa7M0KXEGtlLxUQt5jSnWRXp2jvT_A=w45-h45-p-rp-mo-br100","Cime C","6 opiniones","Hace 2 años","Ubicacion erronea en el mapa aparece en calle Junin ???  el hospital San Francisco del IESS es en la Av Jaime Roldos sector Carcelen","","","","Compartir","Me gusta","5"
"https://lh3.googleusercontent.com/a-/ALV-UjUBwt90lmhaP2LRRkKySzYfDR8juWnTbMDaWXZIqTSTtDtgsA=w45-h45-p-rp-mo-ba5-br100","Luis Fernando","Local Guide · 107 opiniones","Hace 6 meses","Pésima atención largas colas","","Me gusta","","Compartir","",""
"https://lh3.googleusercontent.com/a/ACg8ocK9SIZoIbMShpVTCL2x-crB6BO-347wkh47Ek2_vXydS7Zgaw=w45-h45-p-rp-mo-br100","Area Administración","1 opinión","Hace 2 años","NADIE CONTESTA LOS TELEFONOS DEL HOSPITAL , ES INCREIBLE LA FALTA DE ENTREGA DEL PERSONAL ; NECESITO INFORMACION URGENTE YA VOY UNA HORA DE LLAMADA Y NADIE CONTESTA","","","","Compartir","Me gusta","1"
"https://lh3.googleusercontent.com/a-/ALV-UjXEDEdbgVpcUIBzdZDUxdMx6GJV4nAqMrIp1xFirQVC-tHI9Q=w45-h45-p-rp-mo-br100","Alexandra Cisneros","1 opinión · 3 fotos","Hace 2 años","Pésimo servicio en todo sentido, guardias patanes e irrespetuosos, salas y habitaciones sucias y médicos que parece que les apesta la vida","","","","Compartir","Me gusta","4"
"https://lh3.googleusercontent.com/a-/ALV-UjX68zDppI7IioEutxk1JnLekbeCcnABzdBGn725jYD4WYqNR2f8=w45-h45-p-rp-mo-br100","Luis Maya","1 opinión","Hace 3 años","Buenas noches por favor de ibarra viaja una paciente de urgencia es afiliada al IESS si esta el hospital en condiciones de recibirla","","Me gusta","","Compartir","",""
"https://lh3.googleusercontent.com/a-/ALV-UjX8Q8vAtTaUFHq6k7pQCflyXjSP0LipervobFbSK0L05kyHDlHyTQ=w45-h45-p-rp-mo-ba5-br100","Kenneth Vera","Local Guide · 372 opiniones · 566 fotos","Hace 7 años","Está bastante bien provisto para sus especialidades, brinda una buena atención los empleados son amables y el lugar está bien mantenido en ambiente y limpieza","","","","Compartir","Me gusta","2"
"https://lh3.googleusercontent.com/a/ACg8ocKd6GGGWhEHigfUZaTy1YjOaBL5WXNtapcVztVaZE966JP5HgR2=w45-h45-p-rp-mo-br100","Andres Suarez","1 opinión","Hace un año","Para mi el peor hospitao con pesima atencion","","Me gusta","","Compartir","",""
"https://lh3.googleusercontent.com/a/ACg8ocK531tkH0VylNsNDJPzlrys9Jmz6DIzgbUi6LEL_TnSes3CCQ=w45-h45-p-rp-mo-br100","Veronica Camacho","8 opiniones · 15 fotos","Hace 7 años","La atención médica es aceptable si estas asegurado, pero la atención es lenta y no te suelen atender rapido","","Me gusta","","Compartir","",""
"https://lh3.googleusercontent.com/a/ACg8ocLmvl9229jBc_O-i5bEBMeHxTe0YuhDAnszO8xTLfHPfVj7CRM=w45-h45-p-rp-mo-ba4-br100","Rafael Andrade","Local Guide · 102 opiniones · 7 fotos","Hace 6 años","En este hospital le atenderán en emergencias señores guardias de seguridad.... Porque médicos no hay. Pésima atención...pésimo servicio.","","","","Compartir","Me gusta","1"
"https://lh3.googleusercontent.com/a-/ALV-UjWHTu9QCBv6kA7gpgO9HxMX37mNZcVRGcpG6x9clo8dqWQYKsHT=w45-h45-p-rp-mo-ba3-br100","Sandrita Zambrano de Diaz","Local Guide · 38 opiniones · 3 fotos","Hace un año","Si es buena la atención solo lo hay medicinas","","Me gusta","","Compartir","",""
"https://lh3.googleusercontent.com/a-/ALV-UjWsq599gGId-y7CzbzwbKd1zd7D0GYPHN73f_bk4-oItC8XOQJTjA=w45-h45-p-rp-mo-br100","Nany Vega","4 opiniones","Hace 3 años","Toda la tarde, gastando saldo, para pedir una cita y nunca me contestaron. Lamentable.","","Me gusta","","Compartir","",""
"https://lh3.googleusercontent.com/a-/ALV-UjUDlpy4AqJU-53j3Dc89Lque6sGzS7QK-D34dKpBQA-3fQGoxTfXg=w45-h45-p-rp-mo-br100","Daysi Arboleda","2 opiniones","Hace un año","Pésimo servicio, llegan casos graves y no son capaces de atender con eficacia","","Me gusta","","Compartir","",""
"https://lh3.googleusercontent.com/a-/ALV-UjUS2LNOWnylRS6lBhoQTLmSeloZi8_OqqJ-R6lH2fgszknTKvZV=w45-h45-p-rp-mo-ba4-br100","FRANKLIN RICARDO CH","Local Guide · 80 opiniones · 48 fotos","Hace un año","Rapida atencion  en las mañanas antes de las horas pico, e inmediata respuesta","","Me gusta","","Compartir","",""
"https://lh3.googleusercontent.com/a-/ALV-UjVxHR0ZraZvfhBslz3-ho6sWKvUDUOYLHtBLFkdOMVdOcU2RrQ=w45-h45-p-rp-mo-ba5-br100","Pablo Becerra","Local Guide · 231 opiniones · 184 fotos","Hace 5 años","Terrible voy desde las 12 y les seleccionan a los pacientes x código d color o x parentesco de alguien q trabaje adentro sigo esperando la atención q merecemos todos los Ecuatorianos","","","","Compartir","Me gusta","1"
"https://lh3.googleusercontent.com/a/ACg8ocLtDnQZFIwlX9ppbxreaNuJfEMtGg7cf7AXkkwNUdm4CX7AGA=w45-h45-p-rp-mo-br100","martin lopez","10 opiniones","Hace un año","Las instalaciones son muy bonitas sin embargo la atención no es 5 estrellas","","Me gusta","","Compartir","",""
"https://lh3.googleusercontent.com/a-/ALV-UjXFHOuZdLkSfcshdlqUnB0fwuDjibLQPQo1t0awzrP-PFdGS98=w45-h45-p-rp-mo-ba5-br100","Alejandro Arboleda","Local Guide · 169 opiniones · 46 fotos","Hace 8 meses","Una de las mejores obras del IESS ... felicitaciones a la jefe","","Me gusta","","Compartir","",""
"https://lh3.googleusercontent.com/a/ACg8ocLVZ7bR50ZZgK9IQKXKbk_WV7oXJLtFZcAk1OHQu9ai-vf_qg=w45-h45-p-rp-mo-br100","Cristian Escanta","1 opinión","Hace 4 años","Pesimo pesimo el servicio
Mala informacion por un certificado no disen ni quien da ya voy 3 horas solo esperando el certificado y no puedo retirarme a descansar","","Me gusta","","Compartir","",""
"https://lh3.googleusercontent.com/a-/ALV-UjXFFDTdSCGbn2pmkguv6i4qV42MgyQuW7gtWP37z-h5LncVTYq1mQ=w45-h45-p-rp-mo-br100","Alexander Melo (TIGRE)","15 opiniones","Hace 3 años","El asco de atención telefónica,cuelgan y dejan sin atención uno hay que prepararse con 10$ de saldo mínimo para llamar a estos ineptos .","","","","Compartir","Me gusta","1"
"https://lh3.googleusercontent.com/a-/ALV-UjWUCKGqGy2CoQQnImp9Yz-n3SvchlzSFyzZBWpp1M_mjrYoEOeWAg=w45-h45-p-rp-mo-ba3-br100","Ian Morillo","Local Guide · 11 opiniones · 55 fotos","Hace un año","10 horas para poder ser atendido","","Me gusta","","Compartir","",""
"https://lh3.googleusercontent.com/a/ACg8ocKHNBkTO0WG3-TwtrM2UyYuZHIZTErorNGKFnqE6ZU-0wuxCA=w45-h45-p-rp-mo-ba2-br100","Diego","Local Guide · 10 opiniones","Hace 2 años","Excelente hospital, tiene una buena atención, y un control estricto del covid","","Me gusta","","Compartir","",""
"https://lh3.googleusercontent.com/a-/ALV-UjViFdYf9GPncPec74cNh2KiC98RfXhFjj8jGVBdH5LcqeAwCNwdbQ=w45-h45-p-rp-mo-ba5-br100","Pau Macias","Local Guide · 114 opiniones · 816 fotos","Hace 6 años","Un hospital muy completo, la atención ha mejorado mucho en este 2018, en el exterior hace falta lugares de parqueo.","","Me gusta","","Compartir","",""
"https://lh3.googleusercontent.com/a-/ALV-UjXiStO_asO-AsIXDz8UGynB9mvTBMMqLrwiX6GFPYSV38izZBgaiA=w45-h45-p-rp-mo-ba5-br100","Jimmy Fabien Brito Cortez","Local Guide · 438 opiniones · 737 fotos","Hace un año","Tuve una cirugia","","Compartir","","Me gusta","",""
"https://lh3.googleusercontent.com/a-/ALV-UjXrKLRogR-hRbLl4B8YlgGAOvyFUI9yuMcEp_mfRvQsYv1aesmA=w45-h45-p-rp-mo-br100","Samuel Rodríguez","3 opiniones","Hace 5 años","Pésima atención y servicio deplorable.
Sin sistema y nada de información para el usuario.","","Me gusta","","Compartir","",""
"https://lh3.googleusercontent.com/a-/ALV-UjUtlZrJwllX9kgsm2_2JHvxc3rBen_vcd676LhRgLlv6EJg4UHY=w45-h45-p-rp-mo-ba4-br100","Esteban Salcedo","Local Guide · 90 opiniones · 310 fotos","Hace 7 años","El lugar es nuevo, el problema como siempre es la atención hay que llegar con un cuchillo clavado en el pecho para que te atiendan,me refiero a emergencias","","","","Compartir","Me gusta","1"
"https://lh3.googleusercontent.com/a-/ALV-UjWNDUH_GrL3-FZWkTl7gXSo38FWQ-5qm2xBag6MTFNidUFoYWZR=w45-h45-p-rp-mo-ba4-br100","Jeanneth Macas","Local Guide · 109 opiniones · 32 fotos","Hace 2 años","Hay que esperar mucho tiempo para que le atiendan en una emergencia","","","","Compartir","Me gusta","1"
"https://lh3.googleusercontent.com/a-/ALV-UjXhro3l4dhg55FFMqwyxqjMlojs8w989m75IMmfT89xbi8_y6k=w45-h45-p-rp-mo-ba4-br100","wilson luzardo","Local Guide · 97 opiniones · 260 fotos","Hace 11 meses","Buena atención y hay buenos profesionales","","Me gusta","","Compartir","",""
"https://lh3.googleusercontent.com/a-/ALV-UjViWrkWOGZCkanpxyw137mR0DUo0VkF3jlArXHAi6ZrYAFZGOSD=w45-h45-p-rp-mo-ba2-br100","Daniel","Local Guide · 14 opiniones · 5 fotos","Hace un año","La peor atención y los doctores pésimos","","Me gusta","","Compartir","",""
"https://lh3.googleusercontent.com/a/ACg8ocKBC85yR3d-G6HpmnxEA9staVlm6y0q7W-IwwBPE7VXGiJUmQ=w45-h45-p-rp-mo-br100","Andres Mayorga","3 opiniones","Hace 3 años","Realmente pésimo uno llama, alzan el teléfono y cuelgan, creo que las personas que trabajan contestando no son lo suficientemente capacitados.","","","","Compartir","Me gusta","1"
"https://lh3.googleusercontent.com/a-/ALV-UjUz-WHWBqQERbcA-wWK6R93hBNxSzeEqzK8xx2M7pG6aKGbJIYN8Q=w45-h45-p-rp-mo-br100","Katherine Mishell","1 opinión","Hace 4 años","Buenas tardes quisiera saber si estan cogiendo personal para limpieza y donde hay que dejar la carpeta gracias","","Me gusta","","Compartir","",""
"https://lh3.googleusercontent.com/a/ACg8ocIHoDhkDiTVOuD-6Q5ZVqyOpW3xAVEdDj8m3dHSGWKerUZTMA=w45-h45-p-rp-mo-br100","diego peña","16 opiniones · 2 fotos","Hace 9 años","estuve desde las 9 pm hasta el otro día y no me atendieron que malos no me gusta.","","Me gusta","","Compartir","",""
"https://lh3.googleusercontent.com/a-/ALV-UjXDS8p9Z6OOIcn1QNfjp6MQw5BY4j54PNUPXlJYynRcVcgiJs5VuA=w45-h45-p-rp-mo-ba2-br100","Andrés Ramírez","Local Guide · 8 opiniones · 16 fotos","Hace 3 años","Pésima atención por parte de enfermería en cuidados.","","","","Compartir","Me gusta","1"
"https://lh3.googleusercontent.com/a-/ALV-UjVje_7HUhWTHMBgU79-I4Tl1QK0ImvJj_5Cyg6Z-6BbOfweTx9D=w45-h45-p-rp-mo-ba4-br100","ecuafax","Local Guide · 40 opiniones · 150 fotos","Hace 5 años","Buena atención del personal médico.Mucha gente","","Me gusta","","Compartir","",""
"https://lh3.googleusercontent.com/a-/ALV-UjUrYXX4CNOah_DbIp5ZJsupQImCvfXPZAPzQBHvnX-DyupckJPM=w45-h45-p-rp-mo-ba4-br100","SOUL HEALING YFC","Local Guide · 75 opiniones · 14 fotos","Hace 11 meses","Hospital limpio con excelentes profesionales","","Me gusta","","Compartir","",""
"https://lh3.googleusercontent.com/a/ACg8ocL7_3NW6M_RD-_xXtO6ICsCBqe_1Gs8vwdlaY3HZlBNL3nfTQ=w45-h45-p-rp-mo-br100","Alexandra Becerra","1 opinión","Hace 8 años","Ola Juan pablo si tu tienes ami mamá porfavor dime donde esta","","","","Compartir","Me gusta","1"
"https://lh3.googleusercontent.com/a/ACg8ocIaN1oB6NbrB6c6cq3YNfLisWBesLoBHvrR3Sc9oErY3c1Vkg=w45-h45-p-rp-mo-ba5-br100","Paúl CM","Local Guide · 109 opiniones · 551 fotos","Hace 5 años","Desde el ingreso, pésima imágen, los guardias son unos altaneros","","Me gusta","","Compartir","",""
"https://lh3.googleusercontent.com/a-/ALV-UjWCJlqQoXuukOxB4IEJ9WLkWit7cMMJ8Te-VzocLKkiuZHucjun=w45-h45-p-rp-mo-ba4-br100","Adrian 7","Local Guide · 224 opiniones · 74 fotos","Hace 6 años","Nuevo hospital muy higiénico y buen personal","","Me gusta","","Compartir","",""
"https://lh3.googleusercontent.com/a-/ALV-UjWpqcf-Luk42sAFSpbg_gphfTZvcvlUCbCl4KubW7Dojl2eDmmy=w45-h45-p-rp-mo-br100","Javier Yanez","1 opinión","Hace 11 años","Estoy desde las 7am asta ahorira y no me atienden 1 pm","","Me gusta","","Compartir","",""
"https://lh3.googleusercontent.com/a-/ALV-UjXTyvFP-9u5g0l-KJwcLoVtlPSPOAdQlnXoc_gjbDats3oQ3PiOvQ=w45-h45-p-rp-mo-br100","Carol Ibaza","1 opinión","Hace 7 años","Muy buena atencion  super buenos los doctores","","Me gusta","","Compartir","",""
"https://lh3.googleusercontent.com/a-/ALV-UjV8wbNDicPsNksst1JmHEE7T292ndvLnh7ZnhUH_CyllXq1DdJP=w45-h45-p-rp-mo-br100","Luis Pomboza","1 opinión · 1 foto","Hace un año","Muy bueno y basil","","Me gusta","","Compartir","",""
"https://lh3.googleusercontent.com/a/ACg8ocJb9XuFjyKM4Pp9VmVLGOQl3Z8L5o77HVihuKiWiLc8RW_zoA=w45-h45-p-rp-mo-ba5-br100","PAULA SOTO LAVALLE","Local Guide · 183 opiniones · 17 fotos","Hace 7 meses","Muy buenos","","Me gusta","","Compartir","",""
"https://lh3.googleusercontent.com/a-/ALV-UjWGhIXpPO5igffWEEqLvReQbXhMM44IR2Y6LboYGXCm5Y7mrYZ3=w45-h45-p-rp-mo-ba2-br100","Dr. Mauricio Nolivos","Local Guide · 4 opiniones · 7 fotos","Hace 8 años","Exigen que los acompañantes pasen la noche con los pacientes en una silla no es justo !!!","","Me gusta","","Compartir","",""
"https://lh3.googleusercontent.com/a-/ALV-UjUrUU6sUXd8Sy8orwDGzJKA7-kbDPFowTvEUFwUQzF7RfHYcSuw=w45-h45-p-rp-mo-ba4-br100","Miguel Angel Valencia (Milo)","Local Guide · 152 opiniones · 38 fotos","Hace un año","Falta prestarle atencion al servicio","","Me gusta","","Compartir","",""
"https://lh3.googleusercontent.com/a-/ALV-UjUygDAEfEW95GXsdnmtlajT2zZfGaamzqpIIjfOzHp1tnE1KZA=w45-h45-p-rp-mo-br100","EDGAR SILVA","12 opiniones","Hace 5 años","La amabilidad y la atención hacia el usuario, muy agradecido.","","Me gusta","","Compartir","",""
"https://lh3.googleusercontent.com/a-/ALV-UjW1h-jHCTLEs6Si7qAOiv5IZManP01wqQKdl0J8j56BSl2N9XX88g=w45-h45-p-rp-mo-ba4-br100","José Luis Tequiz","Local Guide · 148 opiniones · 143 fotos","Hace un año","Muy lenta la atencio,","","Me gusta","","Compartir","",""
"https://lh3.googleusercontent.com/a-/ALV-UjVU-C3BdOYU5vCsEnxYE71LQ7TozV5Qycu6ImuKKHV3UAL1Xaxj=w45-h45-p-rp-mo-ba3-br100","Pablo Suarez","Local Guide · 32 opiniones · 16 fotos","Hace un año","Es buen hospital 🏥…","","Me gusta","","Compartir","",""
"https://lh3.googleusercontent.com/a/ACg8ocIegwNfJKg96zIkb1Acg7j6u3WRsClUitg-NYuNuUEP1aJl0A=w45-h45-p-rp-mo-br100","Rosita Olmedo","1 opinión","Hace 6 años","Además de ser médicos son tambien amigos de los pacientes","","Me gusta","","Compartir","",""
"https://lh3.googleusercontent.com/a-/ALV-UjU4hnSqGrgAua1bLBAsoUKhvXG7c7roBrhCyoTGWchy0g-i-kba=w45-h45-p-rp-mo-ba3-br100","Raul Sanchez","Local Guide · 99 opiniones","Hace 2 años","Exelente muy buena atención","","Me gusta","","Compartir","",""
"https://lh3.googleusercontent.com/a/ACg8ocKjtNbEMclSb_wGrpzSH6VZ1vhZMrS9-zXWS88z8Y4b4uuzSQ=w45-h45-p-rp-mo-ba3-br100","Franklin hesteCarcelen","Local Guide · 14 opiniones · 101 fotos","Hace 5 años","si me gusta está perfecta","","Me gusta","","Compartir","",""
"https://lh3.googleusercontent.com/a-/ALV-UjUAqp0oPj0Tu_EDg6A7ilNTA_OKTx9D__Q2Y1iqmshDCcdzGkeN=w45-h45-p-rp-mo-ba4-br100","Vicente Ortiz","Local Guide · 67 opiniones · 124 fotos","Hace 6 años","La atención es muy buena.","","Me gusta","","Compartir","",""
"https://lh3.googleusercontent.com/a/ACg8ocJELPkab7WEeXxrdCbdfBAabS2yM5_byFuXD2XKv4aIhnIOfw=w45-h45-p-rp-mo-br100","Luis Paliz","1 opinión","Hace 5 años","una pena q no este a la mano la direccion muy mal","","Me gusta","","Compartir","",""
"https://lh3.googleusercontent.com/a-/ALV-UjWmaigxHfrCAR0SMIikIiz767oI-UB8UYllGfqF4Kaqh8ACbf9xAg=w45-h45-p-rp-mo-ba5-br100","Henry Torres","Local Guide · 309 opiniones · 140 fotos","Hace 7 años","Los Hospitales del IESS son los mas modernos del País","","Me gusta","","Compartir","",""
"https://lh3.googleusercontent.com/a/ACg8ocJ9UDXjYhr1xLrK_yoo2fnQt7_c7Ti3ibPAV__Uoaw3Qs-a0DNQ=w45-h45-p-rp-mo-ba3-br100","Vinicio Claudio","Local Guide · 9 opiniones · 4 fotos","Hace 7 años","lo mejor en atención..el IESS y sus nuevos hospitales","","","","Compartir","Me gusta","1"
"https://lh3.googleusercontent.com/a/ACg8ocKJjpITbEcRbTbmFFb5J6Qo0zRcCSHYolibfZ5E9A2o9mqBeQ=w45-h45-p-rp-mo-br100","jorge folleco","2 opiniones","Hace 9 años","Muy bien","","Me gusta","","Compartir","",""
"https://lh3.googleusercontent.com/a-/ALV-UjVzpIOxfHLUfJXsDsTACSV4dXSDlfXcyiQBPqOqx9yNOWZ_M3RUig=w45-h45-p-rp-mo-ba3-br100","Francisco Perez","Local Guide · 27 opiniones · 14 fotos","Hace 11 años","Ya estoy aquí por dos ocasiones es Bueno","","","","Compartir","Me gusta","1"
"https://lh3.googleusercontent.com/a/ACg8ocKUqk-VNRJMogjR3HUCoX8UUm_zVe10jiqILqgVP8rVH2b4zg=w45-h45-p-rp-mo-ba4-br100","Elsita Barreto","Local Guide · 117 opiniones · 1 foto","Hace 3 años","Buena atención de médicos y personal","","","","Compartir","Me gusta","1"
"https://lh3.googleusercontent.com/a/ACg8ocLdoRaTABUAfJq-q6b2F8Rmz0bYqkN1SWtP9d63_WfF5_ZsAw=w45-h45-p-rp-mo-ba3-br100","FKEY","Local Guide · 43 opiniones","Hace 3 años","Esa no es la dirección está mal el mapa","","Me gusta","","Compartir","",""
"https://lh3.googleusercontent.com/a-/ALV-UjXjoRRVGkud5jMFMOGX4jRUc6FY_IDx0NaUi-eKfGUs3HRWEZ0=w45-h45-p-rp-mo-ba4-br100","Raul Boada","Local Guide · 44 opiniones · 4 fotos","Hace un año","Muy grande","","Me gusta","","Compartir","",""
"https://lh3.googleusercontent.com/a-/ALV-UjV721ivc1dp_VHmQD85-YB6zWn1RnBYoHsSp5bdTWWOnCUE5r10Dg=w45-h45-p-rp-mo-ba5-br100","PAOLA CABEZAS","Local Guide · 319 opiniones · 188 fotos","Hace un año","Buenos profesionales de la salud","","Me gusta","","Compartir","",""
"https://lh3.googleusercontent.com/a-/ALV-UjWpkjmx9kC4T69R2pZAVV_1i_Exwa59jRJc58TtAAv3iOQmdqBaMw=w45-h45-p-rp-mo-ba2-br100","Solange Buitron","Local Guide · 17 opiniones · 9 fotos","Hace 4 años","Atención cálida y profesional","","Me gusta","","Compartir","",""
"https://lh3.googleusercontent.com/a/ACg8ocL4dKeeHyk9Jil84bnyH_otlL1Mq8iElAjPF2_2KHrzCU42Ag=w45-h45-p-rp-mo-ba2-br100","Monica Diaz","Local Guide · 20 opiniones · 2 fotos","Hace un año","Muy divertido","","Me gusta","","Compartir","",""
"https://lh3.googleusercontent.com/a-/ALV-UjXJKXokobpDid-hDCH1JJWEZsF2PEpEpfx3dP-WzW9yYP6MkpvK-g=w45-h45-p-rp-mo-ba3-br100","Guillermo Fontana","Local Guide · 19 opiniones","Hace un año","Atendimiento muy demorado","","Me gusta","","Compartir","",""
"https://lh3.googleusercontent.com/a-/ALV-UjUlKh951Se0xPthuir-g8R67wdIrd9qJf-HONK2mdm5CNeAGtP7=w45-h45-p-rp-mo-br100","Cristian Zuma","1 opinión","Hace 4 años","Muy bnbn gracias","","Me gusta","","Compartir","",""
"https://lh3.googleusercontent.com/a-/ALV-UjWR7PLg48tLtlhXPZW9wk0NsewJfn92ELDQ9R5nkr6W0B3_oxFhzA=w45-h45-p-rp-mo-ba3-br100","jose roberto guadalupe verzosi","Local Guide · 38 opiniones","Hace un año","Excelente","","Me gusta","","Compartir","",""
"https://lh3.googleusercontent.com/a/ACg8ocJztgdzXBIF4XZWBqFw3r3hwsEMZKIhXPugBAmtMdKTKTboOCk=w45-h45-p-rp-mo-br100","Gabriela Cm","1 opinión","Hace 8 años","La atención es Mala, no la recomiendo .","","Me gusta","","Compartir","",""
"https://lh3.googleusercontent.com/a-/ALV-UjXsDNCnMYVQGArPLro4F-6v4UksGTmejVSfjTwz8FhnRdXb7Kkb=w45-h45-p-rp-mo-ba8-br100","Jose Luis Rivadeneira Garcia","Local Guide · 514 opiniones · 499 fotos","Hace 2 años","Muy buena atención","","","","Compartir","Me gusta","1"
"https://lh3.googleusercontent.com/a-/ALV-UjX68woH1B3HnNOCkred_BRQ5HO8BYPMjQU8Us_f8qFSGCp4S08_=w45-h45-p-rp-mo-ba3-br100","ivan vaca","Local Guide · 47 opiniones · 3 fotos","Hace 3 años","Bien","","Me gusta","","Compartir","",""
"https://lh3.googleusercontent.com/a-/ALV-UjXEmV1tA71amIqHA9ss3AkYCDuqX9NCupPqoiHVbAwNrb_3G1Uy=w45-h45-p-rp-mo-ba3-br100","Roy Rosero","Local Guide · 60 opiniones · 2 fotos","Hace 5 años","Hospital con excelente servicio","","Me gusta","","Compartir","",""
"https://lh3.googleusercontent.com/a-/ALV-UjVayKwqmmlr2q4OgxqlRfEpx3nASPzF4BZlZPEjEcvQV21t76otEw=w45-h45-p-rp-mo-ba3-br100","charlie bedba","Local Guide · 47 opiniones · 6 fotos","Hace 2 años","Una excelente atención","","Me gusta","","Compartir","",""
"https://lh3.googleusercontent.com/a/ACg8ocLgYqNuUX4NpG4B-HYC863NhjgrC_DAybMb7hVvPMjgkV5z=w45-h45-p-rp-mo-ba5-br100","Jorge Alban","Local Guide · 334 opiniones · 30 fotos","Hace 4 años","Buena atención","","Me gusta","","Compartir","",""
"https://lh3.googleusercontent.com/a-/ALV-UjWyR_1dYJlAKqyNCe-GtoTMaD5TOx1GyQT4Jni6UFnHTEkS8pbx=w45-h45-p-rp-mo-ba3-br100","Adriana Carolina Torres Nuñez","Local Guide · 31 opiniones · 13 fotos","Hace 2 años","Excelentes profesionales","","Me gusta","","Compartir","",""
"https://lh3.googleusercontent.com/a/ACg8ocJ00ykfvAiYskTrlcFiihiqtqfvZIdSbNjBV_tfIX2YZm9-Hg=w45-h45-p-rp-mo-br100","Gabriel Navas","3 opiniones · 1 foto","Hace 2 años","Negligencias medicas","","","","Compartir","Me gusta","1"
"https://lh3.googleusercontent.com/a-/ALV-UjUGGjslBsZ_-hvTOK9A3LHCCQe5ilzf0X6F9hEBHOumXSDnWdk=w45-h45-p-rp-mo-ba5-br100","Sergio Flores","Local Guide · 183 opiniones · 113 fotos","Hace 4 años","Atención rápida","","Me gusta","","Compartir","",""
"https://lh3.googleusercontent.com/a/ACg8ocJq-opiesxXbdxHCncHJ7X4z7OIdWOP5o-ddEoL02wai9Uvdg=w45-h45-p-rp-mo-br100","Marco Coba Bermúdez","1 opinión","Hace 3 años","citas médicas","","Me gusta","","Compartir","",""
"https://lh3.googleusercontent.com/a-/ALV-UjXWy3xkd18rVNCDLIeuEI5sdreqdHdUtskAMkW71_Ef9EVaw7qWfg=w45-h45-p-rp-mo-ba4-br100","Alexamdra Analuiza","Local Guide · 58 opiniones · 24 fotos","Hace 5 días","Porque, no les interesa el estado de las personas. Deben estar cansados de lidiar con lo mismo que se han vuelto insensibles.","","Compartir","","Me gusta","",""
"https://lh3.googleusercontent.com/a-/ALV-UjU82NTkqHrhEyXly3_UmGquSYrQuX4xi4-Cg61E989zlc6nZbRV2w=w45-h45-p-rp-mo-br100","MIGUEL MORALES","8 opiniones","Hace 6 años","Excelente","","","","Compartir","Me gusta","1"
"https://lh3.googleusercontent.com/a-/ALV-UjXz0sTVrwkTsNvvNSWK1KhxhvnFfEivjltsjqhN29kNiQtR34E=w45-h45-p-rp-mo-br100","Wilson Esteves","2 opiniones","Hace 11 años","La atencion excelente","","Me gusta","","Compartir","",""
"https://lh3.googleusercontent.com/a-/ALV-UjUNj36FP6BLFEsJgwnyJQYBExFITLf8BaWdqJ-ev5pKTSi0RD-k=w45-h45-p-rp-mo-ba5-br100","Ama Gyasi","Local Guide · 115 opiniones · 310 fotos","Hace un año","Buen hospital. Muy limpio. La gente es acogedora.","","Compartir","","Me gusta","",""
"https://lh3.googleusercontent.com/a/ACg8ocKpbm2GJeMK4Z0R0qcMgvU2sNQDAGfgDEIZOL1Wx8yJY2B8Hg=w45-h45-p-rp-mo-br100","Antonio Moposita","6 opiniones · 6 fotos","Hace 4 meses","con la norma","","Compartir","","Me gusta","",""
"https://lh3.googleusercontent.com/a-/ALV-UjX_uVw0pzP291eowfuBahW7l4SFR5GjodiaLhQGgrKUQwx9Yjo0=w45-h45-p-rp-mo-ba6-br100","Fernando Raúl Peñafiel Barros","Local Guide · 622 opiniones · 304 fotos","Hace 4 meses","Normal","","Compartir","","Me gusta","",""
"https://lh3.googleusercontent.com/a/ACg8ocKIt5yC20My8D7_WcIiF-HkKuOayEFjXjIojLab1NA0FYxLvg=w45-h45-p-rp-mo-br100","Euclides Eduardo Martinez Salguero","1 opinión · 3 fotos","Hace un año","noobjlhlc","","Me gusta","","Compartir","",""
"https://lh3.googleusercontent.com/a-/ALV-UjXmCHS-TcobOLBa7lbho9gUj82dk2dKh7Dq7ABwisuq7u78RLEfPw=w45-h45-p-rp-mo-br100","Eduardo David Chávez Benalcázar","205 opiniones","Hace 7 años","Bien","","","","Compartir","Me gusta","1"
"https://lh3.googleusercontent.com/a-/ALV-UjWOuNRWIwTPdkQBFUKOGFkyah1JvOO24i8u-jT_YfjHt7TahgN_Cg=w45-h45-p-rp-mo-ba5-br100","Hugo Esteban Tapia Tobar","Local Guide · 395 opiniones · 447 fotos","Hace 7 años","hospital de seguridad social","","Me gusta","","Compartir","",""
"https://lh3.googleusercontent.com/a/ACg8ocLjwB5PifBzJJbY5xDpHyfAJMoRgFVRumpNdvFtSykVNi0onnh9=w45-h45-p-rp-mo-br100","Andrea Zambrano","2 opiniones","Hace 11 años","Excelente hospital!!!!","","","","Compartir","Me gusta","1"
"https://lh3.googleusercontent.com/a/ACg8ocKpgIH_QI2kg5LsFQKFewNMfFSA9uGdMjK3qEPN2yy7IX3mcQ=w45-h45-p-rp-mo-br100","Daniel Chalá","1 opinión","3 semanas atrás","","","","","","",""
"https://lh3.googleusercontent.com/a/ACg8ocKgEaTTFZK0IepYKqJpqrzzQk3Ddu4f0Mhiwck0A-FICklUWA=w45-h45-p-rp-mo-br100","Yolanda Otalima","","Hace un mes","","","","","","",""
"https://lh3.googleusercontent.com/a-/ALV-UjWWRIO451Y7qHFS9Sg4HP5KC-RX-5NlkAkgmCJdzkSNNc5oZPY=w45-h45-p-rp-mo-br100","David Jinson Alaba Solis","","Hace un mes","","","","","","",""
"https://lh3.googleusercontent.com/a-/ALV-UjUeo-wZ9IILX8cp0LGXR_ayfhMws8kk5M8GVkhTBphK35W9HxFvXQ=w45-h45-p-rp-mo-ba5-br100","L Z4?474","Local Guide · 246 opiniones · 801 fotos","Hace 3 meses","","","","","","",""
"https://lh3.googleusercontent.com/a-/ALV-UjVFBRDJzeJ7--rj83sHbUyS2yP8bgrG08v2oKlGcPnA1BjETe6F-Q=w45-h45-p-rp-mo-ba4-br100","LUIS EDUARDO MORALES BAUTISTA","Local Guide · 36 opiniones · 75 fotos","Hace 4 meses","","","","","","",""
"https://lh3.googleusercontent.com/a/ACg8ocJi8T-7xungnd6Sj5bh7XwvXdI1dkkPL_2JBOdnQpM8qSNdqA=w45-h45-p-rp-mo-br100","Elizabeth Andrade","","Hace 4 meses","","","","","","",""
"https://lh3.googleusercontent.com/a/ACg8ocJ-wUcvvYubdb7UF6uzAQ25ErHKZYydhMJW93GPecTBQLS_FQ=w45-h45-p-rp-mo-br100","anita luzardo","1 opinión","Hace 7 meses","","","","","","",""
"https://lh3.googleusercontent.com/a-/ALV-UjX9CrYUIZ4_BeVVNiBAG7JsBOik8Jwk7xGwt3o2QUCla6Ce8U5M=w45-h45-p-rp-mo-ba2-br100","elizabeth cueva","Local Guide · 11 opiniones · 20 fotos","Hace 7 meses","","","","","","",""
"https://lh3.googleusercontent.com/a-/ALV-UjUSyJhutKtAV7-jyF0iFh0TG4AoDun_CtVr30qhLABNWsq2Ogfp1A=w45-h45-p-rp-mo-ba3-br100","Paúl Alejandro","Local Guide · 28 opiniones · 10 fotos","Hace 8 meses","","","","","","",""
"https://lh3.googleusercontent.com/a/ACg8ocK2CQc3H1dOYJrkgVwuKRLo3dQRHKrq33uI0FQtZlHZZRIkRg=w45-h45-p-rp-mo-ba4-br100","Laura Vinueza","Local Guide · 6 opiniones · 4 fotos","Hace 8 meses","","","","","","",""
"https://lh3.googleusercontent.com/a/ACg8ocLCY_lv8QTYnGu0RufT8CKONdWtBEXBpJk-gCDOWO30yeoLtg=w45-h45-p-rp-mo-br100","noemi nohemi","2 opiniones · 4 fotos","Hace 9 meses","","","","","","",""
"https://lh3.googleusercontent.com/a-/ALV-UjWNbpI19mnR1CLRH1WzXKLBdPkzP0nc4PsHnOzvgY5TyJ3X01Zr=w45-h45-p-rp-mo-br100","Katty Soledad Zambrano Troncozo","","Hace 9 meses","","","","","","",""
"https://lh3.googleusercontent.com/a/ACg8ocLLIal62Gw2MUjh2erimJI1ORnuj2KH8xy61VG4KFkpkJIiEA=w45-h45-p-rp-mo-ba3-br100","Fabito Sierra","Local Guide","Hace 11 meses","","","","","","",""
"https://lh3.googleusercontent.com/a-/ALV-UjU40tiXuZ3m0E5GeW3f5AUdOcwGiAb6i3G44HomXji8d8-oNGJJCg=w45-h45-p-rp-mo-ba5-br100","José Luis González Callejas","Local Guide · 55 opiniones · 167 fotos","Hace 11 meses","","","","","","",""
"https://lh3.googleusercontent.com/a-/ALV-UjXcLTsn7gRc98d5oKKvei68Lq4TbvcH2w2aXv1tgzSuQCTInC0=w45-h45-p-rp-mo-br100","Blanca Cumbicos","1 opinión · 9 fotos","Hace 11 meses","","","","","","",""
"https://lh3.googleusercontent.com/a-/ALV-UjW1EzFrx8CZhGxNkn5tj2HOsIsDfaJsq16FBbCuT_hfHowW2w4Spw=w45-h45-p-rp-mo-ba6-br100","Luis Alberto Reyes","Local Guide · 199 opiniones · 5,062 fotos","Hace un año","","","","","","",""
"https://lh3.googleusercontent.com/a/ACg8ocKd-NLr3jfV04SjIReHVd1kn4IhdO4FGT2LdOV_nCE-fQQfdQ=w45-h45-p-rp-mo-ba4-br100","Veronica Carcelen","Local Guide · 93 opiniones · 10 fotos","Hace un año","","","","","","",""
"https://lh3.googleusercontent.com/a/ACg8ocJsNK1x8jRhcpy6c_fEDzkXRtGRsPccdwRui7CxJTg33oxd4w=w45-h45-p-rp-mo-br100","Jonnathan Mendez","1 opinión","Hace un año","","","","","","",""
"https://lh3.googleusercontent.com/a-/ALV-UjUb6hU8-_aut13LND3S-YJfcvbEEQ3iNAB27WxTqIYI04kPn4yb=w45-h45-p-rp-mo-ba4-br100","Adriana Vergara","Local Guide · 9 opiniones · 5 fotos","Hace un año","","","","","","",""
"https://lh3.googleusercontent.com/a-/ALV-UjUhv4miSuOScX09BdyAjeve37iE_AqglTnBFXaLW4Lt9LK71m8=w45-h45-p-rp-mo-br100","Maria Palacios","","Hace un año","","","","","","",""
"https://lh3.googleusercontent.com/a/ACg8ocLqTIcLRnhU8xaH89daMbky6RxbSSI2AXPtVh6pDnYavBHF5w=w45-h45-p-rp-mo-br100","Ricardo Aguilar","1 opinión","Hace un año","","","","","","",""
"https://lh3.googleusercontent.com/a-/ALV-UjXR0srTq4JxPFsheaE4W5OOYD13e4QQVU9dvtGmtLX28C42d-VT6g=w45-h45-p-rp-mo-ba2-br100","Pamela Diaz","Local Guide · 17 opiniones · 2 fotos","Hace un año","","","","","","",""
"https://lh3.googleusercontent.com/a/ACg8ocJKGQAMAV0iK_S8z6gDbWsXU-pe75sgAn8T_zKHlsZtDfskfw=w45-h45-p-rp-mo-ba3-br100","Ele N","Local Guide · 27 opiniones · 1 foto","Hace un año","","","","","","",""
"https://lh3.googleusercontent.com/a-/ALV-UjVJcqRup88RIBh8VFWvOfUgBcLDZ5VlnOgT_A8sUu74RGyVpnQ=w45-h45-p-rp-mo-br100","Ivan Pozo","3 opiniones","Hace un año","","","","","","",""
"https://lh3.googleusercontent.com/a/ACg8ocIVQBUz5ji_7lscyrDMlVS3EuAnMdFWgnR7mLYdF9cXZ8Xm0Q=w45-h45-p-rp-mo-br100","Maria Tatiana Velez Basurto","","Hace un año","","","","","","",""
"https://lh3.googleusercontent.com/a/ACg8ocLwDdPC7tko6VEGCeH2mD4Nocg-UWWg4IkHkjcj8AOO3yqsrQ=w45-h45-p-rp-mo-ba4-br100","Cristina Rosero","Local Guide · 150 opiniones · 18 fotos","Hace un año","","","","","","",""
"https://lh3.googleusercontent.com/a-/ALV-UjWB1MqncsP5_Ub2E3FbNTvH9pjUk7XqCj2E_0j_9ApscNG5Ark=w45-h45-p-rp-mo-ba3-br100","abarajame la bañera","Local Guide · 35 opiniones · 10 fotos","Hace 2 años","","","","","","",""
"https://lh3.googleusercontent.com/a-/ALV-UjW7eeDrZKAHxbm_vGONKLYHoORvG1TmAg16N_43uhi2HHhF5G0=w45-h45-p-rp-mo-ba4-br100","Rafael Morloy","Local Guide · 44 opiniones · 42 fotos","Hace 2 años","","","","","","",""
"https://lh3.googleusercontent.com/a-/ALV-UjUmXZlmmr8A-ypiDmxlGfWQEsEzol9Sxm-PuKAdPvoNdZuY8r09=w45-h45-p-rp-mo-br100","Meliza Vite","","Hace 2 años","","","","","","",""
"https://lh3.googleusercontent.com/a-/ALV-UjXkd28UeTN9Cc1iwKmvaqKjiX7AczUF6kAfv-BA9WWsS9XIcw=w45-h45-p-rp-mo-br100","Leyvi Carcelen","1 opinión · 4 fotos","Hace 2 años","","","","","","",""
"https://lh3.googleusercontent.com/a-/ALV-UjUdU_RPgqZA_3uzJWRuDFpGeD2AMHNLgvWTg3K90gF0jsb6CC1_=w45-h45-p-rp-mo-br100","Alexandro wiñmer Ortiz","3 fotos","Hace 2 años","","","","","","",""
"https://lh3.googleusercontent.com/a-/ALV-UjW3mMp1ldRNqlIjufzFTM7KMwhbi52BP7JEO7ZQqh6-0iX-H74A=w45-h45-p-rp-mo-ba3-br100","Claudio Gallo","Local Guide · 3 opiniones · 1 foto","Hace 2 años","","","","","","",""
"https://lh3.googleusercontent.com/a-/ALV-UjU7XINrejuPAmGBuJ_CFcLrqzmOADCMzf0xFoJ1BxFA49rpcBTfhw=w45-h45-p-rp-mo-ba5-br100","Nandú Roui","Local Guide · 138 opiniones · 547 fotos","Hace 2 años","","","","","","",""
"https://lh3.googleusercontent.com/a-/ALV-UjWLmWakgi5sENF1mR5rgOtceRzrAMOm9liouu6WYYKEH9vRAHM-=w45-h45-p-rp-mo-br100","Sully Baque","1 foto","Hace 2 años","","","","","","",""
"https://lh3.googleusercontent.com/a-/ALV-UjWY2IXOEdUdhhwGdw0nPefZqCeS2wAZxBEVEk9W3a2qU2PuZtM=w45-h45-p-rp-mo-ba3-br100","Juan Diego Sanchez Santillan","Local Guide · 25 opiniones · 3 fotos","Hace 2 años","","","","","","",""
"https://lh3.googleusercontent.com/a-/ALV-UjXObDRTIlWVBNkJVlISYZCFFV0wzXkyKc7hHq0XWXm1_tmN6zUl=w45-h45-p-rp-mo-ba4-br100","Jesus Ayala","Local Guide · 190 opiniones · 81 fotos","Hace 3 años","","","","","","",""
"https://lh3.googleusercontent.com/a-/ALV-UjWDcAuBYbMr0MRjKQ9PHe2E788wrArA17zDTYXL_CFu6tnc1k7s=w45-h45-p-rp-mo-br100","Anita Arequipa","","Hace 3 años","","","","","","",""
"https://lh3.googleusercontent.com/a-/ALV-UjW39jImvRHMofpPo2t1oT3k7iohD48UdmpisTgYH5p8s5Sqj3Nrpg=w45-h45-p-rp-mo-ba3-br100","Fernando Lucero","Local Guide · 17 opiniones · 34 fotos","Hace 3 años","","","","","","",""
"https://lh3.googleusercontent.com/a-/ALV-UjVjYjby2NyB5Q0GLxNBRjunUBjPtCwgzJp3Kymcngd5W3LYn8M1=w45-h45-p-rp-mo-ba2-br100","Alexander Castrillón","Local Guide · 6 opiniones · 2 fotos","Hace 3 años","","","","","","",""
"https://lh3.googleusercontent.com/a-/ALV-UjVbLI4iMwCUDrEEInq3FD2C63YAIPpYWZT8ID3Bkbf2-EyM0OkKHw=w45-h45-p-rp-mo-ba4-br100","John Vélez","Local Guide · 72 opiniones · 63 fotos","Hace 3 años","","","","","","",""
"https://lh3.googleusercontent.com/a/ACg8ocJ7xZDL8iVKzPg6f32mJ1w7cfJQeWtiHLkmA69q96MYSsY2XA=w45-h45-p-rp-mo-br100","Javier Macias","","Hace 3 años","","","","","","",""
"https://lh3.googleusercontent.com/a-/ALV-UjWcN-dtRNRtlmzVMd7b5JG3Dg6zVhmPA12YPoMztr6z3K18_s2e=w45-h45-p-rp-mo-br100","Alexander Pacheco","","Hace 3 años","","","","","","",""
"https://lh3.googleusercontent.com/a-/ALV-UjUnlJRISwBEMninMPj3j3kl_72wkuSYC9vwOlJ7adbGIz1OS3SBgA=w45-h45-p-rp-mo-ba5-br100","Alvaro Villalba Quintero","Local Guide · 107 opiniones · 1,017 fotos","Hace 3 años","","","","","","",""
"https://lh3.googleusercontent.com/a-/ALV-UjXFmQQHoy1BA8ZuOFVOB7v3P6IdvDGFcdHAkQtcIly9gd8gf38=w45-h45-p-rp-mo-br100","Carmen Illescas","","Hace 3 años","","","","","","",""
"https://lh3.googleusercontent.com/a/ACg8ocKzvO37Z7FQXdZTWvKcqa5EvP6tKaRmUCE1YnA2CJ3EjazxCw=w45-h45-p-rp-mo-br100","Christian Lopez","","Hace 3 años","","","","","","",""
"https://lh3.googleusercontent.com/a-/ALV-UjW8ScLXLlRthcXiIFkoeayhU8EVRsrPNI8VtUt5FwfKs4eD8vuE=w45-h45-p-rp-mo-br100","Naty Campos","","Hace 4 años","","","","","","",""
"https://lh3.googleusercontent.com/a/ACg8ocKuZ26jFDBAgqUYtxbHaL2j-YKHsT88ao_ltcs5hImABbLZ4w=w45-h45-p-rp-mo-br100","milton villarreal","","Hace 4 años","","","","","","",""
"https://lh3.googleusercontent.com/a-/ALV-UjVgImDYevzCwisKtDTsewe0VLcfhEXAbzvW8Quz13VgpBL0kBk=w45-h45-p-rp-mo-ba5-br100","Carlos Donoso","Local Guide · 129 opiniones · 146 fotos","Hace 4 años","","","","","","",""
"https://lh3.googleusercontent.com/a-/ALV-UjWY1XQij07S9WY9d-PnI46YFL51TrPo5-WiGCXG7KUJWY1cdsvgBw=w45-h45-p-rp-mo-br100","Jessenia Viracocha","","Hace 4 años","","","","","","",""
"https://lh3.googleusercontent.com/a/ACg8ocLCMXOIqn6VlSK3d1Vp6jU8Ny1lhk49E2yal7LSE83_d3-hig=w45-h45-p-rp-mo-br100","Génesis Borges","1 opinión","Hace 4 años","","","","","","",""
"https://lh3.googleusercontent.com/a-/ALV-UjWPA79boy0oRbr5k9RRy3Qy7X3Aae1jZ_Vk_4LaSsQURXOP67Q=w45-h45-p-rp-mo-br100","Fernando Chávez Córdova","4 opiniones · 3 fotos","Hace 4 años","","","","","","",""
"https://lh3.googleusercontent.com/a-/ALV-UjVeLV9JvYdspqN6cTYXz3JZPCrJaCEWKSh3JjZPu8mCyuRU6xSUQA=w45-h45-p-rp-mo-ba5-br100","Daniel Toapanta","Local Guide · 336 opiniones","Hace 4 años","","","","","","",""
"https://lh3.googleusercontent.com/a-/ALV-UjVE9eaGugWEYmhP9ojCL_xzRw9gMxB1CnsQ3GPchiCTpBRffVy2=w45-h45-p-rp-mo-br100","LeZz Calero","4 opiniones","Hace 4 años","","","","","","",""
"https://lh3.googleusercontent.com/a-/ALV-UjUC0f0y6vm1dYRsg-xO18fAflbf84npL6PitWQ5iyULyAkxHK47=w45-h45-p-rp-mo-br100","Malenna Camacho","","Hace 5 años","","","","","","",""
"https://lh3.googleusercontent.com/a-/ALV-UjUOXje_g57MnIukFZG7CxLNS53h0pUM0L4ZW72M-93w6fKpuZw=w45-h45-p-rp-mo-br100","Lisbeth Delgado Morales","3 opiniones","Hace 5 años","","","","","","",""
"https://lh3.googleusercontent.com/a-/ALV-UjVHLXH7YZHqUHldu3BhdsDuWEmulDhKiBJ5HyuFALk_scobn1G2cQ=w45-h45-p-rp-mo-ba3-br100","Carlos Cárdenas","Local Guide · 5 opiniones · 156 fotos","Hace 5 años","","","","","","",""
"https://lh3.googleusercontent.com/a/ACg8ocIFJyAz9bh7y-lM8Sal7qgXw8jhl4iaiK7iv2usTR-ebE2wyg=w45-h45-p-rp-mo-ba4-br100","Maggy G","Local Guide · 82 opiniones · 1 foto","Hace 5 años","","","","","","",""
"https://lh3.googleusercontent.com/a-/ALV-UjX8NI7fLulCg3lax9v1VB2BCPZypxXjBpWOcwddHTlY6uInNxo=w45-h45-p-rp-mo-br100","Wilson Panama","3 fotos","Hace 5 años","","","","","","",""
"https://lh3.googleusercontent.com/a-/ALV-UjXUJah61SiQmT1rxnszyOVJnOS7t2Fup9jHSZ67aZ_w61JHxu2a=w45-h45-p-rp-mo-br100","Jose Salas","","Hace 5 años","","","","","","",""
"https://lh3.googleusercontent.com/a-/ALV-UjUB4Vw58ItPIHlVMQ45nVUGHNgbekLBuvw5kldEameODCIdIfR8Dw=w45-h45-p-rp-mo-ba4-br100","Fabricio L","Local Guide · 48 opiniones · 118 fotos","Hace 5 años","","","","","","",""
"https://lh3.googleusercontent.com/a-/ALV-UjXikvIFET3Bz9el1o1P5WuNGBPx-Kk2kvuIWp05d-IN6lx3Jac1=w45-h45-p-rp-mo-br100","Pululahua Ecolodge","25 opiniones · 59 fotos","Hace 5 años","","","","","","",""
"https://lh3.googleusercontent.com/a/ACg8ocL4JCuwXPVid2p_zqIJC2eX0ghumYNiiK64LeaxX50xJMOYSQ=w45-h45-p-rp-mo-br100","Herman Roman","2 opiniones","Hace 5 años","","","","","","",""
"https://lh3.googleusercontent.com/a/ACg8ocLKpCu2EprJOmW9y51n2yRELJseq4jDWqclRU5eYn_-jrtKIA=w45-h45-p-rp-mo-br100","Brigi Kummer","4 opiniones","Hace 5 años","","","","","","",""
"https://lh3.googleusercontent.com/a/ACg8ocJHDBcqltBzqnPhVWqoxfwiYQ9RklCBNrleaIy2HvMVa_UWLQ=w45-h45-p-rp-mo-br100","Graciela Santos","","Hace 5 años","","","","","","",""
"https://lh3.googleusercontent.com/a/ACg8ocJDUBfgHL7tu0Lpmj9SqFd2VQBxT0nPyoBoJ1eJRyBqIFXKRA=w45-h45-p-rp-mo-br100","Miguel Molina","4 opiniones · 4 fotos","Hace 5 años","","","","","","",""
"https://lh3.googleusercontent.com/a/ACg8ocJnXuBuQZ9zBfB0b5qKeDLhyRiw42B4MRNLcjpobN_Sf6d36g=w45-h45-p-rp-mo-ba4-br100","Nicolas Segovia","Local Guide · 56 opiniones · 34 fotos","Hace 5 años","","","","","","",""
"https://lh3.googleusercontent.com/a-/ALV-UjWqxYQHJHmXBvDA1J6MgI85Beusl6S4I9WPf3hFP0Yx4tHUqHS9=w45-h45-p-rp-mo-br100","Enrique","","Hace 6 años","","","","","","",""
"https://lh3.googleusercontent.com/a-/ALV-UjVawsz43nfFEDQciFYJuZT_Iy2iqeoPOJb7xA1fq-X6Fe7NOd5a=w45-h45-p-rp-mo-br100","Alejandro Rodríguez","8 opiniones · 5 fotos","Hace 6 años","","","","","","",""
"https://lh3.googleusercontent.com/a-/ALV-UjVewZhWz53pfMJbxeZYWzY8EMG_lddmjAQpErBTJFJukLo-3gYN=w45-h45-p-rp-mo-br100","Francisco Fonseca","2 opiniones · 15 fotos","Hace 6 años","","","","","","",""
"https://lh3.googleusercontent.com/a-/ALV-UjWdpyEporndS1NW0pUtZW4akzL9Day6HPXtkS-rmGNmpsHCqor_=w45-h45-p-rp-mo-br100","Fabricio Carrillo","4 fotos","Hace 6 años","","","","","","",""
"https://lh3.googleusercontent.com/a/ACg8ocKedfqu44jbcEuUnAevjujV-owYK5w_Bx3dX0YgAWkr8PPVoQ=w45-h45-p-rp-mo-ba4-br100","Samuel Delgado","Local Guide · 16 opiniones · 68 fotos","Hace 6 años","","","","","","",""
"https://lh3.googleusercontent.com/a-/ALV-UjXzeUrV8Gaqc26mNhudu92Oi8oYPVHqbogsKAnLLAUVz4eJCGkSng=w45-h45-p-rp-mo-br100","Andrew Salazar","","Hace 6 años","","","","","","",""
"https://lh3.googleusercontent.com/a-/ALV-UjWfGliWfapTJFzDmSVXzfavGb6PVkU_OEYyYRQ8rGHyq5U-pyw5Lw=w45-h45-p-rp-mo-br100","Lizeth Cifuentes","1 opinión","Hace 6 años","","","","","","",""
"https://lh3.googleusercontent.com/a-/ALV-UjW9Mrn1dpzACrxTwDxOQV4td8J8sK2lTCXG3rVNjNeacmKu4ABuFw=w45-h45-p-rp-mo-br100","Marco Yepez","","Hace 6 años","","","","","","",""
"https://lh3.googleusercontent.com/a-/ALV-UjXndY_7GAVX-n8i3FWML7ri2sZZcDny7ZGmanBu5LN8m_jubZDd=w45-h45-p-rp-mo-br100","Alexander Quisatasi","","Hace 6 años","","","","","","",""
"https://lh3.googleusercontent.com/a-/ALV-UjUlI6RSUzDoCHfm2uuJecXLVepv6Nwu0EdtjV_z91gRefUdaTi8=w45-h45-p-rp-mo-br100","Ramiro Chavez","","Hace 6 años","","","","","","",""
"https://lh3.googleusercontent.com/a/ACg8ocLxnKSM9zglJCZvSXNwb2086kTnmL1SheqUyaa8zaKeZxIwFg=w45-h45-p-rp-mo-ba3-br100","Michael Carangui","Local Guide · 19 opiniones · 16 fotos","Hace 7 años","","","","","","",""
"https://lh3.googleusercontent.com/a-/ALV-UjVjWrCQLTrr53QaiStHcNilda-C5Jfv-Y_H5drszKDxx-kk6NrU=w45-h45-p-rp-mo-br100","Jairo David","2 opiniones · 1 foto","Hace 7 años","","","","","","",""
"https://lh3.googleusercontent.com/a-/ALV-UjV5Gg5vzxAd-C6W3kWmqrmgwdj2RwpucCMotd0Xfg4kWd3fi_NE=w45-h45-p-rp-mo-ba2-br100","Nikolas_450","Local Guide · 1 opinión · 1 foto","Hace 7 años","","","","","","",""
"https://lh3.googleusercontent.com/a-/ALV-UjVC2bjuBckgVNU7Mj38ADZF9vAg3ETkkFSoSn1sg5oNKUYfBlI4=w45-h45-p-rp-mo-br100","VICTORIO .N","1 opinión","Hace 7 años","","","","","","",""
"https://lh3.googleusercontent.com/a-/ALV-UjX7b9LXYUClVFmD3IfZdTiEaP6-3dJ2gA4r0zEvLcuP7VWf1DA=w45-h45-p-rp-mo-br100","Jose Gregorio Suarez Lopez","2 fotos","Hace 7 años","","","","","","",""
"https://lh3.googleusercontent.com/a-/ALV-UjV-QkaTN5lnXAWCJ_qTcl3WBE8kjyrZArOZXFyVVg2OXkRhwHo=w45-h45-p-rp-mo-br100","susana elizabeth","","Hace 8 años","","","","","","",""
"https://lh3.googleusercontent.com/a/ACg8ocLdVJk3I6YDVRnsyyA8OLa1Kn1QRBdv9ct57uc77sXTYsVFRQ=w45-h45-p-rp-mo-br100","Eduardo Ledesma","","Hace 8 años","","","","","","",""
"https://lh3.googleusercontent.com/a/ACg8ocKJHkWjeXvnkKWzQTen4_GitTwOVqvwKPPIaCcDwVFCQNg8FQ=w45-h45-p-rp-mo-br100","Lupe Grijalva","","Hace 8 años","","","","","","",""
"https://lh3.googleusercontent.com/a/ACg8ocKjzNGBVff65g7kP0KgxZsp07GtuDF10DiVZ9JJhtPqg3bU-w=w45-h45-p-rp-mo-br100","Oscar Ordoñez","","Hace 8 años","","","","","","",""
"https://lh3.googleusercontent.com/a-/ALV-UjVgs1uRpyJh3arFE5HuLLcmC4VJqeVM1Y4gvKc78yzeyYtUWZY=w45-h45-p-rp-mo-br100","Daniel Carrera","","Hace 8 años","","","","","","",""
"https://lh3.googleusercontent.com/a/ACg8ocK0I0QI6z1e9epph0GrJGyaLaTssFRm6DciGALjTO24xORlWQ=w45-h45-p-rp-mo-ba3-br100","Frank Montalvo","Local Guide · 3 opiniones · 26 fotos","Hace 9 años","","","","","","",""
"https://lh3.googleusercontent.com/a-/ALV-UjVqbk87ZhJ5bPg3JjX78oWpWXL2-Mht9TnjgW1H0xzZhDNBR50=w45-h45-p-rp-mo-br100","Wendy Rojas","1 opinión","Hace 9 años","","","","","","",""
"https://lh3.googleusercontent.com/a-/ALV-UjUJHCcbWBzTigOUCERpcDwJMrgd8vxoHfG4e88qVBbs0GsnXDzN=w45-h45-p-rp-mo-br100","george rivadeneira","5 fotos","Hace 9 años","","","","","","",""
"https://lh3.googleusercontent.com/a/ACg8ocITEsSR_CaF25RjTG3ikZPu1Zw3ShieKlotwOniGmYvO9Q2_a0=w45-h45-p-rp-mo-ba3-br100","Santiago Flores M.","Local Guide · 63 opiniones · 40 fotos","Hace 9 años","","","","","","",""
"https://lh3.googleusercontent.com/a/ACg8ocLQdVGkh36_EBayL-Sv6KWqD8PeLAtAKBzMi_nVQgJ7i9L5rw=w45-h45-p-rp-mo-br100","styven padilla","","Hace 10 años","","","","","","",""
"https://lh3.googleusercontent.com/a-/ALV-UjXLvy0chomrfz0r7Ub4X71b7C02IbTqGM_56XkSirjRpGY2sIMD=w45-h45-p-rp-mo-br100","Juan Rodriguez","18 opiniones · 30 fotos","Hace 12 años","","","","","","",""
"https://lh3.googleusercontent.com/a/ACg8ocJh0N6DRKOTFWBXA2DJAavlfrBfc7errE3-1ARhSs_WEYwzHA=w45-h45-p-rp-mo-ba2-br100","Henry Pilataxi","Local Guide · 11 opiniones · 32 fotos","Hace 12 años","","","","","","",""