"NBa7we src","d4r55","RfnDt","rsqaWe","wiI7pd","dSlJg","znYl0","dSlJg 2","znYl0 2","Hzvxle","pkWtMe","nM6d2c","DZSIDd","wiI7pd 2"
"https://lh3.googleusercontent.com/a-/ALV-UjXQJG0svnAuKYQVzBB0JpLrPUjcAcF4E3Yy__D1IQf72_Xt0CtG=w45-h45-p-rp-mo-br100","Gabriela Guerra","36 opiniones · 22 fotos","Hace 2 meses","Pesimo servicio en el área de derivación de fisioterapia llegó con más de 30 hora antes para podet pasar a la cita y la chica se demora en verificar los turnos , adicional si no tienes padrinos no te dan turno pésimo , incluso cuando estuve esperando una enfermera le pidio que le ingrese un turno a un paciente.","","Me gusta","","Compartir","","","","",""
"https://lh3.googleusercontent.com/a-/ALV-UjVqrR-bLXx3epapqsgBTfAtfKRsNVT3i1IXFZXY9V5PSFkwMRA_=w45-h45-p-rp-mo-ba5-br100","DanyTV","Local Guide · 172 opiniones · 15 fotos","Hace 3 meses","No hay suficientes ascensores y los mismos son muy pequeños. No todo el personal es amable, de repente les hace falta un curso de relaciones humanas.
Preguntar bien porque si se puede ingresar con vehículo para personas con discapacidad comprobada. Lo malo es que suele estar lleno el parqueadero.","","Me gusta","","Compartir","","","","",""
"https://lh3.googleusercontent.com/a-/ALV-UjWMyNW5AB0vco_aq3a_goqBTmG_foimpUC25yChMp6CD8U_N_-n=w45-h45-p-rp-mo-br100","Aaron Proaño","2 opiniones","Hace un mes","Estuve esperando más de 1y30 de la cita que tenia y debido a eso no pude asistir a otros aventos que tenia.
Es muy bonito, solo que la atención es muy tardada.","","Me gusta","","Compartir","","","","",""
"https://lh3.googleusercontent.com/a-/ALV-UjU46ANbBGL5340iDe2wwfPqbe-xZo9DUEmzXf2CDhjU9sT8Kz66=w45-h45-p-rp-mo-br100","Recepcionista M.T.","1 opinión","Hace 2 meses","no me llaman hasta ahora para darme la derivacion desde el 28 de febrero llevo esperando para una endoscopia y colonoscopia urgente que me derivo la gastroenteorologa de BIODILAB llamo y no responden ningun telefono, terrible atencion y servicio","","Me gusta","","Compartir","","","","",""
"https://lh3.googleusercontent.com/a-/ALV-UjWovl9YCtDtARssGti1LHaL7mQyoXu-XFgOuBh2ln06YYq-3m-9=w45-h45-p-rp-mo-ba4-br100","Lorena Mayancela","Local Guide · 135 opiniones · 6 fotos","Hace 5 meses","El chiste de la sala Derivaciones, es un espacio para estar calentando el puesto, se espera meses para tomar un turno en especialidad. La gente que trabaja ahí completamente ineficiente recibiendo el sueldo de gratis. Terrible la situación de ese intento de hospital.","","","","Compartir","Me gusta","3","","",""
"https://lh3.googleusercontent.com/a-/ALV-UjUyL1kjn90-P-OIIZhYSX-leb4wgja-_k8T258y4TPxmatL9SkrEA=w45-h45-p-rp-mo-ba5-br100","Juan Francisco Troya S.","Local Guide · 152 opiniones · 219 fotos","Hace 3 años","Centro con varias especialidades, lo mantienen limpio, los guardias son un poco intransigentes, debo acceder a veces con mi padre que tiene movilidad reducida y requiere de asistencia y no me dejan pasar.","","Me gusta","","Compartir","","","Respuesta del propietario","Hace 3 años","Gracias por tu comentario.
Al momento seguimos en pandemia Covid19 y debido a esto mantenemos un aforo estricto dentro de nuestras instalaciones.…"
"https://lh3.googleusercontent.com/a/ACg8ocIJYnXQL3Y7ODawedOCgnWHHt1ceRcAWqBKFcgpFTwYHcf7sA=w45-h45-p-rp-mo-br100","Maria Beatriz Kronfle","1 opinión","Hace un año","Muy buenas instalaciones, muy buenos equipos, buena organización, excelente atención. AL FIN ALGO DIGNO PARA LOS AFILIADOS.
El Centro Médico Familiar Integral y Especialidades, Diálisis LA MARISCAL no le…","","","","Compartir","Me gusta","2","","",""
"https://lh3.googleusercontent.com/a-/ALV-UjX3Slf-KusXPxbaXvy7knveH8DvCAPtUZPZdLEN7xtc7jQTVhTY=w45-h45-p-rp-mo-br100","Lily Narvaez","4 opiniones","Hace un año","No me gustó para nada, hacen perder mucho en tiempo, hay que sacar turno para el turno del turno....
Adicional el Dr Cando de Medicina Familiar muy mal educado. Hace comentarios ofensivos y fuera de lugar y se burla de los comentarios de los pacientes... Pésimo lugar....","","","","Compartir","Me gusta","4","","",""
"https://lh3.googleusercontent.com/a-/ALV-UjXQQvPRkEAoOzkaJiNP4V-O8QVwFGbQYtkWN9g7-HQqt0lJLH2y_Q=w45-h45-p-rp-mo-ba5-br100","Alexandra González","Local Guide · 131 opiniones · 1,424 fotos","Hace 4 años","Centro Integral de especialidades, muy buena atención. El lugar muy limpio y ordenado.","","","","Compartir","Me gusta","1","Respuesta del propietario","Hace 3 años","Gracias por tu calificación. Nos complacer servir.
Nos gustaría saber desde ti, cómo podemos mejorar."
"https://lh3.googleusercontent.com/a/ACg8ocLNyJ8JD0VlP37lWSqK8gqe9PLTYghFHclNwYA3tvWZDtd7qQ=w45-h45-p-rp-mo-br100","Alex David","2 opiniones","Hace un año","Es limpio .buena atención de los médicos .solo que en el 4to piso traumatología .es pésima la atención en el triaje ....no menos precio el trabajo de personas venezolanas.pero que pésima atención ....se dejan amontonar la gente ,así se pierde tiempo .y los doctores piensan que uno es el que viene atrasado .....","","","","Compartir","Me gusta","3","","",""
"https://lh3.googleusercontent.com/a/ACg8ocKaFuaSYcF9GRCyPYeqFI-eW-WRwpZmcD490cwvs4IXcb28WA=w45-h45-p-rp-mo-ba4-br100","Juana Yanez","Local Guide · 100 opiniones · 107 fotos","Hace 3 años","Están tomando todas las medidas del Covid para el ingreso, el. Sitio es amplio y limpio, aún así no están asignando citas hasta que pase a verde el semáforo y me parece que por las dimensiones podrían habilitar al menos algunas consultas y especialidades para no limitar el servicio.","","","","Compartir","Me gusta","1","Respuesta del propietario","Hace 3 años","Gracias por tu calificación. Nos complacer servir.
Nos gustaría saber desde ti, cómo podemos mejorar."
"https://lh3.googleusercontent.com/a/ACg8ocIbUG4DME9G-P2OleMjqMMVQXHbxKTCqlzbsKqQzNHzvTh6Dg=w45-h45-p-rp-mo-br100","Carmen Vargas","70 opiniones · 87 fotos","Hace un año","Muy buena la atención de su personal lo único que las recepcionistas de el piso 4 no dan buena información uno va a pedir por favor un turno y brava dice no hay aquí para oftalmología vaya a otro dispensario del iees con una mala actitud ni para traumatología","","Me gusta","","Compartir","","","","",""
"https://lh3.googleusercontent.com/a-/ALV-UjV0tAr3TV3osSePmxKeIRGGvepJU7NOs27jGObm5QMgxI_7oOI=w45-h45-p-rp-mo-br100","Patricia Gonzalez","1 opinión","Hace 2 años","Buenas tardes.... Tengo una solicitud para derivación de clínicas privadas con convenio para colposcopia, endoscopia y colonscopia pero me dicen que debo esperar 2 meses por lo menos para  la respuesta.... Pueden ayudarme con estos…","","","","Compartir","Me gusta","2","Respuesta del propietario","Hace 2 años","Hola. Debe acercarse a nuestras instalaciones con los documentos en mano y en ATENCIÓN AL USUARIO le darán información más detallada.
Saludos."
"https://lh3.googleusercontent.com/a-/ALV-UjW8yQH_Mx7ryWvB9cgA9gX790GgWL6pabGVzX8lhK4oVggHuXj0=w45-h45-p-rp-mo-br100","Vilma Bizuete","1 opinión","Hace 3 años","Buenos días, estoy necesitando cambiar citas medicas de mis hijos con especialistas y en el call center 140 no lo pueden hacer, me dan un número telefónico del hospital que solo envía a extenciones que nunca responde, como puedo hacer para…","","","","Compartir","Me gusta","3","Respuesta del propietario","Hace 3 años","Buenos días. Acércate a la Coordinación de Atención al usuario en nuestras instalaciones. Estaremos gustosos de atenderte."
"https://lh3.googleusercontent.com/a-/ALV-UjVkAGKZuN36B5Gjtk_4CP0SlR7rHsRei6pE7FJClf9ERX5tlG4c0w=w45-h45-p-rp-mo-ba4-br100","José Martínez Dobronsky","Local Guide · 152 opiniones · 141 fotos","Hace 6 años","La atención es muy demorada, pero lo realmente malo es que los baños están muy sucios y no hay papel higiénico y es un centro de salud","","","","Compartir","Me gusta","1","Respuesta del propietario","Hace 3 años","Gracias por tu calificación. Nos complacer servir.
Nos gustaría escuchar en qué podemos mejorar."
"https://lh3.googleusercontent.com/a/ACg8ocKTZMHw_63RlgyLK9Q5kbLLMhbQFx3OuIssGb18Ulz_rtofrA=w45-h45-p-rp-mo-br100","Deisy Isaza","1 opinión","Hace un año","Pésima atención la oftalmología muy mala la doctora se enoja con los pacientes y les habla mál pésima para la atencion debería sacarla no se porque atienden mal si una pága iess para  buena  atención pero muy mal servicio de oftalmología y odontólogia  no l recomiendo","","","","Compartir","Me gusta","2","","",""
"https://lh3.googleusercontent.com/a-/ALV-UjXu9EFUBsyDLGOScachCAgRniXQn2oL8V_eeTLKXKNrvqNn5MML=w45-h45-p-rp-mo-ba5-br100","LUISITO OSO","Local Guide · 133 opiniones · 35 fotos","Hace 4 años","Por que la stra que atiende en  recepción no se rije  atender como es su obligación  a las personas que tienen su turno como le ve que está con uniforme de doctora le ase rápido el trámite de sacar turno mientras el resto tiene que esperar y mirar el monitor a ver si pasa algún número todo está burocracia tiene que cambiar","","","","Compartir","Me gusta","1","Respuesta del propietario","Hace 3 años","Gracias por tu calificación. Nos complacer servir.
Nos gustaría saber desde ti, cómo podemos mejorar.
Acércate a nuestro servicio de Admisión en Planta Baja y cuéntanos tu problema.
Tu nos puedes ayudar a mejorar."
"https://lh3.googleusercontent.com/a-/ALV-UjWklZbNWdLRedQtZmFLcjOheSREYNJwWgD6l2UumnZIcGw5ui0t0w=w45-h45-p-rp-mo-ba4-br100","Gabriela Pozo","Local Guide · 21 opiniones · 201 fotos","Hace 3 años","Me operaron el día viernes 14 de agosto, por lo que mi hermana me está ayudando a gestionar el canje del certificado médico en la oficina del IESS de la Mariscal desde el lunes 17, primero no le atendieron porque estaba fuera de horario de…","","","","Compartir","Me gusta","3","","",""
"https://lh3.googleusercontent.com/a-/ALV-UjWk3ZwEuRbJAzmSufDu2Te2fpvFlb4S_87B1VPfihJ5RZpqNxenvw=w45-h45-p-rp-mo-br100","Karina Cunalata","4 opiniones · 7 fotos","Hace un mes","Pésimo servicio","","Me gusta","","Compartir","","","","",""
"https://lh3.googleusercontent.com/a-/ALV-UjWG0SiKhNWObgQULeIBuzRcguYMp0q0jt5ZoiqId86WFj5Yvv7wdw=w45-h45-p-rp-mo-br100","Pam F. Mendoza","1 opinión","Hace 6 años","me siento muy inconforme ya que personalmente yo cogi una cita para el otorrino para mi hijo el cual me lo asignaron para el 23 de enero y ahora que reviso en internet me lo cambian al 15 de febrero el cual ni siquiera an tenido la…","","","","Compartir","Me gusta","2","","",""
"https://lh3.googleusercontent.com/a/ACg8ocJMEGhPQppnvj1tYPTL4TcEYRoGvLUeLxxLlPNLkkHdH22YBw=w45-h45-p-rp-mo-br100","Humberto Miguel Rosero Zuleta","2 opiniones · 7 fotos","Hace 7 años","Muy buenas instalaciones, muy buenos equipos, buena organización, excelente atención. AL FIN ALGO DIGNO PARA LOS AFILIADOS.
El Centro Médico Familiar Integral y Especialidades, Diálisis LA MARISCAL no le…","","","","Compartir","Me gusta","4","Respuesta del propietario","Hace 3 años","Gracias por tu calificación. Nos complacer servir."
"https://lh3.googleusercontent.com/a/ACg8ocKv35LhviU8t61Mz-bYoIbKST_sDgSz6H6a8z1uhrDe2Y3gRdy1=w45-h45-p-rp-mo-ba4-br100","Ximena peña","Local Guide · 113 opiniones · 327 fotos","Hace 2 años","Para la atención de referencia en ventanilla fue rápido, claro llegue a las 12:00 horas ! Lo malo es que ni hay parqueadero cercano !","","Me gusta","","Compartir","","","Respuesta del propietario","Hace 2 años","Gracias por tu opinión. Nos complace saberlo.
Existen varios estacionamientos cercanos, por ejemplo:
- Luis Cordero y Jose Urbina: UrbaPark…"
"https://lh3.googleusercontent.com/a/ACg8ocLJpxBb_FTh1OJ2M2tqpsTajw4Zstkk96xWjn1e2qqQZKYI=w45-h45-p-rp-mo-br100","Mariaelena sanchez roman","1 opinión","Hace 7 años","Muy buena atención a los afiliados , ojalá no cambien los empleados de esta institución..gracias al gobierno que ha sabido hacer una buena inversión con el dinero de los asegurados..","","","","Compartir","Me gusta","1","Respuesta del propietario","Hace 3 años","Gracias por tu calificación. Nos complacer servir.
Nos gustaría escuchar en qué podemos mejorar."
"https://lh3.googleusercontent.com/a-/ALV-UjWO2IuFbnpV440kepBMzfNcdahNCAJdaIwdlm8UEkxYL2vTX7Y=w45-h45-p-rp-mo-br100","johana rodriguez","4 opiniones","Hace un año","No dejan ingresar a dos personas para turnos de pediatría","","","","Compartir","Me gusta","1","Respuesta del propietario","Hace un año","Saludos estimada usuaria. 
Lamentamos la mala experiencia dentro de nuestra unidad. 
Es necesario recordarte que la pandemia Covid19 sigue vigente y que los…"
"https://lh3.googleusercontent.com/a/ACg8ocIuICOAR62W56aqCYQqGDLEbCdF0lP5gJjTelW6uFyKpO9hmQ=w45-h45-p-rp-mo-ba4-br100","Raydel Jorge","Local Guide · 126 opiniones · 37 fotos","Hace un año","Excelente atención médica, el centro Muy limpio y organizado","","Me gusta","","Compartir","","","","",""
"https://lh3.googleusercontent.com/a-/ALV-UjWZQseGvQI9lqHiJ-VbA5S_tw_nDzEaEBX3KQm2Dbbo2r2PczUn=w45-h45-p-rp-mo-ba5-br100","patricio zambonino","Local Guide · 609 opiniones · 69 fotos","Hace un año","Las auxiliares no tienen paciencia y les falta inducción.
Cuidado  de los bienes muebles","","","","Compartir","Me gusta","2","","",""
"https://lh3.googleusercontent.com/a/ACg8ocJyQ5FuUP4IYmKtjx7panu0-X3x27WagxGcHOP7JFurINipeQ=w45-h45-p-rp-mo-br100","Diana Quiros","2 opiniones","Hace 8 meses","Son unas basuras de personas en atención al usuario","","Me gusta","","Compartir","","","","",""
"https://lh3.googleusercontent.com/a/ACg8ocKeLf_xRbkOxI30Ezlrr2zUXKPqXET-lUCMFjqfaRKHeME1CA=w45-h45-p-rp-mo-br100","Rogelia Jacome","127 opiniones","Hace 2 años","En este centro médico solo hay consultas médicas con muy buenos especialistas la atención es muy buena","","","","Compartir","Me gusta","2","","",""
"https://lh3.googleusercontent.com/a-/ALV-UjV0oEpc6dz_Nty2_Oae7jOSXKTecV-ZNblpDZlY2WQOFB0VM0CdHA=w45-h45-p-rp-mo-br100","Lourdes","220 opiniones · 96 fotos","Hace 6 años","Este es sin duda el mejor hospital del IESS. Excelente en todo. 👍…","","","","Compartir","Me gusta","1","Respuesta del propietario","Hace 3 años","Gracias por tu calificación. Nos complacer servir."
"https://lh3.googleusercontent.com/a-/ALV-UjUMqQ5bVPgKaNvUo6-JZmMdQ7g9hqVpS1fdBHRH0OVQe49ROVSZ=w45-h45-p-rp-mo-br100","Leisy Espitia","8 opiniones","Hace un año","Dice que esta abierto los sábados y acabo de ir y no está abierto.","","","","Compartir","Me gusta","2","","",""
"https://lh3.googleusercontent.com/a-/ALV-UjWRAisZ8Z9mp6-2F2x0cQ6JrTI47SWujzLTo8O_FSUt0s5wYsaV=w45-h45-p-rp-mo-ba5-br100","Susana Araujo Fiallos","Local Guide · 160 opiniones · 312 fotos","Hace un año","Necesito poder  quejarme de un mal servicio. ¿ A donde acudo?","","","","Compartir","Me gusta","1","Respuesta del propietario","Hace un año","Saludos estimada usuaria.
Las quejas, sugerencias y felicitaciones pueden ser canalizadas por varias formas.…"
"https://lh3.googleusercontent.com/a-/ALV-UjUrc3LnaiVbVPBCBrfg1qSHF39tVhSd50m076d2j1tYIVNR9-WTew=w45-h45-p-rp-mo-ba4-br100","Carlos José Sánchez Corrales","Local Guide · 94 opiniones · 89 fotos","Hace 6 años","Lugar muy limpio y ordenado. Muy buena atención.","","","","Compartir","Me gusta","2","Respuesta del propietario","Hace 3 años","Gracias por tu calificación. Nos complacer servir.
Nos gustaría escuchar en qué podemos mejorar."
"https://lh3.googleusercontent.com/a/ACg8ocI8Uyft2PsqPosG3SdVzUbEJoozKl-8f32rNQIj6yd1PY08HQ=w45-h45-p-rp-mo-br100","Magy A","7 opiniones","Hace 10 meses","Muchas especialidades, excelentes médicos.","","Me gusta","","Compartir","","","","",""
"https://lh3.googleusercontent.com/a-/ALV-UjXNqAQqrpRm3F9hcNx75HULmajjDImqoXwdECeWxXmB__La4os=w45-h45-p-rp-mo-ba2-br100","nazarefh vizcaya","Local Guide · 14 opiniones · 2 fotos","Hace 2 años","Excelente hospital... atención de primera","","Me gusta","","Compartir","","","Respuesta del propietario","Hace 2 años","Gracias. Nos complace servir.
IESS LA MARISCAL
Más cerca de ti."
"https://lh3.googleusercontent.com/a-/ALV-UjWCljTt1oJ62VZLA8MhdTp8-l3FL_9rPdJ74hKbF1no2bKlVVpB=w45-h45-p-rp-mo-br100","Henry Cabrera Calderón","1 opinión","Hace 4 años","Pesimo trabajo de los pediatras no les importa los niñ@s.","","Me gusta","","Compartir","","","","",""
"https://lh3.googleusercontent.com/a/ACg8ocLZcQYS4520Nn8y4KVqnJGyd9p9scAYNvfYLGOat8XW3re_rQ=w45-h45-p-rp-mo-br100","Jorge Mejia","3 opiniones","Hace un año","Horrible, no ponen buena música👎…","","Me gusta","","Compartir","","","","",""
"https://lh3.googleusercontent.com/a/ACg8ocIdXbsl4Vs3MyphIRvYSxqBU6i-d7f2NuRu_ADU5fmy3efx3Q=w45-h45-p-rp-mo-ba4-br100","Graciela Chiguano","Local Guide · 142 opiniones","Hace 5 años","Me gusta muy buena","","","","Compartir","Me gusta","2","Respuesta del propietario","Hace 3 años","Gracias por tu calificación. Nos complacer servir."
"https://lh3.googleusercontent.com/a-/ALV-UjUBm9eHxBBdGut12auCS591nKYQOFPStzyfPZccddo63QvbFe7IlQ=w45-h45-p-rp-mo-ba3-br100","Elisa Mabel Rodríguez B","Local Guide · 3 opiniones · 49 fotos","Hace 6 años","Por la disponibilidad de extensión  de trucos y la atención  de sus profesionales","","Me gusta","","Compartir","","","Respuesta del propietario","Hace 3 años","Gracias por tu calificación. Nos complacer servir."
"https://lh3.googleusercontent.com/a-/ALV-UjVSYKZdImSuCs1pWwJlW76bEzrQdLwFidiCrk6uV2h5kKRlKSHG=w45-h45-p-rp-mo-ba4-br100","Magdalys Martinez Jimenez","Local Guide · 78 opiniones · 72 fotos","Hace 5 años","Muy buen hospital y buenos doctores","","Me gusta","","Compartir","","","Respuesta del propietario","Hace 3 años","Gracias por tu calificación. Nos complacer servir."
"https://lh3.googleusercontent.com/a-/ALV-UjUQXjbNbUnFNuNnYoM16iml7KDuQGD8RnDbxJVxssCuV9jtPXNl=w45-h45-p-rp-mo-ba3-br100","Peter Andrade","Local Guide · 19 opiniones · 44 fotos","Hace 2 años","Buena atención","","Me gusta","","Compartir","","","","",""
"https://lh3.googleusercontent.com/a/ACg8ocJlIX7U5pggxgnv2euz0Re_2SF76xxMiEIB8zxpTaGAXVU0_2w=w45-h45-p-rp-mo-ba3-br100","William Rolando Ortiz Mier","Local Guide · 57 opiniones · 1 foto","Hace 2 años","Excelente atención médica","","Me gusta","","Compartir","","","","",""
"https://lh3.googleusercontent.com/a/ACg8ocIr_fj0RFqq9etc8wzHZy4LoUYtVJqCExkcgOjF9NpcsLkVRQ=w45-h45-p-rp-mo-br100","Joel Bejarano","3 opiniones · 1 foto","Hace 6 años","Dirección porfavor","","Me gusta","","Compartir","","","Respuesta del propietario","Hace 3 años","Estimado Joel. Ya puedes buscarnos en Maps y Waze. Los vínculos de ubicación fueron actualizados y probados correctamente.
Si en algo podemos mejorar, cuéntanos tus ideas."
"https://lh3.googleusercontent.com/a-/ALV-UjUSSLzmsxGBmPH9r617RFKTdGBCzERwt_le4Ce5ET6iQbTcnK72sQ=w45-h45-p-rp-mo-ba5-br100","Carlos Rosero","Local Guide · 48 opiniones · 598 fotos","Hace 5 años","Excelente","","Me gusta","","Compartir","","","Respuesta del propietario","Hace 3 años","Gracias por tu calificación. Nos complacer servir."
"https://lh3.googleusercontent.com/a-/ALV-UjV_AcRpE88aqZiY5QY7SqcbZ79vmowecftgrBGKcaFexsjs9vw=w45-h45-p-rp-mo-ba3-br100","Cindy Alcívar","Local Guide · 38 opiniones · 10 fotos","Hace 4 años","Un lugar que cuida al usuario","","Me gusta","","Compartir","","","Respuesta del propietario","Hace 3 años","Gracias por tu calificación. Nos complacer servir."
"https://lh3.googleusercontent.com/a/ACg8ocJNRC6rss3MW_OsFulJ_3pFw22tAhQFxkJmInpRKmdbkjifSw=w45-h45-p-rp-mo-br100","Luis López","5 opiniones","Hace 3 años","Excelentes profesionales","","Me gusta","","Compartir","","","Respuesta del propietario","Hace 3 años","Gracias por tu calificación. Nos complacer servir."
"https://lh3.googleusercontent.com/a-/ALV-UjVhWVVeew6dk5al_lxNns4wjULdOD7QP3ZbUI0oCHcXT6pt4zLKRg=w45-h45-p-rp-mo-ba5-br100","Geovanny Peñaherrera","Local Guide · 179 opiniones · 203 fotos","Hace 3 años","Es moderno","","Me gusta","","Compartir","","","Respuesta del propietario","Hace 3 años","Gracias por tu calificación. Nos complacer servir."
"https://lh3.googleusercontent.com/a-/ALV-UjVAi3ktNItw3rF6_TFYv7tEK4Gmrsz_vMXrnWAUOrDzGr-hDHwo=w45-h45-p-rp-mo-ba2-br100","Pablo Villacrés","Local Guide · 3 opiniones · 13 fotos","Hace 4 años","Buena atención","","Me gusta","","Compartir","","","Respuesta del propietario","Hace 3 años","Gracias por tu calificación. Nos complacer servir."
"https://lh3.googleusercontent.com/a-/ALV-UjXje6TMhWEuWxRjLexgWMxQSrVsOCZTgtL-Z9xl4jMnZDr0Q3XKzA=w45-h45-p-rp-mo-br100","Eduardo Gonzalez","3 opiniones · 8 fotos","Hace 6 años","Mi trabajo","","Me gusta","","Compartir","","","Respuesta del propietario","Hace 3 años","Gracias por tu calificación. Nos complace servir.
IESS LA MARISCAL. Te cuida."
"https://lh3.googleusercontent.com/a/ACg8ocLt3csBFWUOiaqOrvh946Sx3eSXV4hs1BslDzMHRhOeH_N6GQ=w45-h45-p-rp-mo-br100","Santiago Roldan","3 opiniones · 1 foto","Hace 3 años","Excelentes","","Me gusta","","Compartir","","","Respuesta del propietario","Hace 3 años","Gracias por tu calificación. Nos complacer servir."
"https://lh3.googleusercontent.com/a-/ALV-UjUZniNa1YHRARwyM9GXmirMazX-ISmdYnbtwoWE2aXjKUEk4I_I=w45-h45-p-rp-mo-ba6-br100","Diarios de Amanda","Local Guide · 283 opiniones · 4,403 fotos","Hace 6 años","Abierto recientemente. Impresionante infraestructura médica.","","","","Compartir","Me gusta","1","Respuesta del propietario","Hace 3 años","Gracias por tu calificación. Nos complacer servir."
"https://lh3.googleusercontent.com/a-/ALV-UjXQYhbGhhQjH4AMSAULfRdtx3i339sdpyZ__jUJf0NHGFfHIG-D=w45-h45-p-rp-mo-ba3-br100","Lore Beta","Local Guide · 2 opiniones · 33 fotos","Hace 1 día","","","","","","","","","",""
"https://lh3.googleusercontent.com/a-/ALV-UjV0OQtr25U_FdPVAZ1CfmK7nvSTTcuE3NsbirBEHiNEyDKu1_U=w45-h45-p-rp-mo-ba4-br100","Esteban Garcia","Local Guide · 139 opiniones · 1 foto","2 semanas atrás","","","","","","","","","",""
"https://lh3.googleusercontent.com/a-/ALV-UjUlV5lgdwih7TeB_9g2FTn2imxwjRf3h5UsPn9UhMH505KTTK6Wuw=w45-h45-p-rp-mo-ba5-br100","Johnn García","Local Guide · 105 opiniones · 25 fotos","Hace 3 meses","","","","","","","","","",""
"https://lh3.googleusercontent.com/a-/ALV-UjWgYkMWNp34S7_95YciSJr3QODQOOIVi2xGB3VaViuchrHYQkh7lg=w45-h45-p-rp-mo-ba3-br100","Carmen Patricia Villavicencio Barrezueta","Local Guide · 9 opiniones · 32 fotos","Hace 5 meses","","","","","","","","","",""
"https://lh3.googleusercontent.com/a-/ALV-UjVMefKeOHN5r1WTdFgqpGQI-r37pnewmkn2N5J2-4I9zwtzKtr8=w45-h45-p-rp-mo-br100","Genesis Arias","","Hace 6 meses","","","","","","","","Respuesta del propietario","Hace 6 meses","Estimada usuaria.
Nos complace tu calificación.
Si tienes alguna felicitación a alguien de nuestra unidad, puedes dirigirte a…"
"https://lh3.googleusercontent.com/a/ACg8ocIU1-jns8iZ0sHTGmq2xBaul9RZHYQWb0TsxiKg5_lBp8tyGA=w45-h45-p-rp-mo-br100","OBRA COCINA ARTE","1 opinión · 1 foto","Hace 10 meses","","","","","","","","","",""
"https://lh3.googleusercontent.com/a-/ALV-UjUA9A8xJKBSfFc4cicLeWnOveqytx3pG01vRK9_lixYSdgHkYpk=w45-h45-p-rp-mo-ba4-br100","Gabriel Vásquez","Local Guide · 3 opiniones · 41 fotos","Hace 10 meses","","","","","","","","","",""
"https://lh3.googleusercontent.com/a/ACg8ocKFtNkn4qoxQb0dwGVenpOkG8JOJ8xbLZ7WgOCOZo0magSmBA=w45-h45-p-rp-mo-ba4-br100","Martha Coba","Local Guide · 3 opiniones · 3 fotos","Hace un año","","","","","","","","","",""
"https://lh3.googleusercontent.com/a-/ALV-UjWQR5w6uLuSPKWpOCDBDG7mnPe8poBEBgiTf5icGEQRTPJHfYg=w45-h45-p-rp-mo-br100","nancy Paca","1 opinión","Hace un año","","","","","","","","","",""
"https://lh3.googleusercontent.com/a-/ALV-UjUwOpCfIv1NmALP9KVZr7IxrxhGf20mAVi0bpQiBv-FUnfc2nL2IA=w45-h45-p-rp-mo-ba3-br100","Víctor","Local Guide · 33 opiniones · 38 fotos","Hace un año","","","","","","","","","",""
"https://lh3.googleusercontent.com/a-/ALV-UjW9QwfXgZbn_YdsA8L_OHT9gZ6zPS2KRNTm9w14sUugmaxaYLaU=w45-h45-p-rp-mo-ba4-br100","Pablo DLT","Local Guide · 99 opiniones · 119 fotos","Hace un año","","","","","","","","","",""
"https://lh3.googleusercontent.com/a-/ALV-UjXaUUO5rWJGfT8PKdgOJb-AVYY5b_UEDiyCp0dQURJ-WzuEWm9h=w45-h45-p-rp-mo-ba2-br100","Gustavo Argoti","Local Guide · 5 opiniones · 11 fotos","Hace un año","","","","","","","","","",""
"https://lh3.googleusercontent.com/a-/ALV-UjUoYOLkrb42I9khBmCyiOhmcg3PrPx_aiFkQ_6Ky3t3kqZEZaO63g=w45-h45-p-rp-mo-br100","Margarita Muñoz","4 opiniones · 5 fotos","Hace un año","","","","","","","","","",""
"https://lh3.googleusercontent.com/a/ACg8ocKXgq3IKbAA0tERIJtf4R9Xloho738bmjKL1Bab1WqFiSKqaQ=w45-h45-p-rp-mo-br100","Dora Llamatumbi","2 opiniones · 2 fotos","Hace 2 años","","","","","","","","Respuesta del propietario","Hace 2 años","Gracias estimada usuaria por su calificación.
Bendiciones.
IESS
En transformación."
"https://lh3.googleusercontent.com/a-/ALV-UjUSxQNQO7gPclhIBY64_er46U2Pn-L1g-VnKMeFXsHUzUxuR1D9GA=w45-h45-p-rp-mo-ba3-br100","Anahid Tx","Local Guide · 3 fotos","Hace 2 años","","","","","","","","Respuesta del propietario","Hace 2 años","Gracias estimada usuaria.
Nos complace servir
IESS
En transformación."
"https://lh3.googleusercontent.com/a-/ALV-UjWhDl31uCLQvmJG4SZQ_eqbPAuVvonIQeNuth7TUYQK7fek0oUzpA=w45-h45-p-rp-mo-ba5-br100","Kunio Wakao","Local Guide · 125 opiniones · 188 fotos","Hace 2 años","","","","","","","","","",""
"https://lh3.googleusercontent.com/a-/ALV-UjUhBBf_72NQqLkBjYq10mnd1HC4u7WLCXhHVeUckeeWV53PO0n1=w45-h45-p-rp-mo-ba4-br100","Eduardo Suarez","Local Guide · 178 opiniones · 13 fotos","Hace 2 años","","","","","","","","Respuesta del propietario","Hace 2 años","Gracias por tu calificación.
Nos complace servir.
IESS LA MARISCAL
En transformación."
"https://lh3.googleusercontent.com/a-/ALV-UjX6q73e_8EUZPGLU2O9RgwhUfm7gSa4KUqDmm9FadJ4curlQPLAng=w45-h45-p-rp-mo-ba2-br100","KODIGO MVP (KODIGO)","Local Guide · 2 opiniones · 5 fotos","Hace 2 años","","","","","","","","Respuesta del propietario","Hace 2 años","Gracias por tu calificación.
IESS
En transformación."
"https://lh3.googleusercontent.com/a/ACg8ocLIxSM8m1rnq8UUUI8l9c9UPtQU1laxeweqmHM4xAXPArB0NQ=w45-h45-p-rp-mo-ba3-br100","Peter Oña Muñoz","Local Guide · 35 opiniones · 7 fotos","Hace 3 años","","","","","","","","Respuesta del propietario","Hace 3 años","Gracias por tu calificación. Nos complace servir.
IESS. Te cuida."
"https://lh3.googleusercontent.com/a-/ALV-UjVq2X0fQPh00hC9lZS_wTsLVKgt-lXR8WfN_5gZXP7RiTa_NVLKgw=w45-h45-p-rp-mo-br100","Luz Cacuango","1 opinión","Hace 3 años","","","","","","","","Respuesta del propietario","Hace 3 años","Gracias por tu opinión. Nos complace servirte."
"https://lh3.googleusercontent.com/a-/ALV-UjWnekPiOID--IwL4DzQgFJnOrKgE4pTnj9PKS9OpPbyUp92O601=w45-h45-p-rp-mo-br100","Elizabeth Zurita","1 opinión","Hace 3 años","","","","","","","","Respuesta del propietario","Hace 3 años","Gracias por tu calificación. Nos complace servir.
IESS LA MARISCAL. Te cuida."
"https://lh3.googleusercontent.com/a-/ALV-UjX2E7CglzhCaEX6qDiQxrRUtElCDMw5cEnQhUiDR3RhJmFw7Yhz=w45-h45-p-rp-mo-ba4-br100","Raimundo Vasquez","Local Guide · 1 opinión · 39 fotos","Hace 3 años","","","","","","","","Respuesta del propietario","Hace 3 años","Gracias por tu calificación. Nos complacer servir."
"https://lh3.googleusercontent.com/a-/ALV-UjXGTppW7SzRu0kcQhWz7KI09-o00pkgTCNr3-JOfE39N0rQ2qSG=w45-h45-p-rp-mo-ba2-br100","Solange Pico","Local Guide · 14 opiniones · 1 foto","Hace 3 años","","","","","","","","Respuesta del propietario","Hace 3 años","Gracias por tu calificación. Nos complacer servir."
"https://lh3.googleusercontent.com/a-/ALV-UjXsaoQ1dkoMVleBhRajiwCemCjW6rOnjm-1QTlo55dCG39YjhyE=w45-h45-p-rp-mo-br100","Kattya Jaramillo","1 opinión","Hace 3 años","","","","","","","","Respuesta del propietario","Hace 3 años","Gracias por tu calificación. Nos complacer servir."
"https://lh3.googleusercontent.com/a-/ALV-UjWMVP1t3Z0WVYNPyeZotMepJy8UD4h7oOuukGUf1ybVYlxDE92GJw=w45-h45-p-rp-mo-br100","Alexandra Bernal","","Hace 4 años","","","","","","","","Respuesta del propietario","Hace 3 años","Gracias por tu calificación. Nos complacer servir."
"https://lh3.googleusercontent.com/a/ACg8ocIhvHg67U-RbWaRkczhp8ZRcSaPTU9AkJMcVdCOwMVNohm_EQ=w45-h45-p-rp-mo-br100","Karla Morocho","","Hace 4 años","","","","","","","","Respuesta del propietario","Hace 3 años","Gracias por tu calificación. Nos complacer servir."
"https://lh3.googleusercontent.com/a/ACg8ocIOwLLpLfWATva-YQ7wob2Cf-0x7m1ra5a1T3j2Y7AmnuLSvQ=w45-h45-p-rp-mo-br100","GLADYS MINANGO","5 opiniones · 14 fotos","Hace 4 años","","","","","","","","Respuesta del propietario","Hace 3 años","Gracias por tu calificación. Nos complacer servir.
Nos gustaría escuchar en qué podemos mejorar."
"https://lh3.googleusercontent.com/a/ACg8ocLoomkZod6w7siLmZeY7C8CMuqr13sXUJxCZL9zsLU5rZZIlQ=w45-h45-p-rp-mo-br100","Sr Neko","","Hace 5 años","","","","","","","","Respuesta del propietario","Hace 3 años","Gracias por tu calificación. Nos complacer servir.
Nos gustaría saber desde ti, cómo podemos mejorar."
"https://lh3.googleusercontent.com/a-/ALV-UjVHELi2HEOTH-seWy7evXgXdhqSEN54fwMIqx1gHEmX4zsVqlU=w45-h45-p-rp-mo-ba4-br100","Talia Acosta","Local Guide · 50 opiniones · 19 fotos","Hace 5 años","","","","","","","","Respuesta del propietario","Hace 3 años","Gracias por tu calificación. Nos complacer servir."
"https://lh3.googleusercontent.com/a/ACg8ocL4KkqCXSma2NnqyfoQP1DI9FGsQi_IdObRT0RgUF-gafu54g=w45-h45-p-rp-mo-br100","Jose Luis Hnyda","6 opiniones · 27 fotos","Hace 5 años","","","","","","","","Respuesta del propietario","Hace 3 años","Gracias por tu calificación. Nos complacer servir."
"https://lh3.googleusercontent.com/a-/ALV-UjWGvvrrpSxoYaA24r73SvmBFwMhIDWSp-n2fhy6cA7FiuXNn8I=w45-h45-p-rp-mo-br100","Ramiro Valarezo","2 fotos","Hace 5 años","","","","","","","","Respuesta del propietario","Hace 3 años","Gracias por tu calificación. Nos complacer servir.
Nos gustaría escuchar en qué podemos mejorar."
"https://lh3.googleusercontent.com/a-/ALV-UjVL33j_OA4z5xyyjY7U3_V7QIABqhSGhC2mE63gPzWaiH4h7gq2=w45-h45-p-rp-mo-br100","Stephany Gutierrez","","Hace 5 años","","","","","","","","Respuesta del propietario","Hace 3 años","Gracias por tu calificación. Nos complacer servir."
"https://lh3.googleusercontent.com/a-/ALV-UjXgBKoQKMqyURIGv2nc118SW7eh4B7PpI7OUGam_Liy2brLQ0YRPQ=w45-h45-p-rp-mo-ba4-br100","Marcelo Vintimilla","Local Guide · 57 opiniones · 346 fotos","Hace 5 años","","","","","","","","Respuesta del propietario","Hace 3 años","Gracias por tu calificación. Nos complacer servir."
"https://lh3.googleusercontent.com/a-/ALV-UjXlGqBskqEWIkMaMiK_FiCH39II0Xfi_hd0wG3KY873KLG855s=w45-h45-p-rp-mo-br100","Marco Quingaiza","","Hace 5 años","","","","","","","","","",""
"https://lh3.googleusercontent.com/a-/ALV-UjWJ83olBBMHen6278S3sK4hfnA_pMn52XfhUzAxDX_vvI4au6EI=w45-h45-p-rp-mo-br100","Flor de Liz","1 opinión","Hace 5 años","","","","","","","","Respuesta del propietario","Hace 3 años","Gracias por tu calificación. Nos complacer servir."
"https://lh3.googleusercontent.com/a/ACg8ocKJHhoWEdxEBb-Ee5m6A3GVxNzTOFXmpPIo3iZzlmouyp6FYw=w45-h45-p-rp-mo-br100","Dianq Santillan","","Hace 6 años","","","","","","","","Respuesta del propietario","Hace 3 años","Gracias por tu calificación. Nos complacer servir."
"https://lh3.googleusercontent.com/a-/ALV-UjXBkV1SViD59TVzfZeEVe-OIj3d4M2yzAJKGJHfBLuDX9548Gch=w45-h45-p-rp-mo-ba2-br100","CINDY ANDINO","Local Guide · 5 opiniones","Hace 6 años","","","","","","","","Respuesta del propietario","Hace 3 años","Gracias por tu calificación. Nos complacer servir."
"https://lh3.googleusercontent.com/a-/ALV-UjVr3RN0v2r0i61-hGcGkmxejRkUHZ5wYwXVSGQGCOYBj38M9kttVA=w45-h45-p-rp-mo-br100","Martha Alcala Carrillo","1 opinión","Hace 6 años","","","","","","","","Respuesta del propietario","Hace 3 años","Gracias por tu calificación. Nos complacer servir."
"https://lh3.googleusercontent.com/a-/ALV-UjWajid7uwWa1rbkhItCMlB1Fh1E56xOhYbcccOUYSeKLfrDi5s=w45-h45-p-rp-mo-ba4-br100","Oscar Ayala","Local Guide · 11 opiniones · 23 fotos","Hace 6 años","","","","","","","","Respuesta del propietario","Hace 3 años","Gracias por tu calificación. Nos complacer servir."
"https://lh3.googleusercontent.com/a-/ALV-UjWO4ccuN0oK3zCtmN9gKYo2-mpRJx4EIpti4pieqECJyoxsD6I=w45-h45-p-rp-mo-ba4-br100","Mecanica Maldonado","Local Guide · 42 opiniones · 194 fotos","Hace 6 años","","","","","","","","Respuesta del propietario","Hace 3 años","Gracias por tu calificación. Nos complacer servir."
"https://lh3.googleusercontent.com/a-/ALV-UjX_yJXCO707lesk-F5TYT3lnKJH9v_fu15NThM8TC3AHASpS68sBg=w45-h45-p-rp-mo-ba4-br100","Diego Javier Chamorro Brito","Local Guide · 45 opiniones · 265 fotos","Hace 6 años","","","","","","","","Respuesta del propietario","Hace 3 años","Gracias por tu calificación. Nos complacer servir.
Nos gustaría escuchar en qué podemos mejorar."
"https://lh3.googleusercontent.com/a-/ALV-UjXaeCUu_VZuX3UHjbTJcfWqKB0SMv78GcI9I6WTkJB6YxHI2ch41g=w45-h45-p-rp-mo-ba4-br100","Marcela Longo","Local Guide · 110 opiniones · 13 fotos","Hace 6 años","","","","","","","","Respuesta del propietario","Hace 3 años","Gracias por tu calificación. Nos complacer servir."
"https://lh3.googleusercontent.com/a-/ALV-UjWfPeYXdPZrgTyx_4-M0SreqP3HmgaCrRIC0h8H9SuRWHPfnQQ2aA=w45-h45-p-rp-mo-br100","Paola Huaman","1 opinión · 2 fotos","Hace 7 años","","","","","","","","Respuesta del propietario","Hace 3 años","Gracias por tu calificación. Nos complacer servir."
"https://lh3.googleusercontent.com/a-/ALV-UjVmE4QHqEVwt4Kouse3jLeXwxHpmmZ_DNcyIJLRfv70VrLaQkQ9Xg=w45-h45-p-rp-mo-br100","Diana Estrada","","Hace 7 años","","","","","","","","Respuesta del propietario","Hace 3 años","Gracias por tu calificación. Nos complacer servir."
"https://lh3.googleusercontent.com/a-/ALV-UjWHWeo-QExCzEN2Icck0vAHFt05Xk5hzSvYVqx8QVFYytU2mxYI=w45-h45-p-rp-mo-ba4-br100","Marco A. Páez S.","Local Guide · 73 opiniones · 195 fotos","Hace 7 años","","","","","","","","Respuesta del propietario","Hace 3 años","Gracias por tu calificación. Nos complacer servir."
"https://lh3.googleusercontent.com/a-/ALV-UjUQL3As8tb_LXCjuNQF8qxE9-Ra2n2zsfhZ2f-POeE59fUoA9dp7A=w45-h45-p-rp-mo-br100","Cristina Toaquiza","","Hace 7 años","","","","","","","","Respuesta del propietario","Hace 3 años","Estimada Cristina.
Nos gustaría saber cómo mejorar para servirte mejor.
IESS LA MARISCAL, te cuida con amor."