"NBa7we src","d4r55","RfnDt","rsqaWe","wiI7pd","dSlJg","dSlJg 2","znYl0","znYl0 2"
"https://lh3.googleusercontent.com/a-/ALV-UjUbx8zmEaOMTUTUXH-kkxxHIoTIhapyCLbsWZbVRjfUCdmdL8Sf=w45-h45-p-rp-mo-ba5-br100","Luis Alberto Rodríguez","Local Guide · 135 opiniones · 352 fotos","Hace 10 meses","Emergencias atiende 24/7. Es funcional, y atienden bastante rápido. La atención es buena en comparación a otros IESSs. Hay especialidades que operan en este lugar en horario administrativo. No sé por qué se llama 'IESS Cotocollao' si este…","","","Compartir",""
"https://lh3.googleusercontent.com/a/ACg8ocK_tTwGZfn8s2cBK7ndmekzw9M5cSArkGZeTQxViKDaDDH68g=w45-h45-p-rp-mo-br100","Angel Cevallos","2 opiniones","una semana atrás","No están atendiendo, me tocó rogarle al guardia que me dé un turno, pésima atención. Voy desde las 5pm  aquí y no me atienden. Para que se paga si no me atienden, pésimo servicio 😡😡😡😡😡…","","","Me gusta","Compartir"
"https://lh3.googleusercontent.com/a-/ALV-UjWivdATi_-r_mqtwUUT1H4sFOHW_WbJfBbwMonPZnhMicODMAxOqQ=w45-h45-p-rp-mo-ba4-br100","Fernando RodSan","Local Guide · 179 opiniones · 32 fotos","Hace un año","Es limpio y funcional. Lamentablemente falta personal médico, sanitario y administrativo. Las filas en servicio al usuario y farmacia son súper largas, esperas de al menos 45min. Faltan medicinas en la farmacia y siempre se escucha decir que regresen a fin de mes que ahí de pronto y lleguen los medicamentos. Así desde el 2018","","","Compartir","Me gusta"
"https://lh3.googleusercontent.com/a-/ALV-UjXBb_sBSdxQ9-0zX8OzNXJXhQVc9iqVGWnDFK2fyg92qLlVTxew=w45-h45-p-rp-mo-ba4-br100","Mercy Acosta","Local Guide · 81 opiniones · 1 foto","Hace 4 meses","Pésimo trato.. lastimosamente las veces que me han dado cita allí el médico está de vacaciones y con decir venga tal fecha ya creen que resuelven el problema que ocasiona tiempo, transporte, las molestias, etc. No hay ni donde estacionar un…","","","","Compartir"
"https://lh3.googleusercontent.com/a/ACg8ocIlqMYd6fKO5PZb8N2ewailOoJ3CWN6qtZSpKEjNtB31M2FPg=w45-h45-p-rp-mo-br100","Reidy Gonzalez","1 opinión","Hace 6 meses","Pésimo servicio, mala gestión, mala estructura administrativa. Horas para ser atendido y nadie da respuesta. No es posible que solo atienden 2 doctores para la cantidad de pacientes que llegan con diferentes necesidades. Y lo peor es que se…","","","","Compartir"
"https://lh3.googleusercontent.com/a-/ALV-UjVvlMpKkkdqzIZ70GOSk3joN1gVYkmLQFNy3JOGrIE7ZdxJC-j9=w45-h45-p-rp-mo-br100","Elizabeth Galarza","1 opinión","Hace 3 meses","Atención pésima, al querer agendar un turno con el neurólogo, la persona de información me indica que regrese en un mes, para ver si existe turnos, en éste trámite llevo más de un mes, ahh sin embargo el descuento de afiliación si es…","","","","Compartir"
"https://lh3.googleusercontent.com/a-/ALV-UjVSQ99s6K8D2wPoPa0EmHZIxvqBovZR37WIxzD4Vc8HWbdtUjY=w45-h45-p-rp-mo-ba5-br100","F H","Local Guide · 47 opiniones · 845 fotos","Hace 5 meses","Fatal!!!! El día ayer fui con turno y no avisan que los doctores no van atender, falta de compromiso con los pacientes, y existe un número para llamar y no sirve dada la incapacidad de los trabajadores del IESS que no pueden contestar una llamada igual dejo el número que había ayer en la puerta, INCONPETENTES.....","","","Compartir",""
"https://lh3.googleusercontent.com/a/ACg8ocJqq1ZPmx2VSLMPjWZ7L_UGp0kpoUJHMQKwvpCDTKeyDRxeiRs=w45-h45-p-rp-mo-ba3-br100","C Torres","Local Guide · 32 opiniones · 9 fotos","Hace un año","Lo peor que puede haber en atención al paciente no atienden no están en el puesto de trabajo. Si es emergencia deberían hacer su trabajo ya que su vocación tiene una gran responsabilidad con el ser humano. Y si estamos ahí es porque nos…","","","Compartir",""
"https://lh3.googleusercontent.com/a-/ALV-UjVqUcMq9m_YC9s3GK8n674VkTMhKi9ddbhMazy53OWAkHcfUR0M=w45-h45-p-rp-mo-ba4-br100","Raúl Martínez","Local Guide · 119 opiniones · 292 fotos","Hace 9 meses","Fila para todo, el lugar se encuentra limpio, se debe ir con 40 minutos de anticipación , para la fila de signos vitales y evitar perder la cita asignada","","","Compartir",""
"https://lh3.googleusercontent.com/a-/ALV-UjV2mzUNQBQnUTs2fVLC1kLtsVsCIS_w9cPDQwy_u7ug_w45tuUb=w45-h45-p-rp-mo-br100","Carolina Navas","11 opiniones · 9 fotos","Hace 6 meses","Acudí al triaje por un dolor abdominal , tardaron media hora en tomarme los signos vitales, cuando lo hicieron un Sr Apellido Simbaña me dijo que tenía que ir a la emergencia del HCAM porque aquí no podía resolver mi malestar. Por cierto…","","","","Compartir"
"https://lh3.googleusercontent.com/a/ACg8ocK2TPs4qhepqtOxGUBf1lWEI3xr-UfIt-OxmoZP1LYkueJZIAY=w45-h45-p-rp-mo-br100","Luis Vallejo","3 opiniones","3 semanas atrás","Es el peor lugar que e podido asistir son de lo peor que puede ver en la historia del mundo una atención de última pésimo personal 😡…","","","Me gusta","Compartir"
"https://lh3.googleusercontent.com/a/ACg8ocJmLA8jEhzk_kQOGv_kJy0W9_lLCrlZRhlbZRlhjKDEJWRhzA=w45-h45-p-rp-mo-br100","Josue Cagua","1 opinión","Hace 8 meses","La peor atención para mi hija . Fuimos por una emergencia y tuvimos que esperar 5 horas para que la atiendan . Aparte de que una sola persona estaba atendiendo a los niños y  llegaban muchas personas y los atendían enseguida pero para la…","","","","Compartir"
"https://lh3.googleusercontent.com/a-/ALV-UjXNyioS_f2cfWXH_DWyQOLSgzQmDt6AV0C4QYZukVyT8VucklqW=w45-h45-p-rp-mo-ba2-br100","Byan Padilla","Local Guide · 10 opiniones · 17 fotos","Hace 2 años","Iess Cotocollao, una atención muy rápida, muy ágil y sobre todo las personas de atención al usuario son respetuosos y muy rápidos un excelente servicio ⭐","","","Compartir",""
"https://lh3.googleusercontent.com/a-/ALV-UjVYs1Mc_IepRH_EM8RBeNbqOgjeWAK22dBAHJUfyBaDs0j6w6dy=w45-h45-p-rp-mo-ba3-br100","Paola Ma. Velasco M.","Local Guide · 38 opiniones · 10 fotos","Hace un mes","Muy limpio ordenado, todos muy amables, prestos a ayudar","","","Me gusta","Compartir"
"https://lh3.googleusercontent.com/a-/ALV-UjUezrwt5Uf7Hxtb9LDaanh-PwmxHR9H4DEw6nFybjGWcKpE1sH7=w45-h45-p-rp-mo-ba5-br100","Panchito Rh","Local Guide · 168 opiniones · 649 fotos","Hace 2 años","Atención muy demorada en EMERGENCIAS, los médicos pasan fuull ocupados pero son muy BUENOS, el personal son muy amables....…","","","Compartir",""
"https://lh3.googleusercontent.com/a-/ALV-UjVVe7TNOK0FOy_aZHRs5jSw5-IY5COUT59tT4WqhwTUUcHxH6E=w45-h45-p-rp-mo-ba7-br100","Al. Pa. Ga. Ap.","Local Guide · 272 opiniones · 292 fotos","Hace un año","Mi experiencia aquí siempre ha sido buena.
Hasta por emergencia han sabido solventar rápido las necesidades del paciente.…","","","","Compartir"
"https://lh3.googleusercontent.com/a-/ALV-UjXgLqYKYRKa80bHrBa7UUrZQecErC71cabWRJicNUhxyMBMrNs=w45-h45-p-rp-mo-ba6-br100","María Isabel Torres De León Torres De León","Local Guide · 555 opiniones · 78 fotos","Hace 4 meses","Mala atención, había una fila enorme para ingresar.","","","Me gusta","Compartir"
"https://lh3.googleusercontent.com/a-/ALV-UjVq4uPn7L_e8htLJI3-aqjRin2eAnnaoV1QTiasS0VQD1zlj4vu=w45-h45-p-rp-mo-ba2-br100","Gus A","Local Guide · 11 opiniones · 3 fotos","Hace 10 meses","Cero estrela, En emergencia el triaje solo hay una persona, que atiende a medio tiempo. Se requiere más atención, más de una hora esperando y seguir esperando ni los signos vitales toman. Hay que agonizar para que le tomen importancia","","","","Compartir"
"https://lh3.googleusercontent.com/a/ACg8ocJmy9muNuRUXlHtHW1oy2RxVf7QcWGrG4ecB-HRAZpwATccKQ=w45-h45-p-rp-mo-br100","hector rivas salazar","1 opinión","Hace 3 meses","La atención horrible, espera de más de 5 horas para ser atendido","","","Me gusta","Compartir"
"https://lh3.googleusercontent.com/a/ACg8ocKdPmUV5rsC4JK_RrOqIrrKYG_7TNVGF0jOoKbWZFFmfxji3w=w45-h45-p-rp-mo-br100","Joel Salamea","9 opiniones","Hace un año","Pésima atención, la consulta dura 3 minutos y les mandan a todos paracetamol y loratadina.
Yo no toleraba el dolor y oh sorpresa me han mandado una ampolla que ni el…","","","","Compartir"
"https://lh3.googleusercontent.com/a/ACg8ocKswJ30DAxBlZrx5y9_SMtDDi_RWujOC7urdxR8wWKlRKUkww=w45-h45-p-rp-mo-ba3-br100","Maralba Flor","Local Guide · 31 opiniones · 16 fotos","Hace 5 meses","Atención pésima en cuánto a información y nunca contestan al número telefónico .","","","","Compartir"
"https://lh3.googleusercontent.com/a/ACg8ocIEc81F16e78pNamQUyrWn7ocwTptbRP1TgSizDsBoS0xj6fQ=w45-h45-p-rp-mo-ba4-br100","Noe Valladares","Local Guide · 24 opiniones · 223 fotos","Hace 6 años","Buena atención lugar muy limpio
Amplio baños limpios","","","Compartir","Me gusta"
"https://lh3.googleusercontent.com/a-/ALV-UjXpUAuJIp4MkIFDtHM3twJR2EJ9Wr18GVJppKofTzz9S54-i6oX=w45-h45-p-rp-mo-ba4-br100","Gabriela J Gonzalez","Local Guide · 13 opiniones · 14 fotos","Hace un año","Pésimo servicio
MÉDICOS SIN EMPATIA, tienen a adultos de la tercera edad haciendo fila en farmacia cuando ya no pueden ni sostenerse en pie.…","","","","Compartir"
"https://lh3.googleusercontent.com/a-/ALV-UjUWDOwVOW3drthwHPjPD9UoQkOGjRRt1m3kw9iYDgYpxHD3dMRx=w45-h45-p-rp-mo-br100","Pothier Lastra","11 opiniones · 23 fotos","Hace 4 meses","Debe Mejorar la atención a los pacientes en todas las áreas","","","Me gusta","Compartir"
"https://lh3.googleusercontent.com/a-/ALV-UjUvoSHAubj1Anb9QAJuqT0jaBbQLwPa4PbjxWP0fEQytvqYlAU=w45-h45-p-rp-mo-ba4-br100","Jean Carlos Velez","Local Guide · 100 opiniones · 27 fotos","Hace un año","Pésimo servicio por parte del personal medico, el día de hoy asistí por una cita y lamentablemente creo que el doctor Burneo el cual me atendió es adivino porque ni siquiera me hizo un chequeo, en menos de 8 minutos me dijo que tenía que…","","","","Compartir"
"https://lh3.googleusercontent.com/a-/ALV-UjVZHEetU5wFWDbk9LAZNKi3hatuyJGiMHaV12DF16Fi0cLJ680=w45-h45-p-rp-mo-ba2-br100","Keila Guerra Aspiazu","Local Guide · 10 opiniones","Hace 8 meses","Deberían dejar entrar al paciente con un acompañante, aunque no sea menor de edad, porque ahí mismo tienen muchas filas y al mismo enfermo le toca estar en todos lados esperando","","","Me gusta","Compartir"
"https://lh3.googleusercontent.com/a-/ALV-UjUwY7rAqXKfLgTlhcfk0yaxXkqTEfZ4HEOv4VCFUaL-lQxA8xAGFQ=w45-h45-p-rp-mo-br100","Camila Tituaña","1 opinión","Hace un año","Pesima atencion el peor centro ambulatorio del iess el doctor se demoro 3 minutos en atenderme es un grosero y no sabe explicar nada solo dice que retire pastillas en la farmacia y nada mas Dr. Suarez aparte que estaba en el celular, no…","","","","Compartir"
"https://lh3.googleusercontent.com/a-/ALV-UjXdtQEl74hvkG0GyH56ViDxzuHVDO-AYg0G0lln5HYxBE1yZbG3=w45-h45-p-rp-mo-ba4-br100","Data Eventos Ecuador","Local Guide · 72 opiniones · 77 fotos","Hace un año","Demasiado tiempo. de espera para tomar un turno, deberían pensar en automatizar  e ir a la era tecnológica, seria el éxito. Atención muy buena.","","","Me gusta","Compartir"
"https://lh3.googleusercontent.com/a-/ALV-UjVSV3LkoChO_9DU100dHx6IRLON7jchOx-sDi3JgOXopLPPovoB=w45-h45-p-rp-mo-ba4-br100","Enrique Lopez","Local Guide · 134 opiniones · 2 fotos","Hace 11 meses","El odontologo Dr.Perez es un patan. Llege 10min tarde a la cita y me cerro la puerta en la cara. Este tipo de sujetos deben salir del IESS.","","","","Compartir"
"https://lh3.googleusercontent.com/a-/ALV-UjXgNinKHGml6-3m7yl03_Jgy_maqbjR01nkR6uNQjXw7arar-382Q=w45-h45-p-rp-mo-br100","Evelyn Torres","6 opiniones","Hace un año","PESIMO SERVICIO ESPERE COMO 8 MESES PARA UN TURNO DE GINECOLOGIA PARA QUE ME DIGAN REGRESE EN DOS MESES MAS, POR MI PARTE DEJARE LA RESPECTIVA QUEJA POR ESCRITO EN DIRECCION MEDICA PARA QUE SE TOMEN LOS DEBIDOS CORRECTIVOS.","","","Me gusta","Compartir"
"https://lh3.googleusercontent.com/a-/ALV-UjV2w1W_Idi7vHakFVQti9mb4jMaatO4dX6cQDhUTUFXtadHmV8n=w45-h45-p-rp-mo-ba5-br100","Andres Verdezoto","Local Guide · 94 opiniones · 4 fotos","Hace 4 años","El peor servicio! De qué sirve un seguro sin nunca tienen agenda para una biopsia o endoscopia. Esperar 3 meses para un turno increíble. Para colmo de males el personal carece de educación, empatía y amabilidad, son lo peor!","","","","Compartir"
"https://lh3.googleusercontent.com/a/ACg8ocJhA9AJ1YHPTxO1Kv9Sg5S5dfL5XWZEkQqA9sPReAXM8Mo1rA=w45-h45-p-rp-mo-br100","Sala Partos","1 opinión","Hace 11 meses","REALMENTE PREOCUPADA , ME REALIZARON UN EXÁMEN HACE 1 MES AÚN NO ESTA EN EL SITEMA ME COMUNICOA LA NUMERO DE CONVEIONAL QUE ESTA EN INF , NINGUNA OPCIÍN ES VALIDA ES UNA BURLA","","","Me gusta","Compartir"
"https://lh3.googleusercontent.com/a-/ALV-UjXGwDZ5iBpvqEkA9JHr5nsJCjKQyjPwJ6Q38CicuRHmaXho8Bo=w45-h45-p-rp-mo-ba3-br100","Oliver Ortega","Local Guide · 33 opiniones · 4 fotos","2 semanas atrás","Pésima atención","","","Me gusta","Compartir"
"https://lh3.googleusercontent.com/a-/ALV-UjXp9CO8h-uwl3Hy_8VoY-D33iQ7q_A8ciD7ajlHBXW76VEYDr1W=w45-h45-p-rp-mo-ba5-br100","Yessie Coronado","Local Guide · 197 opiniones · 252 fotos","Hace 5 años","Les falta capacitación en atención al cliente, el personal (a excepción de una señora que trabaja ahí hace años) no atiene rápido en las distintas ventanillas ya que conversan entre ellos o por el celular, juegan con el tiempo y dinero de…","","","","Compartir"
"https://lh3.googleusercontent.com/a-/ALV-UjXW6U4cxSX7fx4VGEr4avlmBr1jLbbv7wA9Folh8prktlztF180=w45-h45-p-rp-mo-ba3-br100","Sara Aguilera Acosta","Local Guide · 43 opiniones · 55 fotos","Hace 7 meses","No hay medicamentos, son hipertensa y con problemas de los nervios y tampoco hay medicamentos","","","","Compartir"
"https://lh3.googleusercontent.com/a-/ALV-UjWJpKgRMrpa68VICCtRNBPNGdFACjCVLhSjdiqRlORc5DBlCcc9=w45-h45-p-rp-mo-ba3-br100","Diego Mantilla","Local Guide · 2 opiniones · 37 fotos","Hace un año","4 horas esperando atención para que te digan que no tienen pruebas y te hagas con un privada. Para que pagamos seguro social?
Les recuerdo que pagamos por este servicio, no es que nos hagan un favor","","","Me gusta","Compartir"
"https://lh3.googleusercontent.com/a-/ALV-UjVJUcFiy5nnSPNTEPiy1ODgGp0m19EHCHVjshuJR1bYZN_ulP2FSg=w45-h45-p-rp-mo-ba4-br100","ESTEFY P.","Local Guide · 104 opiniones · 249 fotos","Hace 5 años","Pesima atención. Ya estoy esperando mas de una hora y mi novio tiene una laceracion grave en el dedo pulgar..no aguanta el dolor y en el triaje nos mandan a esperar mas de dos horas para k el medico le examine porque afirman que solo…","","","Me gusta","Compartir"
"https://lh3.googleusercontent.com/a-/ALV-UjUDOy7HFXbHyWbVomPODF4u0qmBkmYZ4FcWSjC8FcB9DBpKamQ2gg=w45-h45-p-rp-mo-ba5-br100","Fabricio Zambrano","Local Guide · 244 opiniones · 147 fotos","Hace 2 años","Realmente tiene mucho que mejorar.. el Iess es un servicio que le corresponde por ley a todos los que aportamos en su mayoría desde muy jóvenes y no me parece que pequeñas cosas deberían mejorarla .... Ejemplo deberían tener todos los que…","","","Me gusta","Compartir"
"https://lh3.googleusercontent.com/a-/ALV-UjWKl_93RDD8l9zS3Jsvf3AVgyjHPHvUWnooMtjt6MJ7OLms0S7g=w45-h45-p-rp-mo-ba3-br100","Pablo Baquero","Local Guide · 27 opiniones · 11 fotos","Hace 2 años","Debería alguien informar que la gente tome asiento  porque se va al llamar por los nombres.Ya que para realizar el isopado , tocó hacer una fila degana. Para citas medicas les recomiendo ASSISTANET excelente prestador de servicio (en mi opinión el mejor que tiene convenio el iess)","","","","Compartir"
"https://lh3.googleusercontent.com/a-/ALV-UjXk13pvRWw3FeCrMNKDFDCc31daaDsv_nkMH11x8f3xj-zv7Et8=w45-h45-p-rp-mo-br100","Pame Villalba","19 opiniones","Hace 4 años","El servicio de salud es pésimo
No m parece que a un niño le hagan esperar 4 horas con dolor porque  no tiene fiebre…","","","","Compartir"
"https://lh3.googleusercontent.com/a-/ALV-UjXDVUEBoygKVlAWPfkis3JuNHRD-xtONk1q0TarKsH8eFwK3AhL=w45-h45-p-rp-mo-br100","Walter Iván Jimenez","2 opiniones","Hace 5 años","Hoy lunes 8 de octubre fui hacerme atender al hospital del IESS cotocollao x una Leción en la columna la atención muy mala. primero tuve que esperar 3 horas para  que me  tomen los signos vitales luego  otras 3 horas y solo para q me digan…","","","","Compartir"
"https://lh3.googleusercontent.com/a/ACg8ocJDOlHIxVaatKKozsF3aU1wnrlVT0Jd1Q1i-b_WFx6aIypVNQ=w45-h45-p-rp-mo-br100","Miguel Z","1 opinión","Hace 10 meses","Es un pésimo lugar, en los otros hospitales no hay tanto lío para agendar una simple cita","","","","Compartir"
"https://lh3.googleusercontent.com/a-/ALV-UjVrm9VmD7NNrEmRaI7vutZ_G7vmWdxwArOz4qjbIYUe4UKcJs_n=w45-h45-p-rp-mo-ba4-br100","Leonardo Realpe","Local Guide · 97 opiniones · 29 fotos","Hace 2 años","Organizado, limpio y la atención ágil. Cuando fui al iess San Francisco y me derivaron allá pensé que iba a ser un problema, de echo mucho mejor y rápido.","","","Me gusta","Compartir"
"https://lh3.googleusercontent.com/a/ACg8ocK2k1HJe24O-s0hUCb-SQ1euJeXxFY0mPofz34K8kknUbjJIw=w45-h45-p-rp-mo-ba3-br100","Erica R","Local Guide · 17 opiniones · 1 foto","Hace 4 años","Son todos cavernícolas. Administrativos y pacientes por igual.
Soy extranjera. Hace 8 meses vivo en Quito por trabajo y esta semana falté por primera vez, por lo que tuve q ir al iess a hacerme atender para tener el…","","","","Compartir"
"https://lh3.googleusercontent.com/a-/ALV-UjWaI7v0LA6F2P2SGk9J_gLivgvH1lDgAiQEueVGBzLN2s77wo0C=w45-h45-p-rp-mo-ba5-br100","Karina Tigse","Local Guide · 226 opiniones · 483 fotos","Hace un año","Me trataron excelentemente bien, me ayudaron muy rápido y muy eficiente gracias a los doctores, estuve sola y me apoyaron muchísimo","","","Me gusta","Compartir"
"https://lh3.googleusercontent.com/a-/ALV-UjVRLzKQNlfdydfTAConlIdpE3GsFwUxp0cff6XeRCjP_7sxjolq=w45-h45-p-rp-mo-ba4-br100","Amilkar Andres Torres Barrazueta","Local Guide · 95 opiniones","Hace 2 años","Pésima atención de Cardiología, en medio de la consulta se pasean otros médicos dentro del consultorio a prepararse café. Tampoco no me dieron un certificado de asistencia a consulta.","","","Me gusta","Compartir"
"https://lh3.googleusercontent.com/a-/ALV-UjWZtG6Z6CM-yroj4p9loKFd8KuyY8KpYLWBKk2MI-b8VcYo01rB=w45-h45-p-rp-mo-ba4-br100","Qkito","Local Guide · 208 opiniones · 25 fotos","Hace 4 años","La atención es buena se tiene que esperar un poco hay que tomar en cuenta que se atiende según la emergencia por lo demás en lo particular me han atendido muy bien","","","Me gusta","Compartir"
"https://lh3.googleusercontent.com/a-/ALV-UjUD0okzeqSp2rXexXLhrW_3JVt-zq7li5IyZJ7Q4jfwk80ldYs=w45-h45-p-rp-mo-ba4-br100","Fabicito Car","Local Guide · 174 opiniones · 24 fotos","Hace un año","Se puede mejorar, si recibí buena atención y disponían de medicamentos","","","Me gusta","Compartir"
"https://lh3.googleusercontent.com/a-/ALV-UjXB7wtnqji8Civ5A0xHEzyBFEwPvWH7bC86Zs_Mu7PFQfRDbEwA=w45-h45-p-rp-mo-ba3-br100","Greiyz Vallejo","Local Guide · 38 opiniones · 2 fotos","Hace 5 años","El servicio de los médicos es bueno y en general la atención es muy buena, es muy completo y tiene muchos servicios a los pacientes con calidad y calidez, la razón por la que pongo 2 Estrellas es para recomendar y advertir a la personas que…","","","","Compartir"
"https://lh3.googleusercontent.com/a/ACg8ocIORSXRl64dZtyD6NGJUolsTY_TBUKuhgpMPjlCHf9EGd202A=w45-h45-p-rp-mo-ba6-br100","Juan Martin Barba Rivadeneira","Local Guide · 298 opiniones · 15 fotos","Hace un año","Muy buena la atención de los funcionarios y empleados del dispensario médico,. Muy limpio, buena señalética y equipos.","","","Me gusta","Compartir"
"https://lh3.googleusercontent.com/a/ACg8ocIRA2-o1_LjMbTG2dGsK7RWI-oXqnbNJlZ2n4kln3n9DVWfQw=w45-h45-p-rp-mo-br100","Steffany Torres","1 opinión","Hace 3 años","muy mala experiencia tuve cita con el doctor Klever Paz es una persona muy grosera no sabe tratar despota bueno de todos los doctores q me hecho atender este es el peor es como que si uno les esta pidiendo limosna ellos tienen sueldo gracias a nuestros aportes no lo hacen gratis","","","Me gusta","Compartir"
"https://lh3.googleusercontent.com/a-/ALV-UjUwB9WpAzrpXFdcqdmEfS3He1tMrgLq9KiIPKngHnvFx38aC_dR=w45-h45-p-rp-mo-br100","Adrian Aguirre Quiroz","1 opinión","Hace 6 años","No todos son tan amables la doctora de pediatria de planta alta no supo lo que es atender a un niño de 1 año 8 meses que no quiso dejarse tocar sus partes tan solo comento que no podia rebisarlo por que no se deja y no le iso el chequeo que era normal aserle es una mediocre asi que por favor a hables con la señora gracias","","","Me gusta","Compartir"
"https://lh3.googleusercontent.com/a-/ALV-UjVswQg0NeqDqh6QlqZtUmCyc-aybF-EpWqC3ZmEk8LW5reQ70y3=w45-h45-p-rp-mo-ba3-br100","myrian Cushicagua","Local Guide · 41 opiniones · 3 fotos","Hace 2 años","Es el peor centro médico del iess puede estar en muriendo la gente sentada que nadien hace nada y le atiende cada dos oras yo nosé para.que se paga el seguro si ni medicina tiene","","","Me gusta","Compartir"
"https://lh3.googleusercontent.com/a-/ALV-UjXIZf8tigwBsbkHddsvuMxlzh9WYNWa25O3zNvo6CfLkiYSRlc=w45-h45-p-rp-mo-br100","Roberto Lopez","4 opiniones","Hace un año","El Iess Cotocollao se asegura de contratar incompetentes sin un apice de empatia o deseo de ayudar. Una verdadera verguenza, para cualquier necesidad visitar cualquier agencia menos esta","","","Me gusta","Compartir"
"https://lh3.googleusercontent.com/a-/ALV-UjXIRReSkC_hNK8JsjdX1nel4DMq9nZlxyyhgKOpy02Go2gwfR4=w45-h45-p-rp-mo-br100","Alex Ortega","5 opiniones · 4 fotos","Hace 3 años","Este lugar deberia tener un telefono de emergencia No es justo que nosotros los afiliados no tengamos una forma de comunicarnos ya que por la misma salud queremos tener informacion via telefonica. Aencion se llama al.numero y esta fuera de servicio..!! Que lastima de pais","","","","Compartir"
"https://lh3.googleusercontent.com/a-/ALV-UjXnevuwAUVqeNJcJ1JR1CGPflSV5Zsj8T7EcGwhujMUeBcS6X7C=w45-h45-p-rp-mo-ba3-br100","Ledis Perez","Local Guide · 11 opiniones · 21 fotos","Hace un año","Muy demorados la atención, desde las 10 de la mañana hasta las 4 de la tarde q me atendieron 🤦🏼‍♀️🤦🏼‍♀️🤦🏼‍♀️🤦🏼‍♀️…","","","Me gusta","Compartir"
"https://lh3.googleusercontent.com/a-/ALV-UjXYJnRV3ofelaDg-0b8kHE3VEW0ykUCUZH0RyykEsaktUPodAvs=w45-h45-p-rp-mo-br100","Martha Bazante","51 opiniones · 1 foto","Hace un año","Falta personal para una atención más ágil y no tienen en stock muchas medicinas","","","Me gusta","Compartir"
"https://lh3.googleusercontent.com/a-/ALV-UjW7FiBehMqbNG82FD40K2gPbDFf6lTxuHnHl9nQRIYk8Dy-mhIx=w45-h45-p-rp-mo-ba3-br100","Carlos Encalada","Local Guide · 46 opiniones · 3 fotos","Hace un año","La atención en este centro médico es MENOS QUE PESIMA, no manejan ningún proceso, los médicos SON GROSEROS y las enfermeras no tienen idea de lo que hacen.","","","Me gusta","Compartir"
"https://lh3.googleusercontent.com/a/ACg8ocKCDaXqotZCRA4TV6kFn5HlS_1SOf_byzhJOYPs1s-vE_-EwQ=w45-h45-p-rp-mo-ba4-br100","Andrés Pantoja","Local Guide · 40 opiniones · 385 fotos","Hace 2 años","Para el caso de emergencia de vías respiratorias, el tiempo de atención fue bueno y el personal amable","","","Me gusta","Compartir"
"https://lh3.googleusercontent.com/a-/ALV-UjWlh4d6YYTY00QRXiO4LTaP_QopSs-ndMsCnl1u451izJOZPvux=w45-h45-p-rp-mo-ba4-br100","Dennys Eduardo Parra","Local Guide · 60 opiniones · 57 fotos","Hace un año","Mucha gente en horas laborables","","","Compartir","Me gusta"
"https://lh3.googleusercontent.com/a-/ALV-UjXk6Z7mS2hq5XeVcAFUZdsgh4VzWK3R7HG5JluNU0kNzS5-AN-TJQ=w45-h45-p-rp-mo-ba4-br100","Dany R.","Local Guide · 108 opiniones · 93 fotos","Hace 5 años","Horrible
Pésimo trato al visitante
No hay organización ni preocupación real por la salud.…","","","","Compartir"
"https://lh3.googleusercontent.com/a-/ALV-UjVC-OKUb1jh8NcL9HaIMQRFpjE2peaEQAc5PA8yhyUvuFxjIKFF=w45-h45-p-rp-mo-ba5-br100","Estefania IM","Local Guide · 310 opiniones · 382 fotos","Hace 4 años","Hay limpieza constante. En la sala de emergencias no hay control, un hombre escuchaba música a alto volumen y nadie le dijo nada hasta pasado muchísimos minutos.","","","Me gusta","Compartir"
"https://lh3.googleusercontent.com/a/ACg8ocIcz18nywWrHxKRBUHyGMew608VtW822DqnuCpizKceAb0veQ=w45-h45-p-rp-mo-ba3-br100","Diego Liguista","Local Guide · 97 opiniones · 2 fotos","Hace 2 años","Si bien sabemos que el IESS está colapsado y en problemas económicos debo decir que los médicos siempre me atienden de muy buena forma en el dispensario de Cotocollao.","","","Me gusta","Compartir"
"https://lh3.googleusercontent.com/a/ACg8ocKuy8nj3xFiPen2aTXMXrN4fttjIQFh1Msd6QTp7q-7tLFGuw=w45-h45-p-rp-mo-br100","Mabel Paredes","2 opiniones","Hace un año","TIENE UN NUMERO TELEFONICO Y SUS EXTENSIONES Y NO CONTESTAN POR NADA DEL MUNDO ES UNA PASADERA DE TIEMPO. PONGAN NUMEROS Q SI CONTESTEN GRACIAS","","","Me gusta","Compartir"
"https://lh3.googleusercontent.com/a-/ALV-UjXCbI8bvoC-HU5DWbIESXw9mvctFEJEBdaoO--6KbzjYNXT-cVH=w45-h45-p-rp-mo-ba3-br100","Geovanny Patricio Salazar Navarrete","Local Guide · 24 opiniones · 63 fotos","Hace 3 años","Atención buena para lo que yo necesito","","","Compartir","Me gusta"
"https://lh3.googleusercontent.com/a/ACg8ocJFqBv4Y7Ki0xSQDshNW5mpVXU3qaZ5UtLjinDDfgJrijHyIA=w45-h45-p-rp-mo-br100","Ivan Urresta","1 opinión","Hace 8 años","Hace unos meses atrás me hice atender por un  problema de salud la atención fue muy buena espero sigan adelante","","","","Compartir"
"https://lh3.googleusercontent.com/a-/ALV-UjUY9dxQnSxaP59dOth5qRx_B9tA6pL-2NNuGnCyZzDkR5XirawuvA=w45-h45-p-rp-mo-br100","Duberling","6 opiniones","Hace un año","Pésimo servicio, prendidas en el teléfono en horario laboral y en emergencia","","","Me gusta","Compartir"
"https://lh3.googleusercontent.com/a-/ALV-UjUSSvZWO_lVVNjdQrXicHp_gqUNkxfMiav9NpK2Hv_Z0_BdRAm9=w45-h45-p-rp-mo-ba3-br100","Antonio Estuardo Tapia Guillen","Local Guide · 62 opiniones","Hace 9 meses","Mejorar la agilidad en la atención y en todo el servicio en general","","","Me gusta","Compartir"
"https://lh3.googleusercontent.com/a-/ALV-UjUjoJ4DEi-flnbnfoRSLsqaBT9K5duGh71HkdGgE8DTjCDbr08T=w45-h45-p-rp-mo-br100","PELUCHES GIGANTES ECUADOR","4 opiniones · 2 fotos","Hace 2 años","Están enviando a hacer pruebas de covid particularmente... Dicen que no tienen y toca pagar por hacerse una prueba particularmente. La pregunta es, para que se paga al seguro?","","","Me gusta","Compartir"
"https://lh3.googleusercontent.com/a/ACg8ocIuZklLc_Mt2G4WN_MntV6nffyYQ94YfT40j10nW8x5WG4gyQ=w45-h45-p-rp-mo-ba2-br100","MARCOS RAMOZ","Local Guide · 2 opiniones","Hace 10 meses","Hay que trabajar en la atención por parte del personal y médicos","","","Me gusta","Compartir"
"https://lh3.googleusercontent.com/a-/ALV-UjVg9mHh46Re8x_XyiVkRMLfjWEEQaWPRWJScpqBvyxBEQIzR6Cx=w45-h45-p-rp-mo-br100","Daniela Galvis Correa","5 opiniones","Hace 5 años","Les haces falta tener un poco de mejor servicio al cliente en especial a las enfermeras de los signos vitales en el segundo piso, deberían tener un poco de ética y hacer su trabajo con gusto, al fin y al cabo no es de gratis que lo hacen","","","","Compartir"
"https://lh3.googleusercontent.com/a/ACg8ocJJoaI8zDVJAexzvawJ8X0GAb27vIX0ymj6zudR-9wfIUP-ysIU=w45-h45-p-rp-mo-ba4-br100","Francisco Soto","Local Guide · 87 opiniones · 637 fotos","Hace un año","Llegue con un malestar bien grave, y me han derivado a todos los especialistas y exámenes respectivos","","","Me gusta","Compartir"
"https://lh3.googleusercontent.com/a/ACg8ocLsByK_ZtXg1er7yybDw-LycjhAZrIlRXyZsyLqduethA2vyw=w45-h45-p-rp-mo-ba4-br100","Patricio Tamayo","Local Guide · 218 opiniones · 1 foto","Hace un año","Es un centro médico muy práctico cada vez que tengo una emergencia acudo a éste centro médico","","","","Compartir"
"https://lh3.googleusercontent.com/a-/ALV-UjWqNcM_zRK1uR5XO1TVy2_iXCqbqpPkZvhGPnjAsyfkjs5qDMUk=w45-h45-p-rp-mo-ba3-br100","Paola Pazmino","Local Guide · 64 opiniones · 10 fotos","Hace un año","Para ser atendido hay que esperar mucho tiempo","","","Me gusta","Compartir"
"https://lh3.googleusercontent.com/a-/ALV-UjUekiaa-WX59C3bZDGy5vz97pOZquj_ob7NeI9uwANNxH0Y0vs=w45-h45-p-rp-mo-br100","anto teheran","4 opiniones","Hace 2 años","La señora que atiende en el área de mamografia le falta ser más comunicativa, explicar como es el proceso.","","","Me gusta","Compartir"
"https://lh3.googleusercontent.com/a-/ALV-UjXZLgEBwMptNW2mp2jpu5LHmzdpw0A5czVKt1fllRXW5w54AzQ=w45-h45-p-rp-mo-br100","NESTOR VICENTE MAYA VIVAR","1 opinión","Hace 4 años","Felicito y agradezco la atención oportuna recibida el día hoy.  Al médico traumatólogo agradezco por su profesionalismo y buen trato.","","","","Compartir"
"https://lh3.googleusercontent.com/a-/ALV-UjUMI6w7q7XzvUtgX4OCn0L9AHWmaZfAockwAZBzVMu2zo6FzmM=w45-h45-p-rp-mo-br100","Mishell Penafiel","2 opiniones · 2 fotos","Hace un mes","Pésima atención","","","Me gusta","Compartir"
"https://lh3.googleusercontent.com/a-/ALV-UjWekrTy-zWKzsy5q-407aCBi08THyCNrGRp3Wmr69KgtXd1TQtjGg=w45-h45-p-rp-mo-ba4-br100","Paulina","Local Guide · 116 opiniones · 46 fotos","Hace 2 años","Trato considerado y ni se diga la médica neuróloga Dra. Alvarez, gran profesional.","","","","Compartir"
"https://lh3.googleusercontent.com/a-/ALV-UjXN8eN3VBVe3en_kaL2VBKA9W_TlhbjZOutkaOYqv91EmDznFPkTg=w45-h45-p-rp-mo-ba4-br100","MERCY LÓPEZ","Local Guide · 169 opiniones · 63 fotos","Hace 3 años","Son muy atentos con sus pacientes, los médicos cumplen con las necesidades de cada paciente......","","","Me gusta","Compartir"
"https://lh3.googleusercontent.com/a-/ALV-UjUFXDwsGbPSNJgi0hS5UpfNPBrU0OKJRrjy2MoHFqQnJaDv_1y-fQ=w45-h45-p-rp-mo-ba4-br100","July Veronik","Local Guide · 44 opiniones · 391 fotos","Hace 3 años","La atención fue rápida, no hay mucha gente, lugar limpio y ordenado.","","","Me gusta","Compartir"
"https://lh3.googleusercontent.com/a-/ALV-UjU-fwxBFG_sbl4O_vCG9h-XxgNtzTsWBe10pSiRaek7A7LZhck=w45-h45-p-rp-mo-ba2-br100","edisson leonardo L7","Local Guide · 4 opiniones","Hace un año","Hay que esperar mucho tiempo para que atiendan a una persona","","","Me gusta","Compartir"
"https://lh3.googleusercontent.com/a-/ALV-UjWzvX8x-OOptbjnZPCMaaX3g5NBtwtXE2PpKPjuj-dhuPqwYE-uJA=w45-h45-p-rp-mo-ba5-br100","daniela sanchez","Local Guide · 278 opiniones · 168 fotos","Hace 5 años","Un centro bastante organizado, limpio, iluminado, bonito, muy buena atención de Medicos y Enfermeras.","","","","Compartir"
"https://lh3.googleusercontent.com/a/ACg8ocITEsSR_CaF25RjTG3ikZPu1Zw3ShieKlotwOniGmYvO9Q2_a0=w45-h45-p-rp-mo-ba3-br100","Santiago Flores M.","Local Guide · 63 opiniones · 40 fotos","Hace 7 años","La atención del Dispensario IESS es muy buena claro que hay que seguir mejorando en la atención por la gran demanda de usuarios.","","","Me gusta","Compartir"
"https://lh3.googleusercontent.com/a-/ALV-UjW7c6YIHnlvtsb4o-UVDdbn1rSifP1LKS0Wyt1H5SEbWXbZ2xve=w45-h45-p-rp-mo-ba3-br100","Yesenia Mendoza","Local Guide · 39 opiniones","Hace 3 años","No es un sitio muy seguro para pasientes sin covit
mas es en el area de rayos X todos mesclados","","","","Compartir"
"https://lh3.googleusercontent.com/a/ACg8ocKKVXr5hQDAQvViEtBDF8WPKTGPZqdyvXydvuLrFvjqMO_tVA=w45-h45-p-rp-mo-ba4-br100","Jose De La Torre","Local Guide · 30 opiniones · 71 fotos","Hace 4 años","Es un pésimo servicio, tres horas de espera para que vuelvan a repetir la medicación que ya se estaba tomando y no hacía efecto.","","","Me gusta","Compartir"
"https://lh3.googleusercontent.com/a-/ALV-UjXiStO_asO-AsIXDz8UGynB9mvTBMMqLrwiX6GFPYSV38izZBgaiA=w45-h45-p-rp-mo-ba5-br100","Jimmy Fabien Brito Cortez","Local Guide · 438 opiniones · 737 fotos","Hace un año","Pesimo servicio a los pacientes","","","Me gusta","Compartir"
"https://lh3.googleusercontent.com/a-/ALV-UjVcG3GlYXXp6mwBnb_oFpxcZiWjXiaMW_MMV3A7mnac7bKzZTyJ7Q=w45-h45-p-rp-mo-ba5-br100","eduardo medina","Local Guide · 371 opiniones · 489 fotos","Hace 3 años","Carece de muchas cosas para ser un buen servicio entre ellas la agilidad y buen trato","","","Me gusta","Compartir"
"https://lh3.googleusercontent.com/a-/ALV-UjX-Ddgt9K69nZoEZuTLeDF4xoxQUDW2X1_FdL-JsqW4vPjl5J8gxQ=w45-h45-p-rp-mo-ba4-br100","Arturo Santos","Local Guide · 74 opiniones · 104 fotos","Hace 2 años","Pésimo servicio 😡 de ciertos empleados y profesionales que no tienen criterio de servicio a la comunidad…","","","Me gusta","Compartir"
"https://lh3.googleusercontent.com/a-/ALV-UjXuPq7ljkREKjblDEnuFR8_KwUjjU9JvBVYuNu0tJPUcg83Vz0lQA=w45-h45-p-rp-mo-ba3-br100","Tyrone Macías","Local Guide · 32 opiniones · 17 fotos","Hace 11 meses","Por la tarde es mejor la atención que en la mañana","","","Me gusta","Compartir"
"https://lh3.googleusercontent.com/a-/ALV-UjULE0vXeDgUaWalWQ2V2X7qHaGBExNJqOcEJyB1kGFbvWhJvOwshw=w45-h45-p-rp-mo-ba4-br100","Randy Granda","Local Guide · 180 opiniones · 45 fotos","Hace 2 años","El servicio es para asegurados, es necesario esperar para ser atendido","","","Me gusta","Compartir"
"https://lh3.googleusercontent.com/a-/ALV-UjVKjMeGoLsRKc5qfVo65BUWB3M9qxz4bfj7v99PsiERJZ1lS9m8=w45-h45-p-rp-mo-ba4-br100","George Leines","Local Guide · 171 opiniones · 1 foto","Hace 7 años","Recibí atención oportuna en el área de emergencias con personal capacitado y amable.","","","","Compartir"
"https://lh3.googleusercontent.com/a-/ALV-UjXY4BZtKWAnZhtg9gIyRUKMUOf0kYaBsOzA8IfdJD_9uDpk4-lS=w45-h45-p-rp-mo-ba4-br100","Wladimir Hidalgo","Local Guide · 106 opiniones · 5 fotos","Hace un año","No hay atención diferenciada para la tercera edad","","","Me gusta","Compartir"
"https://lh3.googleusercontent.com/a-/ALV-UjXGPezS7iDQ3Jo6m_QcDKRnM8kGCvKl0qsOZ--JZH7LE4G2p_oE=w45-h45-p-rp-mo-ba4-br100","Fernando Rafael Vargas Villacis","Local Guide · 134 opiniones · 21 fotos","Hace 10 meses","Todo ok","","","Me gusta","Compartir"
"https://lh3.googleusercontent.com/a/ACg8ocK9v_Al4TYUW30E7--L_0kyTbbBGHsrYvAtkMqIk6jBo7uZOg=w45-h45-p-rp-mo-br100","Verónica Garcia","9 opiniones · 1 foto","Hace un año","Pésima atención a los asegurados y jubilados","","","Me gusta","Compartir"
"https://lh3.googleusercontent.com/a-/ALV-UjXliXMPr_rN1_M77QHDJfiSJaeQSMLsuU3Raird8Ij_1gJryRiN=w45-h45-p-rp-mo-ba2-br100","Juan Carlos Malán Padilla","Local Guide · 37 opiniones · 4 fotos","Hace 5 años","Muy buena la atención.
El gps me llevo sin contratiempos.","","","","Compartir"
"https://lh3.googleusercontent.com/a-/ALV-UjWHUZLm28TkCKZnUF_qEhOXYZuOEXbMbFQX1FEqJ0pn-kWziVHP_g=w45-h45-p-rp-mo-ba3-br100","Emily Garzon","Local Guide · 30 opiniones · 1 foto","Hace un año","Mucha gente y pésima atención","","","Me gusta","Compartir"
"https://lh3.googleusercontent.com/a-/ALV-UjXDaR4HNiDukNMEQpJIUV5TLcheUXFhV__HDWvoAtTglnYgEh6D=w45-h45-p-rp-mo-ba4-br100","Woody GREECK","Local Guide · 45 opiniones · 64 fotos","Hace 3 años","Se demoran un poco en atenderte pero es debido a la cantidad de gente..","","","Me gusta","Compartir"
"https://lh3.googleusercontent.com/a-/ALV-UjXRVioIGQmSJFMse7pCn4HvMhobdzi4aKjDne61lSSRiYzjqyix9w=w45-h45-p-rp-mo-ba3-br100","Josse Cedeño","Local Guide · 48 opiniones · 30 fotos","Hace un año","Buen lugar, solo necesita más agilidad","","","Me gusta","Compartir"
"https://lh3.googleusercontent.com/a-/ALV-UjU-5h4L_pn_anCmSqJVfrRZrYJ8yP8GktVwqliwAAm8bvS7ixQE=w45-h45-p-rp-mo-ba4-br100","Gloria Ortiz","Local Guide · 107 opiniones · 1 foto","Hace 2 años","Es muy desorganizado y las personas que están en atención al cliente son déspotas...","","","Me gusta","Compartir"
"https://lh3.googleusercontent.com/a/ACg8ocKFZN42z94nLHX-sZAjLELQXwNnd7tYsptLXETGQCTV7MrVaw=w45-h45-p-rp-mo-br100","Elena Benalcazar","11 opiniones","Hace 11 meses","Lindo lugar muy especial","","","Me gusta","Compartir"
"https://lh3.googleusercontent.com/a-/ALV-UjUbbIOzB6uQD9hSA8ADVrASmYH0SWdxNtpcMJW9y77scChPkIGM=w45-h45-p-rp-mo-ba2-br100","Jonatan Sanchez","Local Guide · 16 opiniones · 2 fotos","Hace 6 meses","Buena atencion","","","Me gusta","Compartir"
"https://lh3.googleusercontent.com/a-/ALV-UjU7yLGC5NVkJ9fvJsjdFyWljqhm6FC-bZ_uKP8b-XJUBpeckYxjvw=w45-h45-p-rp-mo-ba4-br100","Eduardo Paez","Local Guide · 148 opiniones · 16 fotos","Hace un año","Atención muy estropeada y lenta 🐢…","","","Me gusta","Compartir"
"https://lh3.googleusercontent.com/a/ACg8ocLSkZee0kmZDs_nVjTNfgfBlj4iPeIwI7bAL-aXrpkHf0KYug=w45-h45-p-rp-mo-ba3-br100","Jose Suntaxi","Local Guide · 50 opiniones · 2 fotos","Hace 3 años","Como siempre en la mayoria de instituciones, nunca contestan una llamada.","","","Me gusta","Compartir"
"https://lh3.googleusercontent.com/a/ACg8ocJpgOXtt4YGMZiAfG48SN5Q3YaY_K8fBMsKusk5aP4qn0OSAbha=w45-h45-p-rp-mo-ba4-br100","Narcisa Ortiz","Local Guide · 8 opiniones · 265 fotos","Hace 3 años","La atención muy buena, hay de toda especialudad","","","Me gusta","Compartir"
"https://lh3.googleusercontent.com/a-/ALV-UjUrYXX4CNOah_DbIp5ZJsupQImCvfXPZAPzQBHvnX-DyupckJPM=w45-h45-p-rp-mo-ba4-br100","SOUL HEALING YFC","Local Guide · 75 opiniones · 14 fotos","Hace 2 años","Excelentes profesionales de la salud, especialmente el área de neurología y OFTALMOLOGÍA.","","","Me gusta","Compartir"
"https://lh3.googleusercontent.com/a-/ALV-UjUfjinfA64kXs99tMZB2L7xJnPG-Up07sM8viy47sCnwQ0ofHw=w45-h45-p-rp-mo-ba4-br100","Andrés Quinga Quishpe","Local Guide · 218 opiniones · 44 fotos","Hace un año","Buena atención de la mayoría de personas.","","","Me gusta","Compartir"
"https://lh3.googleusercontent.com/a-/ALV-UjUlV5lgdwih7TeB_9g2FTn2imxwjRf3h5UsPn9UhMH505KTTK6Wuw=w45-h45-p-rp-mo-ba5-br100","Johnn García","Local Guide · 105 opiniones · 25 fotos","Hace un año","buena atención del personal médico","","","Me gusta","Compartir"
"https://lh3.googleusercontent.com/a/ACg8ocKNZd83wuyKWdoSPj6OWlI5rYmHAcvfcZnHvw5AA-82izaoJA=w45-h45-p-rp-mo-ba4-br100","melissa cárdenas","Local Guide · 99 opiniones · 14 fotos","Hace 3 años","Muy rápida la atención el personal amable","","","","Compartir"
"https://lh3.googleusercontent.com/a/ACg8ocInoZr5-a2BwUJuJ0f8Xi_BkI8ThGiNhDUo2fTSobQifZh9=w45-h45-p-rp-mo-ba4-br100","Luis Espin","Local Guide · 153 opiniones · 21 fotos","Hace 2 años","No tuve ningún problema en la atención","","","","Compartir"
"https://lh3.googleusercontent.com/a-/ALV-UjXlekIhw78fArqm_QlmCk1jNbbAPi7aIT7wN1KsO6ipxlTcHKsn=w45-h45-p-rp-mo-ba3-br100","andres fernando","Local Guide · 22 opiniones · 52 fotos","Hace 2 años","Un buen trato para los afiliados","","","","Compartir"
"https://lh3.googleusercontent.com/a-/ALV-UjVTXSHpgayFJrOsITLrtH2-SDyYyQ3g6CznG08TJcFaumaE9Cz0-g=w45-h45-p-rp-mo-br100","PROFESOR YT","1 opinión","Hace 5 años","Hoy fui por que estaba bien drogado y quería conocer cotocallados","","","","Compartir"
"https://lh3.googleusercontent.com/a-/ALV-UjWjNpIGvfvvYTLcDYgvm3reLfQHd4qpO1ZpOq-tidiZia3QgS_bzA=w45-h45-p-rp-mo-ba5-br100","Felix Bone","Local Guide · 193 opiniones · 273 fotos","Hace un año","La atención les falta mejorar.","","","Me gusta","Compartir"
"https://lh3.googleusercontent.com/a-/ALV-UjUT5_CQVUHs7Ms1h9oJCocIZ_u3vrWsLCE8JJr-YxPhtJ4UsAGn=w45-h45-p-rp-mo-ba5-br100","EDGAR RICARDO VACA VEGA","Local Guide · 162 opiniones · 405 fotos","Hace 7 meses","Bien","","","Me gusta","Compartir"
"https://lh3.googleusercontent.com/a-/ALV-UjWkoz8x9DlJjZ2yuP0rJBu-D7G-6pXT4dn4YVvxtCi1b25UCS8m=w45-h45-p-rp-mo-ba3-br100","Diego Sánchez (Carlitos)","Local Guide · 72 opiniones · 4 fotos","Hace un año","Abandonado por no haber medicinas, lo demás como siempre","","","Me gusta","Compartir"
"https://lh3.googleusercontent.com/a-/ALV-UjWNKLIbB8wAQDncaltI7g2iUWjsjpzabyBdAXzNBwpg6Xx3b7vnRA=w45-h45-p-rp-mo-ba3-br100","David Benavides","Local Guide · 16 opiniones · 116 fotos","Hace 2 años","Pésimo actuar con las personas que necesitan información pésimo servicio","","","Me gusta","Compartir"
"https://lh3.googleusercontent.com/a-/ALV-UjXzGb7n6-qCWkZoMK3rKaVXkPTL_fNvyYH8eyNyAVkTwpSlzHyk=w45-h45-p-rp-mo-ba4-br100","Alex Escobar","Local Guide · 49 opiniones · 293 fotos","Hace 2 años","Pésima  atención del guardia malcriado","","","Me gusta","Compartir"
"https://lh3.googleusercontent.com/a-/ALV-UjW1X4Nqr19w2uDI0d_yyRrx31kf7N5K83uKtdybE2pcdWpmS4Ud=w45-h45-p-rp-mo-br100","Edu","1 opinión · 8 fotos","Hace 3 años","Excelente atención  sin ningún contratiempo","","","Me gusta","Compartir"
"https://lh3.googleusercontent.com/a-/ALV-UjXYtUSbX7Y6nKUlXA_v8YE3jHzDLqMASORNjFEKMJJzbMVwhXlMiw=w45-h45-p-rp-mo-ba5-br100","GIGI 2877","Local Guide · 318 opiniones · 120 fotos","Hace 7 años","Falta mejorar la atención al público","","","Me gusta","Compartir"
"https://lh3.googleusercontent.com/a-/ALV-UjXMgIkyvyRoWeNYzZcToezDxdv5SFcxVLjGQlCvPegJbvNziJ2j=w45-h45-p-rp-mo-ba4-br100","Patty E.","Local Guide · 77 opiniones · 55 fotos","Hace un año","Atención muy retardada","","","Me gusta","Compartir"
"https://lh3.googleusercontent.com/a-/ALV-UjXSfd8WUFeOsMUIIE74Rq8ZbJnEVVeA_rEps6uHSf1SHmFx2ZyV=w45-h45-p-rp-mo-ba3-br100","Gustavo Guerrero","Local Guide · 23 opiniones · 5 fotos","Hace 10 meses","Excelente atención.","","","Me gusta","Compartir"
"https://lh3.googleusercontent.com/a-/ALV-UjWse0jojQ-Dtik8sJEbQ4TZMRfxTSi9YVzCGU2RXqtrSx9EjrU=w45-h45-p-rp-mo-ba3-br100","MIGUEL NOMELI","Local Guide · 24 opiniones · 1 foto","Hace un año","Tiene que organizarse mejor","","","Me gusta","Compartir"
"https://lh3.googleusercontent.com/a/ACg8ocL1bvBOQd0fWoUwrqRXEvB_KUnpX--iror__HQMMwSrjaRVUg=w45-h45-p-rp-mo-ba4-br100","FERNANDO FUENTES","Local Guide · 41 opiniones · 17 fotos","Hace 3 años","Profesionalismo cordialidad de parte de traumatología","","","Me gusta","Compartir"
"https://lh3.googleusercontent.com/a-/ALV-UjW77oWgxz2v-T_pq0Fy2dFFrTRY8bRRUvK8wNQ1ePW1wXYhLC-r9A=w45-h45-p-rp-mo-ba4-br100","Miguel Espinosa","Local Guide · 100 opiniones · 348 fotos","Hace 3 años","Esta bien","","","Me gusta","Compartir"
"https://lh3.googleusercontent.com/a-/ALV-UjX_uVw0pzP291eowfuBahW7l4SFR5GjodiaLhQGgrKUQwx9Yjo0=w45-h45-p-rp-mo-ba6-br100","Fernando Raúl Peñafiel Barros","Local Guide · 622 opiniones · 304 fotos","Hace un año","Básico..","","","Me gusta","Compartir"
"https://lh3.googleusercontent.com/a-/ALV-UjWX4OGLKFuWV_tQKAcCYY0rn2-G-bPKxo3yVHhRvSPQQ0rLoWYKfA=w45-h45-p-rp-mo-br100","Marcelo Bedón","168 opiniones · 111 fotos","Hace 3 años","Muy buena la comida","","","","Compartir"
"https://lh3.googleusercontent.com/a/ACg8ocLyOzY8yVkbHZqNO-fIEgq9N3Sg8b30_aOvPvWGCirDOCpQSg=w45-h45-p-rp-mo-ba3-br100","marina aguilar","Local Guide · 10 opiniones","Hace 9 meses","Buena atención","","","Me gusta","Compartir"
"https://lh3.googleusercontent.com/a/ACg8ocKyun7BIQfYgVhQtNuZVkuV_abiRjkvUy750a-3wVpPA1PMEA=w45-h45-p-rp-mo-ba4-br100","José Rafael Sarmiento Gómez","Local Guide · 63 opiniones","Hace un año","Atención oportuna.","","","Me gusta","Compartir"
"https://lh3.googleusercontent.com/a-/ALV-UjUvQQit-uDnBSgcEJaohqPqb0Var0RPTMJMwx6AwZW42228CjrHvA=w45-h45-p-rp-mo-br100","NATALI ROBLES","11 opiniones","Hace 5 años","Atienden rápido.","","","Me gusta","Compartir"
"https://lh3.googleusercontent.com/a-/ALV-UjW1h-jHCTLEs6Si7qAOiv5IZManP01wqQKdl0J8j56BSl2N9XX88g=w45-h45-p-rp-mo-ba4-br100","José Luis Tequiz","Local Guide · 148 opiniones · 143 fotos","Hace un año","Lenta atención,,","","","Me gusta","Compartir"
"https://lh3.googleusercontent.com/a-/ALV-UjVdIfGI8gDD4fzvFIHNlPFdk-C6biqUG-RAv-qKT1qstqSLDgQX2Q=w45-h45-p-rp-mo-ba4-br100","Mary Mc","Local Guide · 260 opiniones · 83 fotos","Hace 4 años","No le pongo menos porque no hay","","","Me gusta","Compartir"
"https://lh3.googleusercontent.com/a-/ALV-UjWKITzNM-_nTRikkdDwdYEC7SMnKsr3zZ2jdiyIQ64_nQutU9C8=w45-h45-p-rp-mo-ba5-br100","nidio garcia","Local Guide · 326 opiniones · 119 fotos","Hace un año","Limpio","","","Me gusta","Compartir"
"https://lh3.googleusercontent.com/a-/ALV-UjWJup-fURWOaS8uqiaTkuKKiZqroLGiSKp4ATTlYOrscfgqNDtQ=w45-h45-p-rp-mo-ba3-br100","Mac Central","Local Guide · 45 opiniones","Hace 2 años","IESS al fin y al cabo...","","","Me gusta","Compartir"
"https://lh3.googleusercontent.com/a-/ALV-UjUWnBSXy1U_YQyTVdqmRzSxeC5fu-XT18yD0fvLpHCKfQJq53lI=w45-h45-p-rp-mo-ba3-br100","Edwin Flores","Local Guide · 26 opiniones · 4 fotos","Hace un año","Mala organización","","","Me gusta","Compartir"
"https://lh3.googleusercontent.com/a/ACg8ocK54kfn25egNKrBB2GLDrNtNT3sWpQEzM7XLd2qvpoHS7mdVg=w45-h45-p-rp-mo-ba5-br100","diego alejandro rivas","Local Guide · 361 opiniones · 69 fotos","Hace 3 años","Buen servicio","","","Me gusta","Compartir"
"https://lh3.googleusercontent.com/a-/ALV-UjXM9jSyP2KX6SLnET8zSteNv_UZOxW4ImrNzawUEe8vAF2ZWFK2=w45-h45-p-rp-mo-ba2-br100","Ivan Argoti","Local Guide · 12 opiniones · 3 fotos","Hace un año","Excelente atención","","","Me gusta","Compartir"
"https://lh3.googleusercontent.com/a-/ALV-UjUh28Id5Br0TNG4Tf67vZ5MgnIsHH2UnXZ9g5c6p58aPyvvAow=w45-h45-p-rp-mo-br100","alexsandra farinango","1 opinión","Hace 2 años","Excelente","","","Me gusta","Compartir"
"https://lh3.googleusercontent.com/a-/ALV-UjUsKktsPTslHXuW3hXFuhzKi7W4-6kaWx7b7z99wb5UfjVCV6FN_A=w45-h45-p-rp-mo-ba4-br100","Joffre Villmar","Local Guide · 50 opiniones · 5 fotos","Hace un año","Buena atención","","","Me gusta","Compartir"
"https://lh3.googleusercontent.com/a-/ALV-UjUD6XCyr1ZqZlzFHkYFzFGf5sF94nBYQyPJO-k1NZ7yJ9TfI9CU=w45-h45-p-rp-mo-ba4-br100","Omar Zambrano","Local Guide · 205 opiniones · 32 fotos","Hace un año","Buenos doctores","","","Me gusta","Compartir"
"https://lh3.googleusercontent.com/a-/ALV-UjWUeWYrIvIqWRriD6gzKIirj3Mpo63LtbRBMvwqy4sHV5g61eng_A=w45-h45-p-rp-mo-ba5-br100","Oswaldo Izquierdo","Local Guide · 345 opiniones · 174 fotos","Hace 3 años","rapido","","","Me gusta","Compartir"
"https://lh3.googleusercontent.com/a-/ALV-UjWU6FhPNtQBB2o6uvb8choI037y-hycMMbHWhc8xiIQTm47VjQ=w45-h45-p-rp-mo-ba3-br100","Jhoselyn Borja","Local Guide · 69 opiniones · 13 fotos","Hace 2 años","Mala atención","","","Me gusta","Compartir"
"https://lh3.googleusercontent.com/a-/ALV-UjXiGTEvugyqx7mhyhZK_CeRZ-5E2bSfxyiWmOs6QfDKtvmnJiA=w45-h45-p-rp-mo-br100","marko calle","1 opinión","Hace 7 años","Mas o menos","","","Me gusta","Compartir"
"https://lh3.googleusercontent.com/a-/ALV-UjVo52uFDXc1vDhJJWGGk1EMENuGVIo0Hds6rOWE_ja-VutBvCauHA=w45-h45-p-rp-mo-br100","Angel Arias","39 opiniones · 82 fotos","Hace 3 años","Mayor cuidado","","","Me gusta","Compartir"
"https://lh3.googleusercontent.com/a-/ALV-UjW9bPUZnGzClB_54DrdQUrMV1ssvf7_ERoTH0vaqCMb9vuUdMSOBw=w45-h45-p-rp-mo-ba6-br100","Byron Coronel","Local Guide · 318 opiniones · 2,572 fotos","Hace 6 años","Buen servicio","","","Me gusta","Compartir"
"https://lh3.googleusercontent.com/a-/ALV-UjWYxsJXIl0A9HMUdXdM977fnZLyvxxB7gQilF6rpM_UEvhL--uV=w45-h45-p-rp-mo-ba5-br100","José Salazar m","Local Guide · 242 opiniones · 263 fotos","Hace 2 años","Bien","","","Me gusta","Compartir"
"https://lh3.googleusercontent.com/a-/ALV-UjUEKftdL6sPxC_GMKRdEG7ZY5HwKtQcAa_o6DcS5BnoF1uQWrcI=w45-h45-p-rp-mo-ba3-br100","Maria Narvaez","Local Guide · 57 opiniones · 13 fotos","Hace 2 años","Excelente atención","","","Me gusta","Compartir"
"https://lh3.googleusercontent.com/a-/ALV-UjWWvU_QWrbGB0M81fyw36S30ZtT-v_O1eN89rK_7smqWJS0HT0=w45-h45-p-rp-mo-br100","Jaime Villegas","3 opiniones","Hace 3 días","Horrible cuidado, no atiende rápido, casi casi tienes que estar muerto para que te atiendan, no dan exámenes, no haces ni siquiera los exámenes pertinentes para dar un diagnóstico, terrible sitio.","","","Me gusta","Compartir"
"https://lh3.googleusercontent.com/a/ACg8ocKE2OG3PN-VGXpXVI6IBeM-Yp5_gg0Ag0w4MkJfXrzgg8uKew=w45-h45-p-rp-mo-ba3-br100","Cristobal Noguera E","Local Guide · 43 opiniones","Hace 6 años","Bien","","","Me gusta","Compartir"
"https://lh3.googleusercontent.com/a-/ALV-UjUVBUNDNgTxb9CuQsf6Od7GKmCeU8zAAtGY0LN1MYgIWjAjHDccXQ=w45-h45-p-rp-mo-ba4-br100","Caep English Center","Local Guide · 155 opiniones · 43 fotos","Hace un año","Es un buen centro de salud.","","","Me gusta","Compartir"
"https://lh3.googleusercontent.com/a-/ALV-UjXmYbHDT8ES0xiDGSZMGj-Ty-45RIzwEPnoBpfqGhSSl7wa3dw=w45-h45-p-rp-mo-ba3-br100","Jhonny Serrano","Local Guide · 36 opiniones · 22 fotos","Hace 4 años","Buena actitud 👍…","","","Me gusta","Compartir"
"https://lh3.googleusercontent.com/a-/ALV-UjUouFgu-BGgLjpoPa6_-ZAxl-ocUSsR97liJtm4yvFxaOs1_iQeVA=w45-h45-p-rp-mo-br100","Washington David Mendez Mendez","216 opiniones","Hace 6 años","mil millones","","","Me gusta","Compartir"
"https://lh3.googleusercontent.com/a/ACg8ocKG485iPbBQ1TDTf_KaUOMDpVB9-TztnOCrzlvaLWgLp43qyw=w45-h45-p-rp-mo-br100","Luis Chiriboga","","Hace 2 días","","","","",""
"https://lh3.googleusercontent.com/a/ACg8ocL0zalhDiO6N4LEOcL4HTfgLT-nmMEaiHns3mHAzlv1lGWwHQ=w45-h45-p-rp-mo-br100","Andrea Flores","","3 semanas atrás","","","","",""
"https://lh3.googleusercontent.com/a/ACg8ocKhUD_TujImdWCBHDmsHIK3Yav9Jr5PgN4_pNHmf-nYEnuILQ=w45-h45-p-rp-mo-ba6-br100","Ernesto Ruano","Local Guide · 15 opiniones · 3,496 fotos","Hace 6 meses","","","","",""
"https://lh3.googleusercontent.com/a-/ALV-UjWBpM5_MVyiC4MJgnEA8Dhzi7yzG6GZ1ZufGvSPcK-6t1pAjO4v=w45-h45-p-rp-mo-ba5-br100","Richy D","Local Guide · 236 opiniones · 160 fotos","Hace 6 meses","","","","",""
"https://lh3.googleusercontent.com/a-/ALV-UjWfVFKYJ-YCiOfamwXt5M4QS4cMpBgb_-uKeMnVe2Z4qdeVrGANqw=w45-h45-p-rp-mo-ba3-br100","Angie Novillo","Local Guide · 18 opiniones · 3 fotos","Hace 6 meses","","","","",""
"https://lh3.googleusercontent.com/a/ACg8ocJ0sHGIS2JNBeUCph5NUoxrHkb-yFy_wqgoFiN9k56afwUl8ogP=w45-h45-p-rp-mo-ba2-br100","DARIO XAVIER","Local Guide · 6 opiniones","Hace 7 meses","","","","",""
"https://lh3.googleusercontent.com/a-/ALV-UjVIbV7ux8FpFlr-sWmoYFZDgRlB225BvVJskzji5Imsjw95BE9rLg=w45-h45-p-rp-mo-ba2-br100","Gloryss Corozo","Local Guide · 14 opiniones · 3 fotos","Hace 11 meses","","","","",""
"https://lh3.googleusercontent.com/a/ACg8ocJKrW85XEAls3OzXGAoJsfD7ewnmQvGCf4Z2ml0JlUTIC7Zkg=w45-h45-p-rp-mo-br100","Not a Barcode","4 opiniones","Hace un año","","","","",""
"https://lh3.googleusercontent.com/a-/ALV-UjXh8_13ja6fm3ZuT2EQa7b7LBBurYxOtLtDTFT_deODyGApTY8=w45-h45-p-rp-mo-ba3-br100","Davicho Brito","Local Guide · 37 opiniones · 37 fotos","Hace un año","","","","",""
"https://lh3.googleusercontent.com/a-/ALV-UjUe9zHQ87xl_btKKEkj46c0yXA3Q3WI_7iABsGGWgKuHs1j1oS3=w45-h45-p-rp-mo-br100","Juan Espinosa","13 opiniones · 1 foto","Hace un año","","","","",""
"https://lh3.googleusercontent.com/a/ACg8ocLbVZsifAnxrXQqAn_zy5x2PuaeYNiPrQWhE9XDt8drn3AQbQ=w45-h45-p-rp-mo-ba5-br100","Wilson Rios","Local Guide · 170 opiniones · 19 fotos","Hace un año","","","","",""
"https://lh3.googleusercontent.com/a/ACg8ocKPXDqaTVLw-St3CrACw_mSqL8SRxXYV7phFuArMH3wL61JeA=w45-h45-p-rp-mo-br100","David Diaz","","Hace un año","","","","",""
"https://lh3.googleusercontent.com/a-/ALV-UjWQXDL2gEEtyqcMXxXtRkAafLjNFc6eEp3onXgZvepT1twbBnpMjw=w45-h45-p-rp-mo-br100","David Maldonado","6 opiniones · 6 fotos","Hace un año","","","","",""
"https://lh3.googleusercontent.com/a-/ALV-UjUUpa1od-QaSj13p0LVR8yZD6Yr43CXgzKDqZVX44wzvKbFcY6K=w45-h45-p-rp-mo-ba5-br100","Javier Vizcaino","Local Guide · 141 opiniones · 468 fotos","Hace un año","","","","",""
"https://lh3.googleusercontent.com/a-/ALV-UjVUyQwwwCqFPa6HOqDI7pbSssMv_gKwZ6qmWMDyqz04YPWK80K51Q=w45-h45-p-rp-mo-br100","Nadya Chauvin","1 opinión","Hace un año","","","","",""
"https://lh3.googleusercontent.com/a-/ALV-UjWrhi8Lh2txzsPZMCvXhR1dUuJd39bsbXfkZ8rZraKTARAVJfk=w45-h45-p-rp-mo-ba4-br100","Guillermo Villavicencio Alvear","Local Guide · 159 opiniones · 25 fotos","Hace un año","","","","",""
"https://lh3.googleusercontent.com/a-/ALV-UjXVG1evtuatBjs-m2aSXGgszd5TLzoK3nL1tWBpMgqqSXUYMg7eRQ=w45-h45-p-rp-mo-ba4-br100","Adrian Loya","Local Guide · 67 opiniones · 100 fotos","Hace un año","","","","",""
"https://lh3.googleusercontent.com/a-/ALV-UjVMoOBzJPWuzNms_etFPhldPrOQGiO9irYXD8KHOznPdBbD7ENG2A=w45-h45-p-rp-mo-ba2-br100","Fernando Recalde","Local Guide · 6 opiniones · 9 fotos","Hace un año","","","","",""
"https://lh3.googleusercontent.com/a-/ALV-UjVKj08BOvDJM4WdRXR6taCsKxVNHKdEynMyk-j2I0NzfVPSt5w=w45-h45-p-rp-mo-ba5-br100","Malincita Villagrán","Local Guide · 21 opiniones · 264 fotos","Hace un año","","","","",""
"https://lh3.googleusercontent.com/a-/ALV-UjXDmoFfJOptnKaKDpca_LhuZCNVvIdV_StbRuhGU2tznFjj5crxHw=w45-h45-p-rp-mo-br100","Karina Peñafiel","14 opiniones · 44 fotos","Hace un año","","","","",""
"https://lh3.googleusercontent.com/a-/ALV-UjUn-wr-qzvmWpX6WwLDm1EsUafbv5ymS36pSagbXMEgLqgvDwYi=w45-h45-p-rp-mo-ba4-br100","Carlos Cartagenova","Local Guide · 62 opiniones · 38 fotos","Hace un año","","","","",""
"https://lh3.googleusercontent.com/a-/ALV-UjVM26S2CwtlYMmmJrDVgiJMqerjDsOhGiKoyxEwe1pBSiNzNHs=w45-h45-p-rp-mo-ba3-br100","Marcelo Quiroz","Local Guide · 24 opiniones · 107 fotos","Hace un año","","","","",""
"https://lh3.googleusercontent.com/a-/ALV-UjW-uT5pxe5KBLZ6_4xgCmO6L8he_ifMAFcqpyjimgKK67fc0lSZag=w45-h45-p-rp-mo-ba3-br100","Samuel Galárraga Soria","Local Guide · 15 opiniones · 165 fotos","Hace un año","","","","",""
"https://lh3.googleusercontent.com/a-/ALV-UjXNfJezH23ALv2ESMtuYZXpPfkmlnQaLlcoSQWyD-uD_KAnXjphjw=w45-h45-p-rp-mo-ba5-br100","Jhonsaurio Jegs","Local Guide · 226 opiniones · 83 fotos","Hace un año","","","","",""
"https://lh3.googleusercontent.com/a/ACg8ocKZ4Wr9EBXmbC4cDdzbb5tWp-4mFEIP72bf2ZwOiFBREcekHw=w45-h45-p-rp-mo-ba4-br100","narciza perez","Local Guide · 3 opiniones","Hace un año","","","","",""
"https://lh3.googleusercontent.com/a-/ALV-UjU9lEY-WEB8Hqi5Udnh9ovlVB6zgmLbQB1QTB8No7j_DL0PONp_=w45-h45-p-rp-mo-ba4-br100","Galo Wladimir Bailón Carrera","Local Guide · 22 opiniones · 157 fotos","Hace un año","","","","",""
"https://lh3.googleusercontent.com/a/ACg8ocJYSJzfIrqov1zSwf0L06Iuqb-Blwjo7CQB-4RBMZ2Zd_kyBQ=w45-h45-p-rp-mo-ba3-br100","Juan Morales","Local Guide · 36 opiniones · 9 fotos","Hace un año","","","","",""
"https://lh3.googleusercontent.com/a-/ALV-UjXJbQ3fWH-YCkXKSJdrU8BhSCrTJlfBSbJwRiUkShwpqwlxJ9s=w45-h45-p-rp-mo-ba3-br100","David Cuesta","Local Guide","Hace un año","","","","",""
"https://lh3.googleusercontent.com/a/ACg8ocK-vg5VVQrbsgPi3RVLSaERcE6BMkaHNxroGJdm11YyAXaFpw=w45-h45-p-rp-mo-ba2-br100","jessica marquez","Local Guide · 11 opiniones · 4 fotos","Hace un año","","","","",""
"https://lh3.googleusercontent.com/a-/ALV-UjWaIPFzhNPpA5LgrjJ149o6lTuOgfac7z0o3oTMKXaEDReMilLKAg=w45-h45-p-rp-mo-ba4-br100","Pao Lafebre","Local Guide · 14 opiniones · 22 fotos","Hace un año","","","","",""
"https://lh3.googleusercontent.com/a/ACg8ocJtFCJcui7U6SZqMS2kpU-Sa3yPCxQAZXT5Va_7PC1kqKIHEg=w45-h45-p-rp-mo-ba3-br100","Monica Reyes Figuera","Local Guide · 29 opiniones · 2 fotos","Hace un año","","","","",""
"https://lh3.googleusercontent.com/a-/ALV-UjUvGFLio7Y0Rsl_DLXGdWzr7UAxLxYugaCIu0IWQImhdXZc6ukw=w45-h45-p-rp-mo-ba4-br100","Jose R","Local Guide · 45 opiniones · 27 fotos","Hace un año","","","","",""
"https://lh3.googleusercontent.com/a/ACg8ocKVvUMfV_ZI03xvjzTKMQhw2_HARH1JsZ9f0H4PdKJWpBDQ8A=w45-h45-p-rp-mo-ba4-br100","CAROLA ZAMBRANO","Local Guide · 48 opiniones · 30 fotos","Hace un año","","","","",""
"https://lh3.googleusercontent.com/a/ACg8ocLJx5PnbySeZfEMoD0sLD8AvKzc_d_qbQT55ohXMJw1iPrRlQ=w45-h45-p-rp-mo-ba3-br100","Miguel Daniel","Local Guide · 4 opiniones · 33 fotos","Hace un año","","","","",""
"https://lh3.googleusercontent.com/a-/ALV-UjUlgDLBuecwTBNqQ_4CjU5ZoP4H7hfTkZRyPKDbAmZIJ2wuiGC5=w45-h45-p-rp-mo-br100","Eduardo Bazurto","2 opiniones","Hace un año","","","","",""
"https://lh3.googleusercontent.com/a-/ALV-UjW2dbCZHu_4bD2Etl-rMzO3aoO6vJE4-o8myzlFeSthySBg0gsn9Q=w45-h45-p-rp-mo-ba3-br100","Di & Metal Marco Saavedra","Local Guide · 38 opiniones · 59 fotos","Hace un año","","","","",""
"https://lh3.googleusercontent.com/a/ACg8ocKK2lhATf8RxXS1L4olnnKkjrqGgQMf8jAdT8BwoxDbTIygfQ=w45-h45-p-rp-mo-br100","Cecibell Huilca","5 fotos","Hace un año","","","","",""
"https://lh3.googleusercontent.com/a-/ALV-UjX7Ae_bX8sn05xBx--m4swrkzHd1OGaCZ1vyD4VGSuiOYOTivkQ3g=w45-h45-p-rp-mo-br100","Llamuca Milan","4 opiniones","Hace 2 años","","","","",""
"https://lh3.googleusercontent.com/a-/ALV-UjWie913eycrWy0F8i7ILcdz0K2Mhk9fggsTTGOfFvk4FImITU4=w45-h45-p-rp-mo-ba5-br100","Silvy","Local Guide · 176 opiniones · 58 fotos","Hace 2 años","","","","",""
"https://lh3.googleusercontent.com/a/ACg8ocKHXIklx5I4MJzezmAKIsKeEFtbcQ_PfDNUXgSi8WhRaZ2rRQ=w45-h45-p-rp-mo-ba2-br100","John Alfredo Bedoya Mora","Local Guide · 1 opinión","Hace 2 años","","","","",""
"https://lh3.googleusercontent.com/a-/ALV-UjXmMqq7Bwr7GxdP0hhCpbXBPngVcI1uO41bCa1KZrQcInj74OY6HQ=w45-h45-p-rp-mo-ba4-br100","Santiago E. Paredes Castro","Local Guide · 32 opiniones · 16 fotos","Hace 2 años","","","","",""
"https://lh3.googleusercontent.com/a-/ALV-UjXJIuBI84Toy--UeDFIDCVTsT0EBRM4I8eIMR1hPCrfFVsSzacU=w45-h45-p-rp-mo-ba2-br100","Marizol Jara","Local Guide · 4 opiniones","Hace 2 años","","","","",""
"https://lh3.googleusercontent.com/a-/ALV-UjX8QgMc-ByNVN6gVsUZIJWGe4hBEY3-DYaMCCXDUificTThAPhX=w45-h45-p-rp-mo-ba3-br100","Monica De Herrera","Local Guide · 36 opiniones · 30 fotos","Hace 2 años","","","","",""
"https://lh3.googleusercontent.com/a-/ALV-UjUgCXA7J55UK4Xvbu86tlpr5crrvtk0nidY6bkifGZrO9aE95BH=w45-h45-p-rp-mo-br100","Wellington Navas","","Hace 3 años","","","","",""
"https://lh3.googleusercontent.com/a/ACg8ocL-n9Hd6_99XCs1qSDwHpW9XhV9eKfpPfuSdTip4iRBE2QQVg=w45-h45-p-rp-mo-br100","ab Maria Navarrete","","Hace 3 años","","","","",""
"https://lh3.googleusercontent.com/a-/ALV-UjVY4eLjB5mUx2YrOti-2HR4w_mznR0FEEGwZatk2PYyoBOItV9nTg=w45-h45-p-rp-mo-ba3-br100","Alexis Acosta","Local Guide · 54 fotos","Hace 3 años","","","","",""
"https://lh3.googleusercontent.com/a-/ALV-UjUQmbwFNdGRJwotVkmrgZCtLK2mS1aglJGmoojxPce1W1eISxeS=w45-h45-p-rp-mo-ba4-br100","Aníbal Castillo","Local Guide · 72 opiniones · 97 fotos","Hace 3 años","","","","",""
"https://lh3.googleusercontent.com/a-/ALV-UjXYOq820pco4zYAajZItD8_umb8F-OOfrZUqu2QuI9lGlfV-_anpQ=w45-h45-p-rp-mo-br100","Britany Chuma","","Hace 3 años","","","","",""
"https://lh3.googleusercontent.com/a/ACg8ocLsKcykERO26gn7Ri6FFFx-1mJvrm7RXBEnfgSPzLxWMF9oYQ=w45-h45-p-rp-mo-ba2-br100","Caverto Opucci","Local Guide · 19 opiniones · 14 fotos","Hace 3 años","","","","",""
"https://lh3.googleusercontent.com/a-/ALV-UjX6V7KyWg7__cR5Ta9g7e_QAAjAKYGtuAZ6lhDBhcStP9MtChn-dQ=w45-h45-p-rp-mo-ba2-br100","Paola Montenegro","Local Guide · 7 opiniones · 1 foto","Hace 3 años","","","","",""
"https://lh3.googleusercontent.com/a-/ALV-UjVkmWYemvaI8hxx_tnDKkdak6qdruqeFTjbOHI2siHW6jg7edAyTw=w45-h45-p-rp-mo-ba5-br100","Diego Espinoza (Xavico)","Local Guide · 175 opiniones · 121 fotos","Hace 3 años","","","","",""
"https://lh3.googleusercontent.com/a-/ALV-UjV1sIv6fiTz5F2tnKSL67-Gq6-r-Rl3E8euCO9Dcwp0mwfj9rs=w45-h45-p-rp-mo-ba5-br100","Jose Salazar","Local Guide · 417 opiniones · 402 fotos","Hace 3 años","","","","",""
"https://lh3.googleusercontent.com/a-/ALV-UjUwcbtpbsZOfZc4wbwuM-lcs0-rWt7i4hH7lS86W8-JPemxixNU=w45-h45-p-rp-mo-ba3-br100","maria cristina chida","Local Guide · 1 opinión · 61 fotos","Hace 3 años","","","","",""
"https://lh3.googleusercontent.com/a-/ALV-UjVr1vta0dHtybHUUNec7lbI3bmhG98PFzyN0azuBRKX-pQ4FZXt=w45-h45-p-rp-mo-br100","Karla Celi","","Hace 3 años","","","","",""
"https://lh3.googleusercontent.com/a/ACg8ocL1gJLSzPOGVwWuA26GIScHcBA6YGQqJ8gOlgNon1eUa-BmxQ=w45-h45-p-rp-mo-ba2-br100","Teresa Almeida","Local Guide · 2 opiniones · 2 fotos","Hace 3 años","","","","",""
"https://lh3.googleusercontent.com/a-/ALV-UjWYtsVL1TKzuHUdGVdWV-LiNf_vzZD88TGEBjBTUMpYXLlrw0Ts8A=w45-h45-p-rp-mo-br100","Ramiro. Vásquez","4 opiniones","Hace 4 años","","","","",""
"https://lh3.googleusercontent.com/a/ACg8ocKamMr9n1sVGCqx041YDpGmsnLTJAwAgzEZOgZY86rqDcGSeA=w45-h45-p-rp-mo-br100","luis Alban","","Hace 4 años","","","","",""
"https://lh3.googleusercontent.com/a-/ALV-UjX2E7CglzhCaEX6qDiQxrRUtElCDMw5cEnQhUiDR3RhJmFw7Yhz=w45-h45-p-rp-mo-ba4-br100","Raimundo Vasquez","Local Guide · 1 opinión · 39 fotos","Hace 4 años","","","","",""
"https://lh3.googleusercontent.com/a-/ALV-UjWkVrHIlxRqx50u5G6C-ugHPDSzB_EDb7JAWdPMXOdflfEJSFw8=w45-h45-p-rp-mo-ba3-br100","Victor Yanez","Local Guide · 7 opiniones · 218 fotos","Hace 4 años","","","","",""
"https://lh3.googleusercontent.com/a-/ALV-UjV26A3P_HYiD46S3abDBtS44EZ9YegUrHqR128DVd1wgtTPXUM=w45-h45-p-rp-mo-ba3-br100","Oswaldo López","Local Guide · 2 opiniones · 46 fotos","Hace 4 años","","","","",""
"https://lh3.googleusercontent.com/a-/ALV-UjV6xg4kNqKEVB8ZrqFgkf-aFWRgbJF7RUrCKGDHY6rvmHyxslZB=w45-h45-p-rp-mo-ba3-br100","Daisy Almeida","Local Guide","Hace 4 años","","","","",""
"https://lh3.googleusercontent.com/a/ACg8ocKBVPgW8n01vHDbdpT_FklWQftJWeeGY2Ta6WTqbqeOpUCcyA=w45-h45-p-rp-mo-ba5-br100","jose Cañizares","Local Guide · 92 opiniones · 322 fotos","Hace 4 años","","","","",""
"https://lh3.googleusercontent.com/a/ACg8ocI7sIxrEto4x_PKggp6LbWDgcaXv-eHoHgPVC4TGiyvauh-kA=w45-h45-p-rp-mo-br100","Fernando Paucar","","Hace 4 años","","","","",""
"https://lh3.googleusercontent.com/a-/ALV-UjXpcscby2ZEKFHgAS2AlNYfmSx4HChmt54Dnvr5KFnwX-UirtOk=w45-h45-p-rp-mo-ba5-br100","Javier Viteri","Local Guide · 87 opiniones · 723 fotos","Hace 4 años","","","","",""
"https://lh3.googleusercontent.com/a/ACg8ocKkbqNQfDx1TVnWto-lW1m1sq46yNDZnAJMrzOZQpDtz7dfdw=w45-h45-p-rp-mo-br100","janeth Echesi","","Hace 4 años","","","","",""
"https://lh3.googleusercontent.com/a/ACg8ocK1XO2B4c2aO0uLnT4RvUSlz2YV0fN3U_Yp8hKLm1RrBh3_Cg=w45-h45-p-rp-mo-ba5-br100","Wilo Jarrín","Local Guide · 109 opiniones · 1,474 fotos","Hace 4 años","","","","",""
"https://lh3.googleusercontent.com/a-/ALV-UjVHELi2HEOTH-seWy7evXgXdhqSEN54fwMIqx1gHEmX4zsVqlU=w45-h45-p-rp-mo-ba4-br100","Talia Acosta","Local Guide · 50 opiniones · 19 fotos","Hace 5 años","","","","",""
"https://lh3.googleusercontent.com/a/ACg8ocIV8GJkaLGMJf_1pvkdkoYHDSZZRDBs1OP_mmWE1H_UVs8vqw=w45-h45-p-rp-mo-br100","zoraida pantoja","2 opiniones","Hace 5 años","","","","",""
"https://lh3.googleusercontent.com/a/ACg8ocJeVxy1QipRD1rSZlDVMOJJK6nXz4RVw4mqP-MVhed3o9ok6w=w45-h45-p-rp-mo-br100","Luis Sangacha Aguilar","","Hace 7 años","","","","",""
"https://lh3.googleusercontent.com/a/ACg8ocKeSmPc7zNSBoFbJZVnHolipaGC8LfNr_3UnV7JA3XOcZpqgg=w45-h45-p-rp-mo-br100","Fernando Jaramillo","","Hace 7 años","","","","",""
"https://lh3.googleusercontent.com/a-/ALV-UjXNUY8gg6Q9CjTJVQu3L7jasH-R57BcbcIbCfdJNRk3dSNG3hTV=w45-h45-p-rp-mo-br100","minijol princesa","1 opinión · 3 fotos","Hace 7 años","","","","",""
"https://lh3.googleusercontent.com/a/ACg8ocJreAoz5xHSs6WGtwTXy3hfEgbfniy7LBIB67qLb-FWKe-aFA=w45-h45-p-rp-mo-ba2-br100","Hernando Valarezo","Local Guide · 8 opiniones · 6 fotos","Hace 8 años","","","","",""
"https://lh3.googleusercontent.com/a/ACg8ocJPW83Hz55TOi4Jvw83CFSrwtXlCIB4khqtoRlXsRDjnzolEw=w45-h45-p-rp-mo-br100","Juan Chillagana","","Hace 8 años","","","","",""
"https://lh3.googleusercontent.com/a/ACg8ocJZodXxv5I2LYd2fhD8uzr-b3FyW2eW_ix_D-5xx2ua-4r1PA=w45-h45-p-rp-mo-br100","Vivi Carrión","1 opinión","Hace 8 años","","","","",""
"https://lh3.googleusercontent.com/a-/ALV-UjV3DB9COvtnC_3nBTjWARYRyTRuQgOjAY8aqB1ZoocsFjebyi4gNQ=w45-h45-p-rp-mo-br100","Alejandro Negrete","5 fotos","Hace 8 años","","","","",""
"https://lh3.googleusercontent.com/a/ACg8ocKBAs_Tc-Szn233HSk02cj1tROTTVtqrQhFpT79-EXaMt5qeITf=w45-h45-p-rp-mo-ba3-br100","Raul Jose Duarte Vega","Local Guide · 30 opiniones · 63 fotos","Hace 8 años","","","","",""